Hour,Month,Hour_of_Day,Ambient_Temp_C,IT_Load_MW,Cooling_Load_MW,Gross_Load_CCHP_MW,Gross_Load_NoCCHP_MW
0,1,0,29.0,11.69,1.45,13.139,16.366
1,1,1,28.3,11.638,1.393,13.031,16.294
2,1,2,27.5,11.753,1.352,13.105,16.454
3,1,3,26.7,11.898,1.313,13.211,16.657
4,1,4,26.0,11.797,1.25,13.047,16.515
5,1,5,25.4,11.883,1.215,13.099,16.637
6,1,6,24.9,12.158,1.209,13.367,17.021
7,1,7,24.6,12.17,1.188,13.358,17.038
8,1,8,24.5,12.133,1.177,13.31,16.986
9,1,9,24.6,12.309,1.202,13.51,17.232
10,1,10,24.9,12.265,1.219,13.485,17.172
11,1,11,25.4,12.301,1.258,13.559,17.222
12,1,12,26.0,12.384,1.313,13.697,17.338
13,1,13,26.7,12.156,1.341,13.498,17.019
14,1,14,27.5,12.139,1.396,13.535,16.995
15,1,15,28.3,12.198,1.46,13.658,17.078
16,1,16,29.0,12.079,1.498,13.576,16.91
17,1,17,29.6,12.125,1.549,13.673,16.974
18,1,18,30.1,11.909,1.555,13.464,16.673
19,1,19,30.4,11.766,1.558,13.323,16.472
20,1,20,30.5,11.967,1.592,13.558,16.753
21,1,21,30.4,11.723,1.552,13.275,16.412
22,1,22,30.1,11.695,1.527,13.222,16.373
23,1,23,29.6,11.51,1.47,12.98,16.114
24,1,0,29.0,11.586,1.437,13.022,16.22
25,1,1,28.3,11.663,1.396,13.059,16.329
26,1,2,27.5,11.573,1.331,12.904,16.202
27,1,3,26.7,11.783,1.3,13.083,16.496
28,1,4,26.0,11.76,1.247,13.006,16.464
29,1,5,25.4,11.878,1.215,13.092,16.629
30,1,6,24.9,11.94,1.187,13.127,16.716
31,1,7,24.6,12.278,1.199,13.477,17.19
32,1,8,24.5,12.179,1.181,13.36,17.05
33,1,9,24.6,12.149,1.186,13.335,17.008
34,1,10,24.9,12.394,1.232,13.626,17.352
35,1,11,25.4,12.226,1.25,13.476,17.116
36,1,12,26.0,12.381,1.312,13.693,17.333
37,1,13,26.7,12.152,1.341,13.493,17.012
38,1,14,27.5,12.179,1.401,13.58,17.051
39,1,15,28.3,12.274,1.469,13.743,17.184
40,1,16,29.0,12.254,1.519,13.773,17.155
41,1,17,29.6,12.11,1.547,13.657,16.954
42,1,18,30.1,11.988,1.566,13.554,16.784
43,1,19,30.4,11.877,1.572,13.449,16.627
44,1,20,30.5,11.672,1.552,13.225,16.341
45,1,21,30.4,11.673,1.545,13.219,16.343
46,1,22,30.1,11.642,1.52,13.162,16.299
47,1,23,29.6,11.758,1.502,13.26,16.461
48,1,0,29.0,11.674,1.448,13.122,16.344
49,1,1,28.3,11.476,1.373,12.849,16.066
50,1,2,27.5,11.721,1.348,13.069,16.409
51,1,3,26.7,11.707,1.292,12.999,16.39
52,1,4,26.0,11.752,1.246,12.998,16.453
53,1,5,25.4,11.968,1.224,13.192,16.755
54,1,6,24.9,12.103,1.203,13.306,16.944
55,1,7,24.6,12.186,1.19,13.376,17.061
56,1,8,24.5,12.096,1.173,13.269,16.935
57,1,9,24.6,12.224,1.193,13.417,17.113
58,1,10,24.9,12.345,1.227,13.572,17.283
59,1,11,25.4,12.445,1.273,13.718,17.423
60,1,12,26.0,12.312,1.305,13.617,17.237
61,1,13,26.7,12.329,1.36,13.69,17.261
62,1,14,27.5,12.201,1.403,13.604,17.082
63,1,15,28.3,12.135,1.452,13.587,16.989
64,1,16,29.0,12.261,1.52,13.782,17.166
65,1,17,29.6,12.229,1.562,13.791,17.12
66,1,18,30.1,11.993,1.566,13.559,16.79
67,1,19,30.4,12.007,1.59,13.597,16.81
68,1,20,30.5,11.856,1.577,13.433,16.599
69,1,21,30.4,11.681,1.546,13.227,16.353
70,1,22,30.1,11.724,1.531,13.255,16.414
71,1,23,29.6,11.806,1.508,13.314,16.528
72,1,0,29.0,11.636,1.443,13.079,16.291
73,1,1,28.3,11.809,1.413,13.222,16.532
74,1,2,27.5,11.426,1.314,12.74,15.997
75,1,3,26.7,11.828,1.305,13.133,16.559
76,1,4,26.0,11.829,1.254,13.083,16.56
77,1,5,25.4,11.877,1.215,13.092,16.628
78,1,6,24.9,12.009,1.194,13.203,16.813
79,1,7,24.6,11.894,1.161,13.055,16.652
80,1,8,24.5,12.158,1.179,13.337,17.021
81,1,9,24.6,12.29,1.2,13.49,17.206
82,1,10,24.9,12.46,1.239,13.698,17.443
83,1,11,25.4,12.296,1.258,13.553,17.214
84,1,12,26.0,12.279,1.302,13.581,17.191
85,1,13,26.7,12.298,1.357,13.654,17.217
86,1,14,27.5,12.403,1.426,13.83,17.365
87,1,15,28.3,12.287,1.47,13.758,17.202
88,1,16,29.0,12.127,1.504,13.631,16.978
89,1,17,29.6,12.145,1.551,13.696,17.002
90,1,18,30.1,12.01,1.568,13.578,16.814
91,1,19,30.4,12.004,1.589,13.593,16.805
92,1,20,30.5,11.75,1.563,13.313,16.45
93,1,21,30.4,11.713,1.551,13.263,16.398
94,1,22,30.1,11.649,1.521,13.17,16.309
95,1,23,29.6,11.506,1.47,12.976,16.108
96,1,0,29.0,11.67,1.447,13.117,16.337
97,1,1,28.3,11.678,1.397,13.076,16.35
98,1,2,27.5,11.689,1.344,13.033,16.364
99,1,3,26.7,11.722,1.293,13.015,16.411
100,1,4,26.0,11.678,1.238,12.916,16.35
101,1,5,25.4,11.865,1.213,13.078,16.611
102,1,6,24.9,11.966,1.19,13.155,16.752
103,1,7,24.6,12.013,1.173,13.186,16.818
104,1,8,24.5,12.164,1.18,13.344,17.029
105,1,9,24.6,12.295,1.2,13.495,17.213
106,1,10,24.9,12.5,1.243,13.743,17.501
107,1,11,25.4,12.365,1.265,13.63,17.311
108,1,12,26.0,12.386,1.313,13.699,17.34
109,1,13,26.7,12.34,1.362,13.702,17.276
110,1,14,27.5,12.12,1.394,13.514,16.968
111,1,15,28.3,12.252,1.466,13.718,17.153
112,1,16,29.0,12.186,1.511,13.697,17.06
113,1,17,29.6,12.339,1.576,13.916,17.275
114,1,18,30.1,11.981,1.565,13.545,16.773
115,1,19,30.4,11.937,1.58,13.517,16.712
116,1,20,30.5,11.817,1.572,13.388,16.543
117,1,21,30.4,11.629,1.539,13.168,16.28
118,1,22,30.1,11.803,1.541,13.344,16.524
119,1,23,29.6,11.727,1.498,13.225,16.418
120,1,0,29.0,11.719,1.453,13.172,16.407
121,1,1,28.3,11.561,1.383,12.945,16.186
122,1,2,27.5,11.829,1.36,13.189,16.56
123,1,3,26.7,11.605,1.281,12.886,16.247
124,1,4,26.0,11.879,1.259,13.138,16.63
125,1,5,25.4,12.126,1.24,13.366,16.976
126,1,6,24.9,11.901,1.183,13.084,16.661
127,1,7,24.6,12.037,1.175,13.211,16.851
128,1,8,24.5,12.19,1.182,13.372,17.066
129,1,9,24.6,12.204,1.191,13.396,17.086
130,1,10,24.9,12.157,1.209,13.365,17.019
131,1,11,25.4,12.355,1.264,13.618,17.296
132,1,12,26.0,12.254,1.299,13.553,17.155
133,1,13,26.7,12.395,1.368,13.763,17.353
134,1,14,27.5,12.22,1.405,13.625,17.108
135,1,15,28.3,12.41,1.485,13.894,17.373
136,1,16,29.0,12.102,1.501,13.602,16.942
137,1,17,29.6,12.061,1.541,13.601,16.885
138,1,18,30.1,12.081,1.578,13.659,16.914
139,1,19,30.4,11.784,1.56,13.344,16.497
140,1,20,30.5,11.843,1.575,13.418,16.58
141,1,21,30.4,11.876,1.572,13.448,16.627
142,1,22,30.1,11.527,1.505,13.033,16.138
143,1,23,29.6,11.671,1.491,13.161,16.339
144,1,0,29.0,11.666,1.447,13.113,16.332
145,1,1,28.3,11.73,1.404,13.134,16.423
146,1,2,27.5,11.565,1.33,12.894,16.19
147,1,3,26.7,11.613,1.281,12.895,16.259
148,1,4,26.0,11.872,1.258,13.131,16.621
149,1,5,25.4,11.937,1.221,13.157,16.711
150,1,6,24.9,12.025,1.195,13.22,16.835
151,1,7,24.6,12.128,1.184,13.312,16.979
152,1,8,24.5,12.112,1.175,13.287,16.957
153,1,9,24.6,12.278,1.198,13.476,17.189
154,1,10,24.9,12.341,1.227,13.568,17.278
155,1,11,25.4,12.276,1.256,13.532,17.187
156,1,12,26.0,12.547,1.33,13.877,17.565
157,1,13,26.7,12.395,1.368,13.763,17.353
158,1,14,27.5,12.193,1.402,13.595,17.07
159,1,15,28.3,12.32,1.474,13.794,17.248
160,1,16,29.0,12.083,1.498,13.581,16.916
161,1,17,29.6,12.172,1.555,13.727,17.041
162,1,18,30.1,12.116,1.582,13.698,16.962
163,1,19,30.4,11.825,1.565,13.39,16.555
164,1,20,30.5,11.916,1.585,13.501,16.683
165,1,21,30.4,11.787,1.56,13.347,16.501
166,1,22,30.1,11.77,1.537,13.308,16.479
167,1,23,29.6,11.842,1.513,13.354,16.579
168,1,0,29.0,11.615,1.44,13.056,16.262
169,1,1,28.3,11.577,1.385,12.962,16.208
170,1,2,27.5,11.599,1.334,12.933,16.239
171,1,3,26.7,11.664,1.287,12.951,16.329
172,1,4,26.0,11.812,1.252,13.064,16.537
173,1,5,25.4,11.941,1.221,13.162,16.717
174,1,6,24.9,12.028,1.196,13.223,16.839
175,1,7,24.6,12.176,1.189,13.364,17.046
176,1,8,24.5,12.181,1.182,13.363,17.054
177,1,9,24.6,12.4,1.21,13.61,17.36
178,1,10,24.9,12.285,1.221,13.507,17.199
179,1,11,25.4,12.62,1.291,13.91,17.668
180,1,12,26.0,12.423,1.317,13.739,17.392
181,1,13,26.7,12.262,1.353,13.615,17.167
182,1,14,27.5,12.205,1.404,13.608,17.087
183,1,15,28.3,12.303,1.472,13.775,17.224
184,1,16,29.0,12.158,1.508,13.665,17.021
185,1,17,29.6,12.165,1.554,13.718,17.03
186,1,18,30.1,12.047,1.573,13.621,16.866
187,1,19,30.4,11.9,1.575,13.475,16.659
188,1,20,30.5,11.735,1.561,13.296,16.429
189,1,21,30.4,11.594,1.535,13.129,16.232
190,1,22,30.1,11.644,1.521,13.164,16.301
191,1,23,29.6,11.738,1.499,13.237,16.433
192,1,0,29.0,11.661,1.446,13.107,16.326
193,1,1,28.3,11.528,1.379,12.907,16.139
194,1,2,27.5,11.706,1.346,13.052,16.388
195,1,3,26.7,11.784,1.3,13.084,16.498
196,1,4,26.0,11.732,1.244,12.975,16.424
197,1,5,25.4,11.922,1.219,13.142,16.691
198,1,6,24.9,12.006,1.194,13.199,16.808
199,1,7,24.6,11.979,1.169,13.148,16.77
200,1,8,24.5,12.216,1.185,13.401,17.102
201,1,9,24.6,12.311,1.202,13.512,17.235
202,1,10,24.9,12.42,1.235,13.655,17.388
203,1,11,25.4,12.453,1.274,13.727,17.434
204,1,12,26.0,12.222,1.296,13.518,17.111
205,1,13,26.7,12.254,1.352,13.606,17.156
206,1,14,27.5,12.363,1.422,13.785,17.309
207,1,15,28.3,12.306,1.473,13.778,17.228
208,1,16,29.0,12.232,1.517,13.748,17.124
209,1,17,29.6,12.478,1.594,14.072,17.47
210,1,18,30.1,12.057,1.575,13.632,16.88
211,1,19,30.4,12.02,1.591,13.612,16.829
212,1,20,30.5,11.915,1.585,13.5,16.682
213,1,21,30.4,11.811,1.564,13.374,16.535
214,1,22,30.1,11.657,1.522,13.179,16.319
215,1,23,29.6,11.728,1.498,13.226,16.419
216,1,0,29.0,11.563,1.434,12.996,16.188
217,1,1,28.3,11.629,1.391,13.02,16.28
218,1,2,27.5,11.64,1.339,12.978,16.296
219,1,3,26.7,11.754,1.297,13.051,16.455
220,1,4,26.0,12.051,1.277,13.329,16.872
221,1,5,25.4,11.72,1.199,12.919,16.408
222,1,6,24.9,12.069,1.2,13.268,16.896
223,1,7,24.6,11.932,1.165,13.097,16.705
224,1,8,24.5,12.133,1.177,13.31,16.986
225,1,9,24.6,12.363,1.207,13.57,17.309
226,1,10,24.9,12.318,1.225,13.543,17.245
227,1,11,25.4,12.24,1.252,13.492,17.136
228,1,12,26.0,12.288,1.303,13.591,17.204
229,1,13,26.7,12.416,1.37,13.786,17.382
230,1,14,27.5,12.239,1.407,13.646,17.134
231,1,15,28.3,12.276,1.469,13.745,17.187
232,1,16,29.0,12.185,1.511,13.695,17.058
233,1,17,29.6,12.028,1.536,13.564,16.839
234,1,18,30.1,12.214,1.595,13.809,17.1
235,1,19,30.4,11.97,1.585,13.555,16.758
236,1,20,30.5,11.617,1.545,13.163,16.264
237,1,21,30.4,11.764,1.557,13.321,16.47
238,1,22,30.1,11.622,1.518,13.14,16.271
239,1,23,29.6,11.738,1.499,13.237,16.433
240,1,0,29.0,11.561,1.434,12.994,16.185
241,1,1,28.3,11.641,1.393,13.034,16.297
242,1,2,27.5,11.739,1.35,13.089,16.434
243,1,3,26.7,11.832,1.306,13.138,16.565
244,1,4,26.0,11.7,1.24,12.94,16.38
245,1,5,25.4,11.873,1.214,13.088,16.623
246,1,6,24.9,11.953,1.188,13.141,16.734
247,1,7,24.6,12.028,1.174,13.202,16.839
248,1,8,24.5,12.357,1.199,13.555,17.299
249,1,9,24.6,12.295,1.2,13.495,17.213
250,1,10,24.9,12.186,1.211,13.397,17.06
251,1,11,25.4,12.44,1.272,13.712,17.415
252,1,12,26.0,12.572,1.333,13.905,17.601
253,1,13,26.7,12.451,1.374,13.825,17.431
254,1,14,27.5,12.16,1.398,13.558,17.024
255,1,15,28.3,12.206,1.461,13.667,17.089
256,1,16,29.0,12.307,1.526,13.833,17.229
257,1,17,29.6,12.022,1.536,13.558,16.831
258,1,18,30.1,12.044,1.573,13.617,16.862
259,1,19,30.4,11.984,1.587,13.571,16.778
260,1,20,30.5,11.727,1.56,13.287,16.418
261,1,21,30.4,11.739,1.554,13.294,16.435
262,1,22,30.1,11.364,1.484,12.848,15.91
263,1,23,29.6,11.55,1.475,13.025,16.17
264,1,0,29.0,11.615,1.44,13.055,16.261
265,1,1,28.3,11.527,1.379,12.907,16.138
266,1,2,27.5,11.851,1.363,13.214,16.592
267,1,3,26.7,11.602,1.28,12.883,16.243
268,1,4,26.0,11.776,1.248,13.024,16.486
269,1,5,25.4,11.92,1.219,13.139,16.688
270,1,6,24.9,12.144,1.207,13.351,17.002
271,1,7,24.6,11.95,1.166,13.116,16.729
272,1,8,24.5,12.296,1.193,13.489,17.215
273,1,9,24.6,12.256,1.196,13.452,17.158
274,1,10,24.9,12.214,1.214,13.428,17.099
275,1,11,25.4,12.394,1.268,13.661,17.352
276,1,12,26.0,12.38,1.312,13.692,17.332
277,1,13,26.7,12.288,1.356,13.644,17.203
278,1,14,27.5,12.319,1.417,13.735,17.246
279,1,15,28.3,12.216,1.462,13.678,17.102
280,1,16,29.0,12.191,1.512,13.703,17.068
281,1,17,29.6,12.159,1.553,13.712,17.023
282,1,18,30.1,12.159,1.588,13.746,17.022
283,1,19,30.4,11.783,1.56,13.343,16.496
284,1,20,30.5,12.033,1.6,13.634,16.847
285,1,21,30.4,11.55,1.529,13.079,16.17
286,1,22,30.1,11.673,1.524,13.197,16.342
287,1,23,29.6,11.711,1.496,13.207,16.396
288,1,0,29.0,11.668,1.447,13.115,16.335
289,1,1,28.3,11.59,1.387,12.977,16.226
290,1,2,27.5,11.667,1.342,13.009,16.334
291,1,3,26.7,11.696,1.291,12.987,16.375
292,1,4,26.0,11.761,1.247,13.008,16.465
293,1,5,25.4,11.992,1.226,13.218,16.788
294,1,6,24.9,12.036,1.196,13.232,16.85
295,1,7,24.6,12.024,1.174,13.198,16.833
296,1,8,24.5,12.27,1.19,13.46,17.178
297,1,9,24.6,12.285,1.199,13.484,17.199
298,1,10,24.9,12.393,1.232,13.625,17.35
299,1,11,25.4,12.411,1.269,13.68,17.375
300,1,12,26.0,12.277,1.301,13.578,17.188
301,1,13,26.7,12.292,1.356,13.648,17.208
302,1,14,27.5,12.386,1.424,13.811,17.341
303,1,15,28.3,12.316,1.474,13.789,17.242
304,1,16,29.0,12.178,1.51,13.688,17.049
305,1,17,29.6,12.105,1.546,13.651,16.947
306,1,18,30.1,12.128,1.584,13.712,16.979
307,1,19,30.4,11.848,1.568,13.416,16.587
308,1,20,30.5,11.875,1.579,13.454,16.625
309,1,21,30.4,11.725,1.552,13.277,16.415
310,1,22,30.1,11.666,1.524,13.19,16.333
311,1,23,29.6,11.762,1.502,13.264,16.467
312,1,0,29.0,11.723,1.454,13.176,16.412
313,1,1,28.3,11.734,1.404,13.138,16.427
314,1,2,27.5,11.819,1.359,13.178,16.546
315,1,3,26.7,11.748,1.296,13.044,16.447
316,1,4,26.0,11.888,1.26,13.148,16.643
317,1,5,25.4,11.876,1.215,13.09,16.626
318,1,6,24.9,12.032,1.196,13.229,16.845
319,1,7,24.6,12.08,1.179,13.259,16.912
320,1,8,24.5,12.19,1.182,13.372,17.066
321,1,9,24.6,12.314,1.202,13.516,17.24
322,1,10,24.9,12.23,1.216,13.446,17.122
323,1,11,25.4,12.557,1.284,13.841,17.58
324,1,12,26.0,12.259,1.299,13.559,17.163
325,1,13,26.7,12.226,1.349,13.575,17.117
326,1,14,27.5,12.428,1.429,13.857,17.399
327,1,15,28.3,12.334,1.476,13.81,17.267
328,1,16,29.0,12.242,1.518,13.76,17.139
329,1,17,29.6,12.156,1.553,13.709,17.018
330,1,18,30.1,11.999,1.567,13.566,16.798
331,1,19,30.4,11.817,1.564,13.382,16.544
332,1,20,30.5,11.828,1.573,13.401,16.559
333,1,21,30.4,11.678,1.546,13.224,16.349
334,1,22,30.1,11.786,1.539,13.325,16.5
335,1,23,29.6,11.638,1.486,13.124,16.293
336,1,0,29.0,11.557,1.433,12.991,16.18
337,1,1,28.3,11.62,1.39,13.011,16.268
338,1,2,27.5,11.73,1.349,13.078,16.421
339,1,3,26.7,11.689,1.29,12.979,16.365
340,1,4,26.0,11.738,1.244,12.982,16.433
341,1,5,25.4,11.931,1.22,13.151,16.704
342,1,6,24.9,12.024,1.195,13.22,16.834
343,1,7,24.6,12.042,1.176,13.218,16.859
344,1,8,24.5,12.133,1.177,13.31,16.986
345,1,9,24.6,12.278,1.198,13.476,17.189
346,1,10,24.9,12.167,1.21,13.376,17.034
347,1,11,25.4,12.207,1.248,13.455,17.09
348,1,12,26.0,12.288,1.303,13.591,17.203
349,1,13,26.7,12.326,1.36,13.686,17.257
350,1,14,27.5,12.343,1.419,13.762,17.28
351,1,15,28.3,12.402,1.484,13.886,17.363
352,1,16,29.0,12.266,1.521,13.787,17.172
353,1,17,29.6,12.077,1.543,13.62,16.908
354,1,18,30.1,11.998,1.567,13.565,16.797
355,1,19,30.4,11.807,1.563,13.37,16.529
356,1,20,30.5,11.818,1.572,13.39,16.545
357,1,21,30.4,11.717,1.551,13.268,16.403
358,1,22,30.1,11.721,1.531,13.251,16.409
359,1,23,29.6,11.57,1.478,13.047,16.197
360,1,0,29.0,11.692,1.45,13.142,16.369
361,1,1,28.3,11.806,1.413,13.218,16.528
362,1,2,27.5,11.677,1.343,13.02,16.348
363,1,3,26.7,11.786,1.3,13.086,16.5
364,1,4,26.0,11.889,1.26,13.149,16.645
365,1,5,25.4,11.867,1.214,13.08,16.613
366,1,6,24.9,12.022,1.195,13.218,16.831
367,1,7,24.6,12.094,1.181,13.275,16.932
368,1,8,24.5,12.19,1.182,13.372,17.066
369,1,9,24.6,12.177,1.189,13.366,17.048
370,1,10,24.9,12.314,1.224,13.538,17.24
371,1,11,25.4,12.398,1.268,13.665,17.357
372,1,12,26.0,12.505,1.326,13.831,17.507
373,1,13,26.7,12.444,1.373,13.817,17.421
374,1,14,27.5,12.527,1.441,13.968,17.538
375,1,15,28.3,12.178,1.457,13.635,17.049
376,1,16,29.0,12.267,1.521,13.788,17.174
377,1,17,29.6,12.112,1.547,13.658,16.956
378,1,18,30.1,12.219,1.596,13.815,17.107
379,1,19,30.4,11.826,1.566,13.392,16.556
380,1,20,30.5,11.736,1.561,13.297,16.43
381,1,21,30.4,11.686,1.547,13.233,16.36
382,1,22,30.1,11.476,1.499,12.974,16.066
383,1,23,29.6,11.6,1.482,13.081,16.24
384,1,0,29.0,11.564,1.434,12.998,16.19
385,1,1,28.3,11.667,1.396,13.063,16.334
386,1,2,27.5,11.722,1.348,13.07,16.411
387,1,3,26.7,11.933,1.317,13.25,16.706
388,1,4,26.0,11.915,1.263,13.178,16.681
389,1,5,25.4,11.849,1.212,13.061,16.589
390,1,6,24.9,11.91,1.184,13.094,16.674
391,1,7,24.6,12.142,1.185,13.328,16.999
392,1,8,24.5,12.048,1.169,13.217,16.867
393,1,9,24.6,12.438,1.214,13.652,17.413
394,1,10,24.9,12.43,1.236,13.665,17.402
395,1,11,25.4,12.301,1.258,13.559,17.221
396,1,12,26.0,12.189,1.292,13.481,17.064
397,1,13,26.7,12.483,1.377,13.861,17.476
398,1,14,27.5,12.3,1.415,13.715,17.22
399,1,15,28.3,12.378,1.481,13.86,17.33
400,1,16,29.0,12.021,1.491,13.511,16.829
401,1,17,29.6,12.033,1.537,13.57,16.847
402,1,18,30.1,12.001,1.567,13.568,16.801
403,1,19,30.4,11.912,1.577,13.488,16.676
404,1,20,30.5,11.775,1.566,13.341,16.485
405,1,21,30.4,11.808,1.563,13.371,16.531
406,1,22,30.1,11.581,1.512,13.094,16.214
407,1,23,29.6,11.638,1.487,13.125,16.293
408,1,0,29.0,11.652,1.445,13.097,16.313
409,1,1,28.3,11.704,1.4,13.104,16.385
410,1,2,27.5,11.759,1.352,13.112,16.463
411,1,3,26.7,11.633,1.284,12.917,16.286
412,1,4,26.0,11.667,1.237,12.903,16.333
413,1,5,25.4,12.035,1.231,13.265,16.848
414,1,6,24.9,12.033,1.196,13.229,16.847
415,1,7,24.6,12.018,1.173,13.191,16.826
416,1,8,24.5,12.335,1.197,13.532,17.269
417,1,9,24.6,12.266,1.197,13.463,17.173
418,1,10,24.9,12.43,1.236,13.665,17.402
419,1,11,25.4,12.354,1.264,13.618,17.296
420,1,12,26.0,12.566,1.332,13.898,17.593
421,1,13,26.7,12.523,1.382,13.905,17.533
422,1,14,27.5,12.287,1.413,13.7,17.202
423,1,15,28.3,12.352,1.478,13.83,17.292
424,1,16,29.0,12.245,1.518,13.763,17.142
425,1,17,29.6,12.23,1.562,13.792,17.122
426,1,18,30.1,11.904,1.554,13.458,16.665
427,1,19,30.4,11.975,1.585,13.561,16.766
428,1,20,30.5,11.926,1.586,13.512,16.696
429,1,21,30.4,11.57,1.532,13.101,16.197
430,1,22,30.1,11.57,1.511,13.081,16.198
431,1,23,29.6,11.448,1.462,12.911,16.028
432,1,0,29.0,11.613,1.44,13.053,16.258
433,1,1,28.3,11.724,1.403,13.127,16.414
434,1,2,27.5,11.838,1.361,13.2,16.574
435,1,3,26.7,11.753,1.297,13.05,16.454
436,1,4,26.0,11.983,1.27,13.253,16.776
437,1,5,25.4,11.769,1.204,12.972,16.476
438,1,6,24.9,11.83,1.176,13.006,16.562
439,1,7,24.6,12.088,1.18,13.268,16.923
440,1,8,24.5,12.218,1.185,13.404,17.106
441,1,9,24.6,12.251,1.196,13.447,17.152
442,1,10,24.9,12.105,1.203,13.308,16.947
443,1,11,25.4,12.339,1.262,13.601,17.274
444,1,12,26.0,12.23,1.296,13.526,17.121
445,1,13,26.7,12.415,1.37,13.785,17.381
446,1,14,27.5,12.348,1.42,13.768,17.288
447,1,15,28.3,12.161,1.455,13.616,17.025
448,1,16,29.0,12.129,1.504,13.633,16.98
449,1,17,29.6,11.987,1.531,13.518,16.782
450,1,18,30.1,11.994,1.566,13.56,16.791
451,1,19,30.4,12.002,1.589,13.591,16.803
452,1,20,30.5,11.721,1.559,13.28,16.41
453,1,21,30.4,11.796,1.562,13.357,16.514
454,1,22,30.1,11.635,1.519,13.155,16.289
455,1,23,29.6,11.573,1.478,13.051,16.202
456,1,0,29.0,11.629,1.442,13.071,16.281
457,1,1,28.3,11.549,1.382,12.931,16.168
458,1,2,27.5,11.633,1.338,12.971,16.286
459,1,3,26.7,11.626,1.283,12.908,16.276
460,1,4,26.0,12.016,1.274,13.29,16.823
461,1,5,25.4,11.91,1.218,13.128,16.674
462,1,6,24.9,11.93,1.186,13.116,16.702
463,1,7,24.6,12.115,1.183,13.297,16.96
464,1,8,24.5,12.169,1.18,13.349,17.036
465,1,9,24.6,12.232,1.194,13.427,17.125
466,1,10,24.9,12.373,1.23,13.603,17.322
467,1,11,25.4,12.423,1.271,13.694,17.393
468,1,12,26.0,12.307,1.305,13.611,17.23
469,1,13,26.7,12.29,1.356,13.646,17.206
470,1,14,27.5,12.284,1.413,13.697,17.198
471,1,15,28.3,12.024,1.439,13.463,16.834
472,1,16,29.0,12.028,1.492,13.52,16.84
473,1,17,29.6,12.23,1.562,13.792,17.122
474,1,18,30.1,12.164,1.589,13.753,17.03
475,1,19,30.4,11.882,1.573,13.455,16.635
476,1,20,30.5,11.878,1.58,13.457,16.629
477,1,21,30.4,11.777,1.559,13.336,16.487
478,1,22,30.1,11.996,1.567,13.563,16.795
479,1,23,29.6,11.764,1.503,13.267,16.47
480,1,0,29.0,11.627,1.442,13.069,16.278
481,1,1,28.3,11.557,1.383,12.94,16.179
482,1,2,27.5,11.528,1.326,12.853,16.139
483,1,3,26.7,11.766,1.298,13.064,16.472
484,1,4,26.0,11.744,1.245,12.989,16.442
485,1,5,25.4,11.765,1.203,12.968,16.47
486,1,6,24.9,11.935,1.187,13.122,16.709
487,1,7,24.6,11.985,1.17,13.155,16.779
488,1,8,24.5,12.349,1.198,13.547,17.288
489,1,9,24.6,12.343,1.205,13.548,17.28
490,1,10,24.9,12.311,1.224,13.535,17.235
491,1,11,25.4,12.496,1.278,13.774,17.494
492,1,12,26.0,12.368,1.311,13.679,17.315
493,1,13,26.7,12.262,1.353,13.615,17.166
494,1,14,27.5,12.464,1.433,13.897,17.45
495,1,15,28.3,12.308,1.473,13.781,17.232
496,1,16,29.0,12.076,1.497,13.574,16.907
497,1,17,29.6,12.074,1.542,13.616,16.904
498,1,18,30.1,11.912,1.556,13.468,16.677
499,1,19,30.4,11.769,1.558,13.327,16.476
500,1,20,30.5,11.913,1.584,13.497,16.678
501,1,21,30.4,11.936,1.58,13.517,16.711
502,1,22,30.1,11.548,1.508,13.056,16.168
503,1,23,29.6,11.709,1.496,13.204,16.392
504,1,0,29.0,11.575,1.435,13.01,16.205
505,1,1,28.3,11.604,1.388,12.992,16.245
506,1,2,27.5,11.629,1.337,12.966,16.281
507,1,3,26.7,11.659,1.286,12.946,16.323
508,1,4,26.0,11.825,1.253,13.078,16.555
509,1,5,25.4,11.824,1.209,13.033,16.553
510,1,6,24.9,12.027,1.196,13.223,16.838
511,1,7,24.6,12.088,1.18,13.268,16.923
512,1,8,24.5,12.156,1.179,13.335,17.019
513,1,9,24.6,12.164,1.187,13.351,17.029
514,1,10,24.9,12.254,1.218,13.472,17.156
515,1,11,25.4,12.423,1.271,13.694,17.393
516,1,12,26.0,12.41,1.315,13.726,17.374
517,1,13,26.7,12.25,1.352,13.602,17.15
518,1,14,27.5,12.322,1.417,13.739,17.25
519,1,15,28.3,12.33,1.475,13.805,17.262
520,1,16,29.0,12.013,1.49,13.503,16.818
521,1,17,29.6,12.148,1.552,13.699,17.007
522,1,18,30.1,11.934,1.558,13.492,16.707
523,1,19,30.4,11.964,1.584,13.548,16.749
524,1,20,30.5,11.744,1.562,13.306,16.441
525,1,21,30.4,11.565,1.531,13.096,16.191
526,1,22,30.1,11.525,1.505,13.031,16.136
527,1,23,29.6,11.657,1.489,13.146,16.32
528,1,0,29.0,11.666,1.447,13.113,16.332
529,1,1,28.3,11.562,1.383,12.945,16.187
530,1,2,27.5,11.752,1.351,13.104,16.453
531,1,3,26.7,11.579,1.278,12.857,16.211
532,1,4,26.0,11.813,1.252,13.066,16.539
533,1,5,25.4,11.786,1.205,12.991,16.5
534,1,6,24.9,11.935,1.186,13.121,16.709
535,1,7,24.6,12.098,1.181,13.279,16.937
536,1,8,24.5,12.094,1.173,13.267,16.932
537,1,9,24.6,12.216,1.192,13.409,17.103
538,1,10,24.9,12.412,1.234,13.646,17.377
539,1,11,25.4,12.29,1.257,13.547,17.206
540,1,12,26.0,12.444,1.319,13.763,17.421
541,1,13,26.7,12.235,1.35,13.585,17.129
542,1,14,27.5,12.365,1.422,13.787,17.311
543,1,15,28.3,12.399,1.484,13.882,17.358
544,1,16,29.0,11.933,1.48,13.413,16.706
545,1,17,29.6,12.013,1.534,13.548,16.819
546,1,18,30.1,12.058,1.575,13.632,16.881
547,1,19,30.4,11.887,1.574,13.46,16.641
548,1,20,30.5,11.857,1.577,13.434,16.6
549,1,21,30.4,11.685,1.547,13.232,16.359
550,1,22,30.1,11.697,1.527,13.224,16.376
551,1,23,29.6,11.637,1.486,13.123,16.291
552,1,0,29.0,11.757,1.458,13.215,16.459
553,1,1,28.3,11.678,1.397,13.075,16.349
554,1,2,27.5,11.722,1.348,13.07,16.411
555,1,3,26.7,11.704,1.291,12.996,16.386
556,1,4,26.0,11.771,1.248,13.019,16.48
557,1,5,25.4,11.864,1.213,13.077,16.609
558,1,6,24.9,12.039,1.197,13.236,16.855
559,1,7,24.6,12.051,1.176,13.227,16.872
560,1,8,24.5,12.209,1.184,13.393,17.093
561,1,9,24.6,12.462,1.216,13.679,17.447
562,1,10,24.9,12.399,1.233,13.631,17.358
563,1,11,25.4,12.315,1.259,13.575,17.241
564,1,12,26.0,12.48,1.323,13.803,17.472
565,1,13,26.7,12.307,1.358,13.665,17.23
566,1,14,27.5,12.108,1.392,13.5,16.951
567,1,15,28.3,12.154,1.454,13.608,17.015
568,1,16,29.0,11.993,1.487,13.48,16.79
569,1,17,29.6,12.058,1.54,13.598,16.881
570,1,18,30.1,12.002,1.567,13.569,16.803
571,1,19,30.4,12.074,1.598,13.673,16.904
572,1,20,30.5,11.853,1.576,13.429,16.594
573,1,21,30.4,11.724,1.552,13.276,16.413
574,1,22,30.1,11.771,1.537,13.308,16.48
575,1,23,29.6,11.431,1.46,12.891,16.004
576,1,0,29.0,11.664,1.446,13.11,16.329
577,1,1,28.3,11.729,1.404,13.133,16.421
578,1,2,27.5,11.54,1.327,12.868,16.157
579,1,3,26.7,11.86,1.309,13.168,16.604
580,1,4,26.0,11.854,1.257,13.11,16.595
581,1,5,25.4,11.865,1.213,13.079,16.611
582,1,6,24.9,12.063,1.199,13.263,16.889
583,1,7,24.6,12.32,1.203,13.523,17.248
584,1,8,24.5,12.198,1.183,13.381,17.077
585,1,9,24.6,12.279,1.199,13.478,17.191
586,1,10,24.9,12.266,1.219,13.485,17.172
587,1,11,25.4,12.263,1.254,13.517,17.168
588,1,12,26.0,12.443,1.319,13.762,17.42
589,1,13,26.7,12.262,1.353,13.615,17.167
590,1,14,27.5,12.319,1.417,13.736,17.246
591,1,15,28.3,12.207,1.461,13.667,17.09
592,1,16,29.0,12.228,1.516,13.744,17.119
593,1,17,29.6,12.127,1.549,13.675,16.977
594,1,18,30.1,12.104,1.581,13.684,16.945
595,1,19,30.4,11.856,1.57,13.425,16.598
596,1,20,30.5,11.793,1.568,13.361,16.51
597,1,21,30.4,11.648,1.542,13.19,16.307
598,1,22,30.1,11.644,1.521,13.164,16.301
599,1,23,29.6,11.69,1.493,13.183,16.366
600,1,0,29.0,11.716,1.453,13.168,16.402
601,1,1,28.3,11.56,1.383,12.943,16.184
602,1,2,27.5,11.775,1.354,13.129,16.485
603,1,3,26.7,11.881,1.311,13.192,16.633
604,1,4,26.0,11.861,1.257,13.119,16.606
605,1,5,25.4,12.095,1.237,13.331,16.932
606,1,6,24.9,11.923,1.185,13.108,16.692
607,1,7,24.6,11.969,1.168,13.137,16.756
608,1,8,24.5,12.002,1.164,13.166,16.803
609,1,9,24.6,12.404,1.211,13.615,17.366
610,1,10,24.9,12.377,1.23,13.608,17.328
611,1,11,25.4,12.342,1.262,13.604,17.279
612,1,12,26.0,12.388,1.313,13.701,17.343
613,1,13,26.7,12.235,1.35,13.585,17.129
614,1,14,27.5,12.556,1.444,14.0,17.579
615,1,15,28.3,12.267,1.468,13.735,17.174
616,1,16,29.0,12.191,1.512,13.703,17.067
617,1,17,29.6,12.166,1.554,13.72,17.032
618,1,18,30.1,12.048,1.573,13.621,16.867
619,1,19,30.4,11.929,1.579,13.508,16.701
620,1,20,30.5,11.741,1.562,13.302,16.437
621,1,21,30.4,11.793,1.561,13.354,16.51
622,1,22,30.1,11.876,1.551,13.427,16.627
623,1,23,29.6,11.787,1.506,13.292,16.502
624,1,0,29.0,11.799,1.463,13.262,16.519
625,1,1,28.3,11.601,1.388,12.989,16.242
626,1,2,27.5,11.589,1.333,12.922,16.225
627,1,3,26.7,11.733,1.295,13.027,16.426
628,1,4,26.0,11.826,1.254,13.079,16.556
629,1,5,25.4,12.016,1.229,13.245,16.823
630,1,6,24.9,11.831,1.176,13.007,16.563
631,1,7,24.6,12.246,1.195,13.442,17.145
632,1,8,24.5,12.164,1.18,13.344,17.03
633,1,9,24.6,12.212,1.192,13.404,17.097
634,1,10,24.9,12.211,1.214,13.424,17.095
635,1,11,25.4,12.182,1.246,13.428,17.055
636,1,12,26.0,12.442,1.319,13.761,17.419
637,1,13,26.7,12.355,1.363,13.718,17.297
638,1,14,27.5,12.183,1.401,13.584,17.056
639,1,15,28.3,12.125,1.451,13.576,16.975
640,1,16,29.0,12.146,1.506,13.653,17.005
641,1,17,29.6,12.26,1.566,13.826,17.164
642,1,18,30.1,11.974,1.564,13.538,16.764
643,1,19,30.4,11.757,1.556,13.313,16.459
644,1,20,30.5,11.795,1.569,13.364,16.514
645,1,21,30.4,11.718,1.551,13.269,16.405
646,1,22,30.1,11.419,1.491,12.91,15.986
647,1,23,29.6,11.647,1.488,13.134,16.306
648,1,0,29.0,11.617,1.44,13.057,16.264
649,1,1,28.3,11.722,1.403,13.125,16.411
650,1,2,27.5,11.873,1.365,13.239,16.622
651,1,3,26.7,11.858,1.308,13.167,16.601
652,1,4,26.0,11.793,1.25,13.043,16.51
653,1,5,25.4,11.796,1.206,13.003,16.515
654,1,6,24.9,12.257,1.219,13.476,17.16
655,1,7,24.6,12.099,1.181,13.28,16.939
656,1,8,24.5,12.181,1.182,13.363,17.054
657,1,9,24.6,12.252,1.196,13.448,17.153
658,1,10,24.9,12.332,1.226,13.557,17.264
659,1,11,25.4,12.333,1.261,13.595,17.267
660,1,12,26.0,12.303,1.304,13.607,17.224
661,1,13,26.7,12.293,1.356,13.649,17.21
662,1,14,27.5,12.308,1.415,13.724,17.232
663,1,15,28.3,12.2,1.46,13.66,17.08
664,1,16,29.0,12.109,1.501,13.61,16.952
665,1,17,29.6,12.104,1.546,13.65,16.945
666,1,18,30.1,11.975,1.564,13.538,16.764
667,1,19,30.4,12.057,1.596,13.653,16.88
668,1,20,30.5,11.555,1.537,13.092,16.177
669,1,21,30.4,11.855,1.569,13.424,16.596
670,1,22,30.1,11.813,1.543,13.355,16.538
671,1,23,29.6,11.445,1.462,12.907,16.023
672,1,0,29.0,11.606,1.439,13.045,16.248
673,1,1,28.3,11.615,1.39,13.005,16.261
674,1,2,27.5,11.547,1.328,12.875,16.166
675,1,3,26.7,11.668,1.287,12.955,16.335
676,1,4,26.0,11.709,1.241,12.95,16.393
677,1,5,25.4,12.082,1.236,13.318,16.915
678,1,6,24.9,12.094,1.202,13.296,16.931
679,1,7,24.6,12.22,1.193,13.413,17.108
680,1,8,24.5,12.252,1.188,13.441,17.153
681,1,9,24.6,12.142,1.185,13.327,16.998
682,1,10,24.9,12.259,1.219,13.478,17.163
683,1,11,25.4,12.397,1.268,13.665,17.355
684,1,12,26.0,12.238,1.297,13.535,17.133
685,1,13,26.7,12.419,1.37,13.789,17.387
686,1,14,27.5,12.288,1.413,13.701,17.203
687,1,15,28.3,12.217,1.462,13.679,17.104
688,1,16,29.0,12.251,1.519,13.77,17.152
689,1,17,29.6,12.138,1.55,13.688,16.993
690,1,18,30.1,11.964,1.562,13.526,16.749
691,1,19,30.4,12.023,1.592,13.614,16.832
692,1,20,30.5,11.712,1.558,13.27,16.397
693,1,21,30.4,11.807,1.563,13.37,16.53
694,1,22,30.1,11.748,1.534,13.282,16.447
695,1,23,29.6,11.621,1.484,13.106,16.27
696,1,0,29.0,11.673,1.447,13.12,16.342
697,1,1,28.3,11.527,1.379,12.906,16.138
698,1,2,27.5,11.781,1.355,13.135,16.493
699,1,3,26.7,11.727,1.294,13.021,16.418
700,1,4,26.0,11.768,1.247,13.015,16.475
701,1,5,25.4,12.012,1.228,13.24,16.816
702,1,6,24.9,11.93,1.186,13.116,16.701
703,1,7,24.6,11.952,1.167,13.119,16.733
704,1,8,24.5,12.024,1.166,13.191,16.834
705,1,9,24.6,12.315,1.202,13.517,17.241
706,1,10,24.9,12.184,1.211,13.395,17.057
707,1,11,25.4,12.523,1.281,13.804,17.532
708,1,12,26.0,12.152,1.288,13.44,17.013
709,1,13,26.7,12.517,1.381,13.899,17.524
710,1,14,27.5,12.333,1.418,13.751,17.266
711,1,15,28.3,12.245,1.465,13.71,17.143
712,1,16,29.0,12.126,1.504,13.629,16.976
713,1,17,29.6,12.133,1.55,13.683,16.986
714,1,18,30.1,11.996,1.567,13.563,16.795
715,1,19,30.4,12.017,1.591,13.608,16.824
716,1,20,30.5,11.831,1.574,13.405,16.564
717,1,21,30.4,11.76,1.557,13.317,16.465
718,1,22,30.1,11.652,1.522,13.173,16.313
719,1,23,29.6,11.647,1.488,13.134,16.305
720,2,0,30.0,11.803,1.534,13.337,16.524
721,2,1,29.3,11.614,1.459,13.073,16.259
722,2,2,28.5,11.686,1.414,13.1,16.361
723,2,3,27.7,11.953,1.391,13.344,16.735
724,2,4,27.0,11.971,1.341,13.312,16.76
725,2,5,26.4,12.024,1.302,13.326,16.833
726,2,6,25.9,12.138,1.28,13.418,16.993
727,2,7,25.6,12.265,1.271,13.536,17.171
728,2,8,25.5,12.264,1.263,13.528,17.17
729,2,9,25.6,12.316,1.276,13.592,17.242
730,2,10,25.9,12.471,1.315,13.786,17.46
731,2,11,26.4,12.39,1.342,13.732,17.346
732,2,12,27.0,12.541,1.405,13.946,17.558
733,2,13,27.7,12.318,1.433,13.751,17.245
734,2,14,28.5,12.555,1.519,14.074,17.576
735,2,15,29.3,12.441,1.563,14.004,17.418
736,2,16,30.0,12.344,1.605,13.949,17.282
737,2,17,30.6,12.329,1.649,13.978,17.26
738,2,18,31.1,12.303,1.68,13.983,17.224
739,2,19,31.4,12.144,1.681,13.824,17.001
740,2,20,31.5,11.77,1.636,13.406,16.478
741,2,21,31.4,11.751,1.626,13.377,16.451
742,2,22,31.1,11.759,1.606,13.365,16.462
743,2,23,30.6,11.787,1.576,13.364,16.502
744,2,0,30.0,11.824,1.537,13.361,16.554
745,2,1,29.3,11.712,1.472,13.184,16.397
746,2,2,28.5,11.84,1.433,13.272,16.576
747,2,3,27.7,11.803,1.373,13.177,16.525
748,2,4,27.0,11.893,1.332,13.225,16.65
749,2,5,26.4,11.901,1.289,13.19,16.662
750,2,6,25.9,12.044,1.27,13.314,16.862
751,2,7,25.6,12.095,1.253,13.349,16.934
752,2,8,25.5,12.221,1.259,13.48,17.109
753,2,9,25.6,12.499,1.295,13.794,17.499
754,2,10,25.9,12.357,1.303,13.659,17.299
755,2,11,26.4,12.751,1.381,14.132,17.852
756,2,12,27.0,12.55,1.406,13.955,17.57
757,2,13,27.7,12.507,1.455,13.962,17.509
758,2,14,28.5,12.366,1.496,13.862,17.312
759,2,15,29.3,12.464,1.566,14.03,17.449
760,2,16,30.0,12.261,1.594,13.855,17.165
761,2,17,30.6,12.243,1.637,13.88,17.14
762,2,18,31.1,12.392,1.693,14.085,17.349
763,2,19,31.4,12.033,1.665,13.698,16.846
764,2,20,31.5,12.069,1.678,13.747,16.897
765,2,21,31.4,11.809,1.634,13.443,16.532
766,2,22,31.1,11.818,1.614,13.432,16.545
767,2,23,30.6,11.962,1.6,13.561,16.746
768,2,0,30.0,11.71,1.522,13.232,16.393
769,2,1,29.3,11.966,1.504,13.47,16.752
770,2,2,28.5,11.892,1.439,13.331,16.649
771,2,3,27.7,11.823,1.375,13.198,16.552
772,2,4,27.0,12.018,1.346,13.364,16.825
773,2,5,26.4,12.139,1.314,13.454,16.995
774,2,6,25.9,12.199,1.286,13.484,17.078
775,2,7,25.6,12.074,1.251,13.325,16.903
776,2,8,25.5,12.246,1.261,13.507,17.144
777,2,9,25.6,12.369,1.282,13.651,17.317
778,2,10,25.9,12.444,1.312,13.756,17.422
779,2,11,26.4,12.55,1.359,13.909,17.57
780,2,12,27.0,12.518,1.402,13.92,17.526
781,2,13,27.7,12.355,1.437,13.792,17.296
782,2,14,28.5,12.49,1.511,14.001,17.486
783,2,15,29.3,12.455,1.565,14.02,17.437
784,2,16,30.0,12.374,1.609,13.983,17.324
785,2,17,30.6,12.339,1.65,13.989,17.274
786,2,18,31.1,12.22,1.669,13.889,17.108
787,2,19,31.4,12.088,1.673,13.761,16.923
788,2,20,31.5,11.947,1.661,13.608,16.726
789,2,21,31.4,11.713,1.621,13.334,16.398
790,2,22,31.1,11.864,1.62,13.485,16.61
791,2,23,30.6,11.805,1.579,13.384,16.528
792,2,0,30.0,11.799,1.534,13.333,16.519
793,2,1,29.3,11.657,1.465,13.122,16.32
794,2,2,28.5,11.713,1.417,13.13,16.398
795,2,3,27.7,11.984,1.394,13.378,16.778
796,2,4,27.0,11.95,1.338,13.289,16.731
797,2,5,26.4,12.11,1.311,13.421,16.954
798,2,6,25.9,12.139,1.28,13.419,16.995
799,2,7,25.6,12.234,1.268,13.501,17.127
800,2,8,25.5,12.412,1.278,13.691,17.377
801,2,9,25.6,12.342,1.279,13.621,17.279
802,2,10,25.9,12.461,1.314,13.775,17.446
803,2,11,26.4,12.442,1.347,13.789,17.419
804,2,12,27.0,12.457,1.395,13.852,17.44
805,2,13,27.7,12.457,1.449,13.906,17.44
806,2,14,28.5,12.474,1.509,13.983,17.463
807,2,15,29.3,12.346,1.551,13.897,17.284
808,2,16,30.0,12.444,1.618,14.062,17.422
809,2,17,30.6,12.141,1.624,13.765,16.998
810,2,18,31.1,12.118,1.655,13.773,16.965
811,2,19,31.4,11.998,1.66,13.659,16.797
812,2,20,31.5,12.099,1.682,13.781,16.939
813,2,21,31.4,11.899,1.647,13.545,16.658
814,2,22,31.1,11.924,1.629,13.553,16.694
815,2,23,30.6,11.636,1.556,13.192,16.291
816,2,0,30.0,11.799,1.534,13.333,16.519
817,2,1,29.3,11.874,1.492,13.366,16.623
818,2,2,28.5,11.829,1.431,13.261,16.561
819,2,3,27.7,11.985,1.394,13.38,16.78
820,2,4,27.0,11.903,1.333,13.236,16.664
821,2,5,26.4,12.183,1.319,13.502,17.056
822,2,6,25.9,12.366,1.304,13.67,17.313
823,2,7,25.6,12.194,1.263,13.458,17.072
824,2,8,25.5,12.274,1.264,13.538,17.183
825,2,9,25.6,12.539,1.299,13.838,17.555
826,2,10,25.9,12.61,1.329,13.939,17.653
827,2,11,26.4,12.436,1.346,13.782,17.41
828,2,12,27.0,12.458,1.395,13.854,17.442
829,2,13,27.7,12.46,1.45,13.909,17.444
830,2,14,28.5,12.317,1.49,13.808,17.244
831,2,15,29.3,12.302,1.546,13.848,17.223
832,2,16,30.0,12.218,1.588,13.806,17.105
833,2,17,30.6,12.154,1.625,13.779,17.015
834,2,18,31.1,12.133,1.657,13.79,16.986
835,2,19,31.4,12.066,1.67,13.735,16.892
836,2,20,31.5,12.109,1.683,13.793,16.953
837,2,21,31.4,11.779,1.63,13.409,16.491
838,2,22,31.1,11.919,1.628,13.548,16.687
839,2,23,30.6,11.763,1.573,13.336,16.469
840,2,0,30.0,11.767,1.53,13.297,16.474
841,2,1,29.3,11.852,1.489,13.341,16.593
842,2,2,28.5,11.709,1.417,13.126,16.392
843,2,3,27.7,11.917,1.386,13.304,16.684
844,2,4,27.0,11.971,1.341,13.312,16.759
845,2,5,26.4,12.091,1.309,13.401,16.928
846,2,6,25.9,12.165,1.282,13.448,17.031
847,2,7,25.6,12.476,1.293,13.769,17.467
848,2,8,25.5,12.255,1.262,13.517,17.156
849,2,9,25.6,12.341,1.279,13.619,17.277
850,2,10,25.9,12.389,1.306,13.695,17.345
851,2,11,26.4,12.433,1.346,13.779,17.406
852,2,12,27.0,12.437,1.393,13.83,17.411
853,2,13,27.7,12.607,1.467,14.074,17.65
854,2,14,28.5,12.594,1.524,14.118,17.631
855,2,15,29.3,12.337,1.55,13.887,17.271
856,2,16,30.0,12.235,1.591,13.826,17.129
857,2,17,30.6,12.278,1.642,13.92,17.189
858,2,18,31.1,12.081,1.65,13.731,16.914
859,2,19,31.4,12.105,1.675,13.781,16.948
860,2,20,31.5,11.975,1.664,13.639,16.764
861,2,21,31.4,11.727,1.623,13.35,16.418
862,2,22,31.1,11.976,1.636,13.612,16.766
863,2,23,30.6,11.964,1.6,13.564,16.75
864,2,0,30.0,11.711,1.522,13.233,16.395
865,2,1,29.3,11.746,1.476,13.222,16.444
866,2,2,28.5,11.85,1.434,13.283,16.589
867,2,3,27.7,11.912,1.386,13.298,16.677
868,2,4,27.0,12.02,1.346,13.366,16.828
869,2,5,26.4,12.243,1.326,13.569,17.14
870,2,6,25.9,12.119,1.277,13.396,16.966
871,2,7,25.6,12.151,1.259,13.41,17.011
872,2,8,25.5,12.18,1.255,13.435,17.053
873,2,9,25.6,12.321,1.277,13.597,17.249
874,2,10,25.9,12.448,1.312,13.761,17.428
875,2,11,26.4,12.668,1.372,14.039,17.735
876,2,12,27.0,12.449,1.394,13.843,17.428
877,2,13,27.7,12.51,1.455,13.966,17.515
878,2,14,28.5,12.45,1.506,13.956,17.43
879,2,15,29.3,12.513,1.572,14.085,17.518
880,2,16,30.0,12.571,1.634,14.205,17.6
881,2,17,30.6,12.178,1.628,13.806,17.049
882,2,18,31.1,12.087,1.651,13.738,16.922
883,2,19,31.4,12.147,1.681,13.827,17.005
884,2,20,31.5,12.023,1.671,13.694,16.832
885,2,21,31.4,12.064,1.669,13.733,16.889
886,2,22,31.1,11.879,1.623,13.502,16.631
887,2,23,30.6,11.749,1.571,13.32,16.448
888,2,0,30.0,11.831,1.538,13.369,16.564
889,2,1,29.3,11.896,1.495,13.39,16.654
890,2,2,28.5,11.903,1.44,13.343,16.664
891,2,3,27.7,11.93,1.388,13.318,16.701
892,2,4,27.0,12.061,1.351,13.412,16.885
893,2,5,26.4,12.159,1.316,13.476,17.023
894,2,6,25.9,12.275,1.294,13.568,17.184
895,2,7,25.6,12.295,1.274,13.569,17.214
896,2,8,25.5,12.302,1.267,13.569,17.222
897,2,9,25.6,12.408,1.286,13.694,17.372
898,2,10,25.9,12.572,1.325,13.898,17.601
899,2,11,26.4,12.406,1.343,13.75,17.369
900,2,12,27.0,12.537,1.404,13.942,17.552
901,2,13,27.7,12.449,1.448,13.897,17.428
902,2,14,28.5,12.455,1.507,13.962,17.436
903,2,15,29.3,12.522,1.573,14.095,17.53
904,2,16,30.0,12.338,1.604,13.941,17.273
905,2,17,30.6,12.235,1.636,13.871,17.129
906,2,18,31.1,12.0,1.639,13.639,16.801
907,2,19,31.4,12.117,1.677,13.794,16.963
908,2,20,31.5,12.019,1.671,13.689,16.826
909,2,21,31.4,12.095,1.674,13.769,16.933
910,2,22,31.1,11.79,1.61,13.401,16.506
911,2,23,30.6,11.807,1.579,13.385,16.529
912,2,0,30.0,11.797,1.534,13.331,16.516
913,2,1,29.3,11.942,1.501,13.443,16.719
914,2,2,28.5,11.812,1.429,13.241,16.536
915,2,3,27.7,11.907,1.385,13.292,16.67
916,2,4,27.0,12.015,1.346,13.361,16.821
917,2,5,26.4,12.061,1.306,13.367,16.885
918,2,6,25.9,12.092,1.275,13.366,16.928
919,2,7,25.6,12.25,1.269,13.519,17.15
920,2,8,25.5,12.426,1.28,13.706,17.396
921,2,9,25.6,12.291,1.274,13.565,17.208
922,2,10,25.9,12.465,1.314,13.779,17.451
923,2,11,26.4,12.418,1.345,13.763,17.385
924,2,12,27.0,12.62,1.413,14.033,17.668
925,2,13,27.7,12.336,1.435,13.771,17.27
926,2,14,28.5,12.396,1.5,13.896,17.354
927,2,15,29.3,12.432,1.562,13.994,17.404
928,2,16,30.0,12.475,1.622,14.097,17.465
929,2,17,30.6,12.224,1.635,13.859,17.114
930,2,18,31.1,12.081,1.65,13.731,16.913
931,2,19,31.4,12.23,1.693,13.923,17.122
932,2,20,31.5,11.81,1.642,13.451,16.533
933,2,21,31.4,11.659,1.613,13.272,16.323
934,2,22,31.1,11.865,1.621,13.486,16.611
935,2,23,30.6,11.734,1.569,13.304,16.428
936,2,0,30.0,11.67,1.517,13.187,16.338
937,2,1,29.3,11.856,1.49,13.345,16.598
938,2,2,28.5,11.845,1.433,13.279,16.584
939,2,3,27.7,11.823,1.375,13.198,16.552
940,2,4,27.0,11.826,1.325,13.151,16.557
941,2,5,26.4,12.129,1.313,13.443,16.981
942,2,6,25.9,12.201,1.286,13.488,17.082
943,2,7,25.6,12.221,1.266,13.487,17.109
944,2,8,25.5,12.503,1.288,13.791,17.504
945,2,9,25.6,12.287,1.273,13.56,17.202
946,2,10,25.9,12.299,1.296,13.596,17.219
947,2,11,26.4,12.419,1.345,13.763,17.386
948,2,12,27.0,12.496,1.4,13.895,17.494
949,2,13,27.7,12.512,1.456,13.968,17.517
950,2,14,28.5,12.428,1.504,13.931,17.399
951,2,15,29.3,12.429,1.562,13.991,17.401
952,2,16,30.0,12.193,1.585,13.778,17.071
953,2,17,30.6,12.375,1.655,14.03,17.325
954,2,18,31.1,12.128,1.657,13.785,16.979
955,2,19,31.4,12.154,1.682,13.836,17.015
956,2,20,31.5,11.989,1.666,13.655,16.784
957,2,21,31.4,11.925,1.65,13.575,16.694
958,2,22,31.1,11.878,1.622,13.5,16.629
959,2,23,30.6,11.829,1.582,13.411,16.561
960,2,0,30.0,11.837,1.539,13.375,16.571
961,2,1,29.3,11.918,1.498,13.415,16.685
962,2,2,28.5,11.841,1.433,13.273,16.577
963,2,3,27.7,11.95,1.39,13.34,16.73
964,2,4,27.0,11.945,1.338,13.283,16.723
965,2,5,26.4,12.186,1.319,13.506,17.061
966,2,6,25.9,12.069,1.272,13.341,16.896
967,2,7,25.6,12.411,1.286,13.697,17.375
968,2,8,25.5,12.314,1.268,13.583,17.24
969,2,9,25.6,12.251,1.269,13.52,17.151
970,2,10,25.9,12.464,1.314,13.778,17.45
971,2,11,26.4,12.42,1.345,13.765,17.388
972,2,12,27.0,12.585,1.409,13.994,17.618
973,2,13,27.7,12.423,1.445,13.868,17.392
974,2,14,28.5,12.407,1.501,13.908,17.37
975,2,15,29.3,12.205,1.534,13.739,17.087
976,2,16,30.0,12.273,1.596,13.869,17.182
977,2,17,30.6,11.988,1.603,13.591,16.783
978,2,18,31.1,11.978,1.636,13.614,16.769
979,2,19,31.4,12.118,1.677,13.795,16.965
980,2,20,31.5,12.033,1.673,13.705,16.846
981,2,21,31.4,11.921,1.65,13.571,16.69
982,2,22,31.1,11.724,1.601,13.326,16.414
983,2,23,30.6,11.78,1.575,13.355,16.492
984,2,0,30.0,11.772,1.53,13.302,16.481
985,2,1,29.3,11.669,1.466,13.135,16.336
986,2,2,28.5,11.971,1.449,13.42,16.76
987,2,3,27.7,11.967,1.392,13.359,16.753
988,2,4,27.0,11.932,1.336,13.269,16.705
989,2,5,26.4,12.045,1.304,13.349,16.863
990,2,6,25.9,12.157,1.282,13.439,17.02
991,2,7,25.6,12.026,1.246,13.273,16.837
992,2,8,25.5,12.294,1.266,13.56,17.211
993,2,9,25.6,12.326,1.277,13.603,17.256
994,2,10,25.9,12.352,1.302,13.654,17.292
995,2,11,26.4,12.46,1.349,13.809,17.444
996,2,12,27.0,12.68,1.42,14.1,17.752
997,2,13,27.7,12.552,1.46,14.012,17.573
998,2,14,28.5,12.395,1.5,13.894,17.352
999,2,15,29.3,12.451,1.565,14.016,17.432
1000,2,16,30.0,12.458,1.62,14.078,17.442
1001,2,17,30.6,12.323,1.648,13.971,17.252
1002,2,18,31.1,12.142,1.659,13.801,16.999
1003,2,19,31.4,11.977,1.658,13.635,16.768
1004,2,20,31.5,12.024,1.671,13.695,16.834
1005,2,21,31.4,11.918,1.649,13.568,16.686
1006,2,22,31.1,11.911,1.627,13.537,16.675
1007,2,23,30.6,11.848,1.584,13.433,16.587
1008,2,0,30.0,11.877,1.544,13.421,16.628
1009,2,1,29.3,11.731,1.474,13.205,16.424
1010,2,2,28.5,11.953,1.446,13.399,16.734
1011,2,3,27.7,11.899,1.384,13.283,16.658
1012,2,4,27.0,12.162,1.362,13.524,17.027
1013,2,5,26.4,11.973,1.296,13.27,16.762
1014,2,6,25.9,12.31,1.298,13.608,17.234
1015,2,7,25.6,12.25,1.269,13.52,17.151
1016,2,8,25.5,12.253,1.262,13.515,17.155
1017,2,9,25.6,12.345,1.279,13.625,17.284
1018,2,10,25.9,12.42,1.309,13.729,17.387
1019,2,11,26.4,12.53,1.357,13.887,17.543
1020,2,12,27.0,12.553,1.406,13.959,17.574
1021,2,13,27.7,12.431,1.446,13.877,17.403
1022,2,14,28.5,12.449,1.506,13.956,17.429
1023,2,15,29.3,12.608,1.584,14.192,17.651
1024,2,16,30.0,12.491,1.624,14.115,17.488
1025,2,17,30.6,12.274,1.641,13.916,17.184
1026,2,18,31.1,12.14,1.658,13.798,16.996
1027,2,19,31.4,12.054,1.668,13.722,16.876
1028,2,20,31.5,12.016,1.67,13.686,16.822
1029,2,21,31.4,11.777,1.63,13.406,16.487
1030,2,22,31.1,11.795,1.611,13.406,16.513
1031,2,23,30.6,11.618,1.554,13.171,16.265
1032,2,0,30.0,11.812,1.536,13.348,16.537
1033,2,1,29.3,11.849,1.489,13.338,16.589
1034,2,2,28.5,11.773,1.425,13.197,16.482
1035,2,3,27.7,12.036,1.4,13.437,16.851
1036,2,4,27.0,11.832,1.325,13.157,16.564
1037,2,5,26.4,11.896,1.288,13.184,16.654
1038,2,6,25.9,12.159,1.282,13.44,17.022
1039,2,7,25.6,12.335,1.278,13.613,17.269
1040,2,8,25.5,12.487,1.286,13.773,17.482
1041,2,9,25.6,12.348,1.279,13.627,17.287
1042,2,10,25.9,12.56,1.324,13.883,17.583
1043,2,11,26.4,12.484,1.352,13.836,17.478
1044,2,12,27.0,12.483,1.398,13.881,17.476
1045,2,13,27.7,12.576,1.463,14.04,17.607
1046,2,14,28.5,12.517,1.515,14.031,17.524
1047,2,15,29.3,12.236,1.538,13.774,17.131
1048,2,16,30.0,12.466,1.621,14.087,17.452
1049,2,17,30.6,12.369,1.654,14.023,17.316
1050,2,18,31.1,12.074,1.649,13.723,16.903
1051,2,19,31.4,12.082,1.672,13.754,16.914
1052,2,20,31.5,12.004,1.669,13.672,16.805
1053,2,21,31.4,11.905,1.647,13.552,16.667
1054,2,22,31.1,11.766,1.607,13.373,16.472
1055,2,23,30.6,11.718,1.567,13.284,16.405
1056,2,0,30.0,11.77,1.53,13.3,16.478
1057,2,1,29.3,11.902,1.496,13.398,16.663
1058,2,2,28.5,11.875,1.437,13.312,16.626
1059,2,3,27.7,11.842,1.378,13.22,16.579
1060,2,4,27.0,12.031,1.348,13.379,16.844
1061,2,5,26.4,11.757,1.273,13.03,16.46
1062,2,6,25.9,12.251,1.291,13.543,17.152
1063,2,7,25.6,12.057,1.249,13.306,16.879
1064,2,8,25.5,12.282,1.265,13.547,17.195
1065,2,9,25.6,12.282,1.273,13.554,17.195
1066,2,10,25.9,12.322,1.299,13.621,17.251
1067,2,11,26.4,12.604,1.365,13.969,17.646
1068,2,12,27.0,12.454,1.395,13.848,17.435
1069,2,13,27.7,12.523,1.457,13.98,17.532
1070,2,14,28.5,12.447,1.506,13.953,17.426
1071,2,15,29.3,12.442,1.563,14.005,17.418
1072,2,16,30.0,12.326,1.602,13.928,17.257
1073,2,17,30.6,12.102,1.618,13.721,16.943
1074,2,18,31.1,12.236,1.671,13.907,17.13
1075,2,19,31.4,11.993,1.66,13.652,16.79
1076,2,20,31.5,11.799,1.64,13.439,16.518
1077,2,21,31.4,11.836,1.638,13.474,16.571
1078,2,22,31.1,11.971,1.635,13.606,16.76
1079,2,23,30.6,11.87,1.587,13.457,16.618
1080,2,0,30.0,11.737,1.526,13.263,16.432
1081,2,1,29.3,11.75,1.476,13.226,16.45
1082,2,2,28.5,11.789,1.426,13.215,16.504
1083,2,3,27.7,12.087,1.406,13.493,16.921
1084,2,4,27.0,11.993,1.343,13.336,16.79
1085,2,5,26.4,12.085,1.308,13.394,16.919
1086,2,6,25.9,12.239,1.29,13.53,17.135
1087,2,7,25.6,12.254,1.27,13.524,17.156
1088,2,8,25.5,12.293,1.266,13.559,17.21
1089,2,9,25.6,12.374,1.282,13.656,17.324
1090,2,10,25.9,12.445,1.312,13.756,17.422
1091,2,11,26.4,12.484,1.352,13.836,17.478
1092,2,12,27.0,12.573,1.408,13.981,17.603
1093,2,13,27.7,12.493,1.453,13.947,17.491
1094,2,14,28.5,12.525,1.516,14.04,17.535
1095,2,15,29.3,12.386,1.556,13.942,17.34
1096,2,16,30.0,12.326,1.602,13.929,17.257
1097,2,17,30.6,12.031,1.609,13.64,16.843
1098,2,18,31.1,12.228,1.67,13.898,17.119
1099,2,19,31.4,12.077,1.671,13.748,16.907
1100,2,20,31.5,12.054,1.676,13.73,16.876
1101,2,21,31.4,11.589,1.604,13.193,16.225
1102,2,22,31.1,12.03,1.643,13.673,16.842
1103,2,23,30.6,11.771,1.574,13.345,16.479
1104,2,0,30.0,11.883,1.545,13.428,16.636
1105,2,1,29.3,11.681,1.468,13.148,16.353
1106,2,2,28.5,11.882,1.438,13.32,16.635
1107,2,3,27.7,11.774,1.37,13.143,16.483
1108,2,4,27.0,11.892,1.332,13.224,16.649
1109,2,5,26.4,12.234,1.325,13.558,17.127
1110,2,6,25.9,12.117,1.277,13.395,16.964
1111,2,7,25.6,12.252,1.27,13.522,17.153
1112,2,8,25.5,12.405,1.278,13.683,17.368
1113,2,9,25.6,12.443,1.289,13.733,17.421
1114,2,10,25.9,12.467,1.314,13.781,17.453
1115,2,11,26.4,12.525,1.356,13.881,17.534
1116,2,12,27.0,12.741,1.427,14.168,17.837
1117,2,13,27.7,12.482,1.452,13.934,17.475
1118,2,14,28.5,12.472,1.509,13.981,17.46
1119,2,15,29.3,12.499,1.571,14.069,17.498
1120,2,16,30.0,12.429,1.616,14.045,17.401
1121,2,17,30.6,12.349,1.651,14.001,17.289
1122,2,18,31.1,12.2,1.666,13.867,17.08
1123,2,19,31.4,11.928,1.651,13.578,16.699
1124,2,20,31.5,12.118,1.684,13.802,16.965
1125,2,21,31.4,11.764,1.628,13.392,16.47
1126,2,22,31.1,11.851,1.619,13.47,16.592
1127,2,23,30.6,11.709,1.566,13.275,16.393
1128,2,0,30.0,11.766,1.53,13.295,16.472
1129,2,1,29.3,11.818,1.485,13.303,16.545
1130,2,2,28.5,11.853,1.434,13.287,16.594
1131,2,3,27.7,11.921,1.387,13.308,16.69
1132,2,4,27.0,12.116,1.357,13.473,16.962
1133,2,5,26.4,12.087,1.309,13.396,16.922
1134,2,6,25.9,12.112,1.277,13.389,16.957
1135,2,7,25.6,12.327,1.277,13.604,17.258
1136,2,8,25.5,12.437,1.281,13.718,17.412
1137,2,9,25.6,12.271,1.271,13.542,17.179
1138,2,10,25.9,12.511,1.319,13.83,17.516
1139,2,11,26.4,12.558,1.36,13.918,17.581
1140,2,12,27.0,12.471,1.397,13.867,17.459
1141,2,13,27.7,12.626,1.469,14.094,17.676
1142,2,14,28.5,12.437,1.505,13.942,17.411
1143,2,15,29.3,12.406,1.559,13.965,17.369
1144,2,16,30.0,12.301,1.599,13.9,17.222
1145,2,17,30.6,12.232,1.636,13.868,17.125
1146,2,18,31.1,12.027,1.643,13.669,16.837
1147,2,19,31.4,11.898,1.647,13.545,16.657
1148,2,20,31.5,12.114,1.684,13.798,16.959
1149,2,21,31.4,11.794,1.632,13.426,16.512
1150,2,22,31.1,11.722,1.601,13.323,16.411
1151,2,23,30.6,11.569,1.547,13.116,16.197
1152,2,0,30.0,11.708,1.522,13.23,16.392
1153,2,1,29.3,11.652,1.464,13.117,16.313
1154,2,2,28.5,11.985,1.45,13.435,16.779
1155,2,3,27.7,11.98,1.394,13.374,16.772
1156,2,4,27.0,11.886,1.331,13.217,16.64
1157,2,5,26.4,12.267,1.328,13.596,17.174
1158,2,6,25.9,12.235,1.29,13.524,17.128
1159,2,7,25.6,12.198,1.264,13.462,17.077
1160,2,8,25.5,12.068,1.243,13.312,16.896
1161,2,9,25.6,12.623,1.308,13.931,17.672
1162,2,10,25.9,12.313,1.298,13.611,17.238
1163,2,11,26.4,12.324,1.334,13.658,17.253
1164,2,12,27.0,12.603,1.412,14.014,17.644
1165,2,13,27.7,12.732,1.481,14.213,17.825
1166,2,14,28.5,12.59,1.523,14.114,17.626
1167,2,15,29.3,12.45,1.564,14.015,17.43
1168,2,16,30.0,12.378,1.609,13.987,17.329
1169,2,17,30.6,12.316,1.647,13.963,17.242
1170,2,18,31.1,12.212,1.668,13.88,17.097
1171,2,19,31.4,12.07,1.67,13.741,16.898
1172,2,20,31.5,11.965,1.663,13.628,16.751
1173,2,21,31.4,11.873,1.643,13.516,16.622
1174,2,22,31.1,11.746,1.604,13.35,16.444
1175,2,23,30.6,11.757,1.572,13.329,16.459
1176,2,0,30.0,11.603,1.508,13.111,16.244
1177,2,1,29.3,11.775,1.48,13.254,16.485
1178,2,2,28.5,11.722,1.418,13.141,16.411
1179,2,3,27.7,11.769,1.369,13.138,16.476
1180,2,4,27.0,11.972,1.341,13.313,16.761
1181,2,5,26.4,12.181,1.319,13.5,17.054
1182,2,6,25.9,12.228,1.289,13.517,17.119
1183,2,7,25.6,12.074,1.251,13.325,16.903
1184,2,8,25.5,12.219,1.259,13.478,17.107
1185,2,9,25.6,12.488,1.294,13.782,17.483
1186,2,10,25.9,12.353,1.302,13.656,17.295
1187,2,11,26.4,12.466,1.35,13.815,17.452
1188,2,12,27.0,12.555,1.406,13.962,17.578
1189,2,13,27.7,12.391,1.442,13.833,17.348
1190,2,14,28.5,12.462,1.508,13.97,17.447
1191,2,15,29.3,12.26,1.541,13.801,17.165
1192,2,16,30.0,12.258,1.594,13.852,17.162
1193,2,17,30.6,12.263,1.64,13.902,17.168
1194,2,18,31.1,11.977,1.636,13.613,16.768
1195,2,19,31.4,12.086,1.673,13.759,16.921
1196,2,20,31.5,11.952,1.661,13.614,16.733
1197,2,21,31.4,11.934,1.652,13.586,16.708
1198,2,22,31.1,11.843,1.618,13.461,16.581
1199,2,23,30.6,11.921,1.594,13.515,16.69
1200,2,0,30.0,11.785,1.532,13.317,16.499
1201,2,1,29.3,11.742,1.475,13.217,16.438
1202,2,2,28.5,11.833,1.432,13.265,16.567
1203,2,3,27.7,11.933,1.388,13.322,16.707
1204,2,4,27.0,11.959,1.339,13.299,16.743
1205,2,5,26.4,12.046,1.304,13.35,16.865
1206,2,6,25.9,12.066,1.272,13.338,16.893
1207,2,7,25.6,12.164,1.26,13.425,17.03
1208,2,8,25.5,12.178,1.254,13.432,17.049
1209,2,9,25.6,12.569,1.302,13.871,17.596
1210,2,10,25.9,12.327,1.299,13.627,17.258
1211,2,11,26.4,12.419,1.345,13.763,17.386
1212,2,12,27.0,12.429,1.392,13.821,17.4
1213,2,13,27.7,12.578,1.463,14.041,17.609
1214,2,14,28.5,12.422,1.503,13.925,17.391
1215,2,15,29.3,12.519,1.573,14.092,17.526
1216,2,16,30.0,12.251,1.593,13.844,17.151
1217,2,17,30.6,12.258,1.639,13.898,17.162
1218,2,18,31.1,12.053,1.646,13.699,16.874
1219,2,19,31.4,12.257,1.696,13.953,17.159
1220,2,20,31.5,11.836,1.645,13.481,16.57
1221,2,21,31.4,11.91,1.648,13.558,16.674
1222,2,22,31.1,11.884,1.623,13.508,16.638
1223,2,23,30.6,11.826,1.581,13.408,16.556
1224,2,0,30.0,11.754,1.528,13.282,16.455
1225,2,1,29.3,11.772,1.479,13.251,16.48
1226,2,2,28.5,11.825,1.431,13.256,16.556
1227,2,3,27.7,11.864,1.38,13.245,16.61
1228,2,4,27.0,12.051,1.35,13.4,16.871
1229,2,5,26.4,12.263,1.328,13.591,17.168
1230,2,6,25.9,12.081,1.273,13.354,16.913
1231,2,7,25.6,12.094,1.253,13.347,16.931
1232,2,8,25.5,12.31,1.268,13.577,17.233
1233,2,9,25.6,12.652,1.311,13.963,17.713
1234,2,10,25.9,12.371,1.304,13.675,17.32
1235,2,11,26.4,12.652,1.37,14.022,17.713
1236,2,12,27.0,12.668,1.419,14.087,17.736
1237,2,13,27.7,12.433,1.446,13.879,17.406
1238,2,14,28.5,12.509,1.514,14.022,17.512
1239,2,15,29.3,12.557,1.578,14.135,17.579
1240,2,16,30.0,12.28,1.596,13.877,17.193
1241,2,17,30.6,12.21,1.633,13.843,17.094
1242,2,18,31.1,12.078,1.65,13.728,16.909
1243,2,19,31.4,11.941,1.652,13.593,16.717
1244,2,20,31.5,11.889,1.653,13.542,16.645
1245,2,21,31.4,11.757,1.627,13.383,16.459
1246,2,22,31.1,11.824,1.615,13.44,16.554
1247,2,23,30.6,11.708,1.566,13.273,16.391
1248,2,0,30.0,11.796,1.533,13.329,16.514
1249,2,1,29.3,11.629,1.461,13.09,16.281
1250,2,2,28.5,11.854,1.434,13.288,16.596
1251,2,3,27.7,11.962,1.392,13.354,16.747
1252,2,4,27.0,11.755,1.317,13.071,16.457
1253,2,5,26.4,12.08,1.308,13.387,16.911
1254,2,6,25.9,12.259,1.292,13.551,17.163
1255,2,7,25.6,12.11,1.255,13.364,16.953
1256,2,8,25.5,12.486,1.286,13.772,17.48
1257,2,9,25.6,12.436,1.289,13.724,17.41
1258,2,10,25.9,12.381,1.305,13.686,17.334
1259,2,11,26.4,12.482,1.352,13.834,17.475
1260,2,12,27.0,12.556,1.406,13.963,17.579
1261,2,13,27.7,12.496,1.454,13.949,17.494
1262,2,14,28.5,12.506,1.513,14.019,17.508
1263,2,15,29.3,12.302,1.546,13.848,17.222
1264,2,16,30.0,12.335,1.604,13.939,17.269
1265,2,17,30.6,12.089,1.617,13.706,16.925
1266,2,18,31.1,12.125,1.656,13.781,16.975
1267,2,19,31.4,11.952,1.654,13.606,16.732
1268,2,20,31.5,11.881,1.651,13.532,16.633
1269,2,21,31.4,12.003,1.661,13.664,16.804
1270,2,22,31.1,11.93,1.63,13.56,16.702
1271,2,23,30.6,11.846,1.584,13.43,16.584
1272,2,0,30.0,11.663,1.516,13.179,16.328
1273,2,1,29.3,11.753,1.477,13.23,16.454
1274,2,2,28.5,11.942,1.445,13.387,16.719
1275,2,3,27.7,11.893,1.384,13.277,16.65
1276,2,4,27.0,12.186,1.365,13.551,17.061
1277,2,5,26.4,12.081,1.308,13.39,16.914
1278,2,6,25.9,12.156,1.281,13.437,17.018
1279,2,7,25.6,12.2,1.264,13.464,17.08
1280,2,8,25.5,12.332,1.27,13.602,17.264
1281,2,9,25.6,12.379,1.283,13.661,17.33
1282,2,10,25.9,12.522,1.32,13.843,17.531
1283,2,11,26.4,12.584,1.362,13.946,17.617
1284,2,12,27.0,12.422,1.391,13.813,17.391
1285,2,13,27.7,12.355,1.437,13.792,17.297
1286,2,14,28.5,12.268,1.484,13.752,17.175
1287,2,15,29.3,12.445,1.564,14.008,17.422
1288,2,16,30.0,12.208,1.587,13.795,17.091
1289,2,17,30.6,12.015,1.607,13.622,16.821
1290,2,18,31.1,12.175,1.663,13.838,17.045
1291,2,19,31.4,12.291,1.701,13.992,17.208
1292,2,20,31.5,11.954,1.662,13.615,16.735
1293,2,21,31.4,11.963,1.655,13.618,16.748
1294,2,22,31.1,11.829,1.616,13.445,16.561
1295,2,23,30.6,11.775,1.575,13.349,16.485
1296,2,0,30.0,11.864,1.542,13.407,16.61
1297,2,1,29.3,11.756,1.477,13.233,16.458
1298,2,2,28.5,11.848,1.434,13.281,16.587
1299,2,3,27.7,11.911,1.386,13.297,16.676
1300,2,4,27.0,11.888,1.331,13.219,16.643
1301,2,5,26.4,12.141,1.315,13.456,16.998
1302,2,6,25.9,12.119,1.277,13.396,16.966
1303,2,7,25.6,12.155,1.259,13.414,17.017
1304,2,8,25.5,12.372,1.274,13.646,17.321
1305,2,9,25.6,12.304,1.275,13.579,17.226
1306,2,10,25.9,12.454,1.313,13.767,17.436
1307,2,11,26.4,12.487,1.352,13.839,17.482
1308,2,12,27.0,12.609,1.412,14.021,17.653
1309,2,13,27.7,12.536,1.458,13.994,17.55
1310,2,14,28.5,12.449,1.506,13.956,17.429
1311,2,15,29.3,12.476,1.568,14.043,17.466
1312,2,16,30.0,12.457,1.619,14.077,17.44
1313,2,17,30.6,12.286,1.643,13.929,17.201
1314,2,18,31.1,12.137,1.658,13.795,16.992
1315,2,19,31.4,11.911,1.648,13.559,16.675
1316,2,20,31.5,11.848,1.647,13.495,16.587
1317,2,21,31.4,11.848,1.64,13.488,16.588
1318,2,22,31.1,11.76,1.606,13.366,16.464
1319,2,23,30.6,11.766,1.573,13.339,16.472
1320,2,0,30.0,11.778,1.531,13.309,16.489
1321,2,1,29.3,11.838,1.488,13.325,16.573
1322,2,2,28.5,11.814,1.429,13.243,16.54
1323,2,3,27.7,11.928,1.388,13.315,16.699
1324,2,4,27.0,11.961,1.34,13.3,16.745
1325,2,5,26.4,11.845,1.282,13.127,16.582
1326,2,6,25.9,12.042,1.269,13.312,16.859
1327,2,7,25.6,12.216,1.266,13.482,17.103
1328,2,8,25.5,12.197,1.256,13.454,17.076
1329,2,9,25.6,12.454,1.29,13.744,17.435
1330,2,10,25.9,12.605,1.329,13.933,17.647
1331,2,11,26.4,12.61,1.365,13.975,17.654
1332,2,12,27.0,12.479,1.398,13.877,17.471
1333,2,13,27.7,12.637,1.47,14.107,17.692
1334,2,14,28.5,12.467,1.508,13.975,17.453
1335,2,15,29.3,12.36,1.553,13.913,17.304
1336,2,16,30.0,12.257,1.593,13.85,17.16
1337,2,17,30.6,12.2,1.632,13.832,17.08
1338,2,18,31.1,12.098,1.652,13.75,16.937
1339,2,19,31.4,12.059,1.669,13.728,16.883
1340,2,20,31.5,11.97,1.664,13.634,16.759
1341,2,21,31.4,11.879,1.644,13.523,16.631
1342,2,22,31.1,11.865,1.621,13.485,16.611
1343,2,23,30.6,11.904,1.592,13.496,16.665
1344,2,0,30.0,11.867,1.543,13.41,16.614
1345,2,1,29.3,11.636,1.462,13.098,16.291
1346,2,2,28.5,11.566,1.399,12.965,16.192
1347,2,3,27.7,11.972,1.393,13.365,16.761
1348,2,4,27.0,11.818,1.324,13.141,16.545
1349,2,5,26.4,12.02,1.301,13.321,16.828
1350,2,6,25.9,12.019,1.267,13.286,16.827
1351,2,7,25.6,12.05,1.249,13.299,16.871
1352,2,8,25.5,12.373,1.274,13.647,17.322
1353,2,9,25.6,12.47,1.292,13.762,17.458
1354,2,10,25.9,12.394,1.306,13.7,17.352
1355,2,11,26.4,12.229,1.324,13.553,17.121
1356,2,12,27.0,12.446,1.394,13.84,17.424
1357,2,13,27.7,12.527,1.457,13.985,17.538
1358,2,14,28.5,12.304,1.489,13.793,17.225
1359,2,15,29.3,12.412,1.56,13.972,17.377
1360,2,16,30.0,12.317,1.601,13.918,17.244
1361,2,17,30.6,12.289,1.643,13.932,17.204
1362,2,18,31.1,12.148,1.659,13.808,17.008
1363,2,19,31.4,11.945,1.653,13.598,16.723
1364,2,20,31.5,12.074,1.678,13.752,16.904
1365,2,21,31.4,11.863,1.642,13.505,16.608
1366,2,22,31.1,11.818,1.614,13.433,16.546
1367,2,23,30.6,11.691,1.563,13.255,16.368
1368,2,0,30.0,11.728,1.525,13.253,16.419
1369,2,1,29.3,11.696,1.47,13.166,16.375
1370,2,2,28.5,11.804,1.428,13.232,16.525
1371,2,3,27.7,12.05,1.402,13.452,16.87
1372,2,4,27.0,11.817,1.324,13.141,16.544
1373,2,5,26.4,11.881,1.286,13.167,16.633
1374,2,6,25.9,12.283,1.295,13.578,17.197
1375,2,7,25.6,12.21,1.265,13.475,17.094
1376,2,8,25.5,12.252,1.262,13.513,17.152
1377,2,9,25.6,12.498,1.295,13.793,17.497
1378,2,10,25.9,12.391,1.306,13.697,17.348
1379,2,11,26.4,12.671,1.372,14.043,17.739
1380,2,12,27.0,12.568,1.408,13.976,17.596
1381,2,13,27.7,12.439,1.447,13.886,17.415
1382,2,14,28.5,12.667,1.533,14.2,17.734
1383,2,15,29.3,12.333,1.55,13.883,17.267
1384,2,16,30.0,12.393,1.611,14.004,17.35
1385,2,17,30.6,12.261,1.64,13.9,17.165
1386,2,18,31.1,12.267,1.675,13.942,17.173
1387,2,19,31.4,12.198,1.688,13.886,17.078
1388,2,20,31.5,11.958,1.662,13.62,16.741
1389,2,21,31.4,11.804,1.633,13.437,16.525
1390,2,22,31.1,11.867,1.621,13.488,16.614
1391,2,23,30.6,11.717,1.567,13.284,16.404
1392,2,0,30.0,11.974,1.557,13.53,16.763
1393,2,1,29.3,11.798,1.483,13.281,16.518
1394,2,2,28.5,11.785,1.426,13.21,16.498
1395,2,3,27.7,11.897,1.384,13.282,16.656
1396,2,4,27.0,11.82,1.324,13.143,16.547
1397,2,5,26.4,11.945,1.293,13.238,16.723
1398,2,6,25.9,12.256,1.292,13.548,17.159
1399,2,7,25.6,12.165,1.26,13.425,17.031
1400,2,8,25.5,12.214,1.258,13.472,17.099
1401,2,9,25.6,12.447,1.29,13.737,17.426
1402,2,10,25.9,12.57,1.325,13.895,17.598
1403,2,11,26.4,12.56,1.36,13.92,17.584
1404,2,12,27.0,12.6,1.411,14.011,17.64
1405,2,13,27.7,12.412,1.444,13.856,17.377
1406,2,14,28.5,12.309,1.489,13.799,17.233
1407,2,15,29.3,12.544,1.576,14.12,17.562
1408,2,16,30.0,12.286,1.597,13.883,17.201
1409,2,17,30.6,12.206,1.632,13.838,17.088
1410,2,18,31.1,12.269,1.676,13.945,17.177
1411,2,19,31.4,12.098,1.674,13.772,16.937
1412,2,20,31.5,12.0,1.668,13.668,16.8
1413,2,21,31.4,12.095,1.674,13.769,16.934
1414,2,22,31.1,11.757,1.606,13.363,16.459
1415,2,23,30.6,11.877,1.588,13.466,16.628
1416,2,0,30.0,11.778,1.531,13.309,16.489
1417,2,1,29.3,11.812,1.484,13.296,16.536
1418,2,2,28.5,11.974,1.449,13.423,16.763
1419,2,3,27.7,11.93,1.388,13.318,16.702
1420,2,4,27.0,12.008,1.345,13.353,16.811
1421,2,5,26.4,12.149,1.315,13.465,17.009
1422,2,6,25.9,12.1,1.275,13.375,16.94
1423,2,7,25.6,12.147,1.259,13.405,17.005
1424,2,8,25.5,12.214,1.258,13.472,17.099
1425,2,9,25.6,12.197,1.264,13.461,17.076
1426,2,10,25.9,12.657,1.334,13.992,17.72
1427,2,11,26.4,12.378,1.34,13.718,17.329
1428,2,12,27.0,12.478,1.398,13.876,17.47
1429,2,13,27.7,12.46,1.45,13.91,17.445
1430,2,14,28.5,12.482,1.51,13.993,17.475
1431,2,15,29.3,12.475,1.568,14.043,17.466
1432,2,16,30.0,12.404,1.613,14.017,17.366
1433,2,17,30.6,12.172,1.628,13.8,17.041
1434,2,18,31.1,12.12,1.655,13.775,16.968
1435,2,19,31.4,12.07,1.67,13.741,16.899
1436,2,20,31.5,11.929,1.658,13.588,16.701
1437,2,21,31.4,12.04,1.666,13.706,16.856
1438,2,22,31.1,11.87,1.621,13.491,16.618
1439,2,23,30.6,11.858,1.586,13.444,16.601
1440,3,0,30.5,11.971,1.592,13.563,16.759
1441,3,1,29.8,12.034,1.548,13.583,16.848
1442,3,2,29.0,11.972,1.485,13.456,16.761
1443,3,3,28.2,11.883,1.418,13.301,16.636
1444,3,4,27.5,12.129,1.395,13.523,16.98
1445,3,5,26.9,12.112,1.348,13.46,16.957
1446,3,6,26.4,12.22,1.325,13.545,17.108
1447,3,7,26.1,12.427,1.325,13.752,17.397
1448,3,8,26.0,12.581,1.334,13.914,17.613
1449,3,9,26.1,12.535,1.336,13.872,17.549
1450,3,10,26.4,12.622,1.368,13.991,17.671
1451,3,11,26.9,12.799,1.424,14.223,17.918
1452,3,12,27.5,12.665,1.456,14.121,17.731
1453,3,13,28.2,12.889,1.538,14.427,18.044
1454,3,14,29.0,12.648,1.568,14.217,17.707
1455,3,15,29.8,12.357,1.59,13.947,17.3
1456,3,16,30.5,12.532,1.667,14.199,17.545
1457,3,17,31.1,12.406,1.696,14.102,17.369
1458,3,18,31.6,12.402,1.731,14.133,17.362
1459,3,19,31.9,12.245,1.731,13.976,17.143
1460,3,20,32.0,12.075,1.715,13.789,16.905
1461,3,21,31.9,11.89,1.681,13.571,16.646
1462,3,22,31.6,11.933,1.666,13.599,16.706
1463,3,23,31.1,11.832,1.618,13.45,16.565
1464,3,0,30.5,11.846,1.576,13.422,16.585
1465,3,1,29.8,11.976,1.541,13.517,16.766
1466,3,2,29.0,12.121,1.503,13.624,16.969
1467,3,3,28.2,12.052,1.438,13.49,16.873
1468,3,4,27.5,11.969,1.376,13.345,16.757
1469,3,5,26.9,12.222,1.36,13.582,17.111
1470,3,6,26.4,12.392,1.343,13.736,17.349
1471,3,7,26.1,12.307,1.312,13.619,17.23
1472,3,8,26.0,12.443,1.319,13.762,17.421
1473,3,9,26.1,12.535,1.336,13.871,17.548
1474,3,10,26.4,12.513,1.357,13.87,17.518
1475,3,11,26.9,12.693,1.412,14.106,17.77
1476,3,12,27.5,12.629,1.452,14.081,17.68
1477,3,13,28.2,12.67,1.512,14.182,17.738
1478,3,14,29.0,12.503,1.55,14.053,17.504
1479,3,15,29.8,12.489,1.607,14.096,17.485
1480,3,16,30.5,12.529,1.666,14.195,17.541
1481,3,17,31.1,12.331,1.686,14.017,17.263
1482,3,18,31.6,12.445,1.737,14.183,17.424
1483,3,19,31.9,12.137,1.716,13.854,16.992
1484,3,20,32.0,12.111,1.72,13.831,16.956
1485,3,21,31.9,12.106,1.712,13.817,16.948
1486,3,22,31.6,11.812,1.649,13.461,16.537
1487,3,23,31.1,11.741,1.605,13.346,16.437
1488,3,0,30.5,11.752,1.563,13.315,16.453
1489,3,1,29.8,12.043,1.549,13.593,16.861
1490,3,2,29.0,11.899,1.475,13.374,16.658
1491,3,3,28.2,12.268,1.464,13.732,17.175
1492,3,4,27.5,12.032,1.384,13.416,16.845
1493,3,5,26.9,12.196,1.357,13.553,17.074
1494,3,6,26.4,12.427,1.347,13.774,17.398
1495,3,7,26.1,12.569,1.34,13.909,17.596
1496,3,8,26.0,12.663,1.342,14.005,17.728
1497,3,9,26.1,12.654,1.349,14.003,17.715
1498,3,10,26.4,12.694,1.376,14.07,17.772
1499,3,11,26.9,12.688,1.412,14.099,17.763
1500,3,12,27.5,12.719,1.463,14.181,17.806
1501,3,13,28.2,12.573,1.501,14.074,17.603
1502,3,14,29.0,12.51,1.551,14.061,17.514
1503,3,15,29.8,12.533,1.612,14.145,17.546
1504,3,16,30.5,12.44,1.654,14.094,17.416
1505,3,17,31.1,12.323,1.685,14.008,17.252
1506,3,18,31.6,12.342,1.723,14.065,17.279
1507,3,19,31.9,12.273,1.735,14.008,17.182
1508,3,20,32.0,12.097,1.718,13.815,16.936
1509,3,21,31.9,12.16,1.719,13.879,17.024
1510,3,22,31.6,11.84,1.653,13.492,16.576
1511,3,23,31.1,11.898,1.627,13.524,16.657
1512,3,0,30.5,11.833,1.574,13.407,16.566
1513,3,1,29.8,11.73,1.509,13.24,16.423
1514,3,2,29.0,11.946,1.481,13.427,16.724
1515,3,3,28.2,12.0,1.432,13.432,16.8
1516,3,4,27.5,12.24,1.408,13.648,17.136
1517,3,5,26.9,12.241,1.362,13.603,17.137
1518,3,6,26.4,12.17,1.319,13.49,17.038
1519,3,7,26.1,12.553,1.338,13.892,17.575
1520,3,8,26.0,12.579,1.333,13.912,17.61
1521,3,9,26.1,12.591,1.342,13.934,17.628
1522,3,10,26.4,12.569,1.363,13.932,17.597
1523,3,11,26.9,12.532,1.395,13.927,17.545
1524,3,12,27.5,12.604,1.449,14.053,17.645
1525,3,13,28.2,12.737,1.52,14.257,17.832
1526,3,14,29.0,12.78,1.585,14.365,17.892
1527,3,15,29.8,12.687,1.632,14.32,17.762
1528,3,16,30.5,12.408,1.65,14.058,17.371
1529,3,17,31.1,12.256,1.676,13.932,17.158
1530,3,18,31.6,12.287,1.715,14.002,17.202
1531,3,19,31.9,12.001,1.697,13.697,16.801
1532,3,20,32.0,12.121,1.721,13.842,16.969
1533,3,21,31.9,11.998,1.696,13.694,16.797
1534,3,22,31.6,11.907,1.662,13.569,16.67
1535,3,23,31.1,11.758,1.608,13.365,16.461
1536,3,0,30.5,11.956,1.59,13.546,16.738
1537,3,1,29.8,11.864,1.526,13.39,16.609
1538,3,2,29.0,11.837,1.468,13.305,16.572
1539,3,3,28.2,11.725,1.399,13.124,16.415
1540,3,4,27.5,12.086,1.39,13.476,16.92
1541,3,5,26.9,12.355,1.375,13.729,17.297
1542,3,6,26.4,12.439,1.349,13.787,17.414
1543,3,7,26.1,12.322,1.314,13.636,17.251
1544,3,8,26.0,12.397,1.314,13.711,17.355
1545,3,9,26.1,12.58,1.341,13.921,17.612
1546,3,10,26.4,12.492,1.354,13.846,17.488
1547,3,11,26.9,12.659,1.409,14.067,17.722
1548,3,12,27.5,12.718,1.463,14.18,17.805
1549,3,13,28.2,12.751,1.522,14.273,17.851
1550,3,14,29.0,12.582,1.56,14.142,17.614
1551,3,15,29.8,12.513,1.61,14.123,17.518
1552,3,16,30.5,12.369,1.645,14.014,17.317
1553,3,17,31.1,12.285,1.68,13.965,17.199
1554,3,18,31.6,12.25,1.71,13.96,17.15
1555,3,19,31.9,12.214,1.727,13.941,17.1
1556,3,20,32.0,12.18,1.73,13.91,17.052
1557,3,21,31.9,11.932,1.687,13.619,16.705
1558,3,22,31.6,12.103,1.689,13.793,16.944
1559,3,23,31.1,11.89,1.626,13.516,16.646
1560,3,0,30.5,11.902,1.583,13.485,16.663
1561,3,1,29.8,11.842,1.524,13.366,16.579
1562,3,2,29.0,11.711,1.452,13.164,16.396
1563,3,3,28.2,12.101,1.444,13.545,16.941
1564,3,4,27.5,12.162,1.399,13.561,17.027
1565,3,5,26.9,12.149,1.352,13.501,17.009
1566,3,6,26.4,12.279,1.331,13.611,17.191
1567,3,7,26.1,12.42,1.324,13.744,17.387
1568,3,8,26.0,12.301,1.304,13.604,17.221
1569,3,9,26.1,12.48,1.331,13.811,17.472
1570,3,10,26.4,12.671,1.374,14.045,17.739
1571,3,11,26.9,12.503,1.391,13.894,17.504
1572,3,12,27.5,12.67,1.457,14.127,17.738
1573,3,13,28.2,12.493,1.491,13.984,17.49
1574,3,14,29.0,12.638,1.567,14.205,17.694
1575,3,15,29.8,12.53,1.612,14.142,17.541
1576,3,16,30.5,12.295,1.635,13.931,17.213
1577,3,17,31.1,12.484,1.707,14.191,17.478
1578,3,18,31.6,12.199,1.703,13.902,17.079
1579,3,19,31.9,12.096,1.71,13.807,16.935
1580,3,20,32.0,12.109,1.719,13.828,16.952
1581,3,21,31.9,12.127,1.715,13.842,16.978
1582,3,22,31.6,11.852,1.654,13.507,16.593
1583,3,23,31.1,11.923,1.63,13.554,16.693
1584,3,0,30.5,11.947,1.589,13.536,16.726
1585,3,1,29.8,11.986,1.542,13.529,16.781
1586,3,2,29.0,11.972,1.484,13.456,16.76
1587,3,3,28.2,11.976,1.429,13.405,16.766
1588,3,4,27.5,12.006,1.381,13.387,16.808
1589,3,5,26.9,12.186,1.356,13.542,17.06
1590,3,6,26.4,12.166,1.319,13.484,17.032
1591,3,7,26.1,12.076,1.287,13.363,16.906
1592,3,8,26.0,12.5,1.325,13.826,17.501
1593,3,9,26.1,12.623,1.346,13.969,17.673
1594,3,10,26.4,12.355,1.339,13.695,17.297
1595,3,11,26.9,12.527,1.394,13.921,17.538
1596,3,12,27.5,12.703,1.461,14.164,17.784
1597,3,13,28.2,12.834,1.532,14.366,17.968
1598,3,14,29.0,12.594,1.562,14.155,17.631
1599,3,15,29.8,12.46,1.603,14.063,17.444
1600,3,16,30.5,12.439,1.654,14.093,17.414
1601,3,17,31.1,12.506,1.71,14.215,17.508
1602,3,18,31.6,12.208,1.704,13.912,17.091
1603,3,19,31.9,12.098,1.71,13.808,16.937
1604,3,20,32.0,12.04,1.71,13.75,16.857
1605,3,21,31.9,11.917,1.685,13.602,16.684
1606,3,22,31.6,11.966,1.67,13.636,16.753
1607,3,23,31.1,12.08,1.652,13.731,16.911
1608,3,0,30.5,11.937,1.588,13.524,16.712
1609,3,1,29.8,11.892,1.53,13.422,16.649
1610,3,2,29.0,11.925,1.479,13.403,16.695
1611,3,3,28.2,11.856,1.415,13.271,16.598
1612,3,4,27.5,12.177,1.4,13.577,17.048
1613,3,5,26.9,12.17,1.354,13.524,17.038
1614,3,6,26.4,12.255,1.329,13.583,17.157
1615,3,7,26.1,12.687,1.353,14.04,17.762
1616,3,8,26.0,12.487,1.324,13.81,17.481
1617,3,9,26.1,12.458,1.328,13.786,17.441
1618,3,10,26.4,12.549,1.36,13.909,17.569
1619,3,11,26.9,12.743,1.418,14.161,17.84
1620,3,12,27.5,12.652,1.455,14.107,17.713
1621,3,13,28.2,12.485,1.49,13.974,17.478
1622,3,14,29.0,12.684,1.573,14.256,17.757
1623,3,15,29.8,12.466,1.604,14.07,17.453
1624,3,16,30.5,12.644,1.682,14.326,17.702
1625,3,17,31.1,12.476,1.706,14.182,17.466
1626,3,18,31.6,12.228,1.707,13.935,17.119
1627,3,19,31.9,12.306,1.74,14.045,17.228
1628,3,20,32.0,12.095,1.718,13.813,16.934
1629,3,21,31.9,12.098,1.71,13.808,16.937
1630,3,22,31.6,12.002,1.675,13.678,16.803
1631,3,23,31.1,11.832,1.618,13.45,16.565
1632,3,0,30.5,11.84,1.575,13.415,16.576
1633,3,1,29.8,12.02,1.546,13.567,16.828
1634,3,2,29.0,11.92,1.478,13.399,16.689
1635,3,3,28.2,11.972,1.429,13.401,16.761
1636,3,4,27.5,11.993,1.379,13.372,16.79
1637,3,5,26.9,12.22,1.36,13.58,17.108
1638,3,6,26.4,12.479,1.353,13.832,17.471
1639,3,7,26.1,12.261,1.307,13.568,17.166
1640,3,8,26.0,12.459,1.321,13.78,17.443
1641,3,9,26.1,12.674,1.351,14.026,17.744
1642,3,10,26.4,12.584,1.364,13.948,17.617
1643,3,11,26.9,12.674,1.41,14.084,17.743
1644,3,12,27.5,12.535,1.441,13.976,17.549
1645,3,13,28.2,12.671,1.512,14.183,17.74
1646,3,14,29.0,12.573,1.559,14.132,17.602
1647,3,15,29.8,12.632,1.625,14.257,17.684
1648,3,16,30.5,12.576,1.673,14.248,17.606
1649,3,17,31.1,12.627,1.726,14.353,17.678
1650,3,18,31.6,12.331,1.721,14.052,17.263
1651,3,19,31.9,12.21,1.726,13.936,17.094
1652,3,20,32.0,12.108,1.719,13.827,16.951
1653,3,21,31.9,11.977,1.693,13.67,16.768
1654,3,22,31.6,11.988,1.673,13.661,16.783
1655,3,23,31.1,11.888,1.625,13.513,16.643
1656,3,0,30.5,11.921,1.586,13.507,16.69
1657,3,1,29.8,12.049,1.55,13.599,16.868
1658,3,2,29.0,11.853,1.47,13.323,16.595
1659,3,3,28.2,12.126,1.447,13.574,16.977
1660,3,4,27.5,12.22,1.405,13.626,17.108
1661,3,5,26.9,12.166,1.354,13.519,17.032
1662,3,6,26.4,12.061,1.308,13.368,16.885
1663,3,7,26.1,12.307,1.312,13.619,17.23
1664,3,8,26.0,12.587,1.334,13.921,17.621
1665,3,9,26.1,12.531,1.336,13.867,17.543
1666,3,10,26.4,12.492,1.354,13.846,17.488
1667,3,11,26.9,12.578,1.4,13.977,17.609
1668,3,12,27.5,12.725,1.463,14.188,17.815
1669,3,13,28.2,12.683,1.514,14.197,17.756
1670,3,14,29.0,12.568,1.558,14.126,17.595
1671,3,15,29.8,12.496,1.608,14.104,17.495
1672,3,16,30.5,12.418,1.652,14.069,17.385
1673,3,17,31.1,12.276,1.678,13.954,17.186
1674,3,18,31.6,12.434,1.736,14.17,17.408
1675,3,19,31.9,12.145,1.717,13.862,17.003
1676,3,20,32.0,12.21,1.734,13.944,17.094
1677,3,21,31.9,12.165,1.72,13.884,17.03
1678,3,22,31.6,12.054,1.683,13.736,16.875
1679,3,23,31.1,11.874,1.623,13.497,16.624
1680,3,0,30.5,11.945,1.589,13.534,16.723
1681,3,1,29.8,11.915,1.533,13.448,16.681
1682,3,2,29.0,11.864,1.471,13.335,16.609
1683,3,3,28.2,12.045,1.437,13.482,16.863
1684,3,4,27.5,11.971,1.377,13.347,16.759
1685,3,5,26.9,12.296,1.368,13.664,17.215
1686,3,6,26.4,12.226,1.325,13.552,17.117
1687,3,7,26.1,12.388,1.321,13.709,17.343
1688,3,8,26.0,12.485,1.323,13.809,17.479
1689,3,9,26.1,12.507,1.333,13.841,17.51
1690,3,10,26.4,12.65,1.371,14.022,17.71
1691,3,11,26.9,12.581,1.4,13.981,17.613
1692,3,12,27.5,12.728,1.464,14.192,17.819
1693,3,13,28.2,12.494,1.491,13.985,17.491
1694,3,14,29.0,12.604,1.563,14.167,17.646
1695,3,15,29.8,12.727,1.637,14.364,17.818
1696,3,16,30.5,12.357,1.643,14.0,17.299
1697,3,17,31.1,12.3,1.682,13.982,17.22
1698,3,18,31.6,12.324,1.72,14.044,17.254
1699,3,19,31.9,12.195,1.724,13.92,17.074
1700,3,20,32.0,12.124,1.722,13.845,16.973
1701,3,21,31.9,12.061,1.705,13.767,16.886
1702,3,22,31.6,12.017,1.677,13.695,16.824
1703,3,23,31.1,12.028,1.645,13.673,16.839
1704,3,0,30.5,11.946,1.589,13.534,16.724
1705,3,1,29.8,11.893,1.53,13.423,16.65
1706,3,2,29.0,12.021,1.491,13.512,16.83
1707,3,3,28.2,12.202,1.456,13.659,17.083
1708,3,4,27.5,12.075,1.389,13.464,16.906
1709,3,5,26.9,12.08,1.344,13.424,16.912
1710,3,6,26.4,12.383,1.343,13.726,17.337
1711,3,7,26.1,12.356,1.317,13.673,17.298
1712,3,8,26.0,12.24,1.297,13.537,17.135
1713,3,9,26.1,12.618,1.345,13.963,17.665
1714,3,10,26.4,12.538,1.359,13.897,17.553
1715,3,11,26.9,12.619,1.404,14.023,17.667
1716,3,12,27.5,12.674,1.458,14.132,17.744
1717,3,13,28.2,12.647,1.509,14.157,17.706
1718,3,14,29.0,12.663,1.57,14.233,17.728
1719,3,15,29.8,12.49,1.607,14.096,17.485
1720,3,16,30.5,12.508,1.664,14.172,17.511
1721,3,17,31.1,12.342,1.688,14.03,17.279
1722,3,18,31.6,12.347,1.723,14.07,17.285
1723,3,19,31.9,12.239,1.73,13.969,17.135
1724,3,20,32.0,11.995,1.703,13.698,16.793
1725,3,21,31.9,12.121,1.714,13.835,16.969
1726,3,22,31.6,11.9,1.661,13.561,16.66
1727,3,23,31.1,11.998,1.64,13.638,16.797
1728,3,0,30.5,11.941,1.588,13.529,16.718
1729,3,1,29.8,12.101,1.557,13.658,16.941
1730,3,2,29.0,11.932,1.48,13.411,16.704
1731,3,3,28.2,11.977,1.429,13.407,16.768
1732,3,4,27.5,12.087,1.39,13.477,16.921
1733,3,5,26.9,12.147,1.352,13.499,17.006
1734,3,6,26.4,12.353,1.339,13.692,17.294
1735,3,7,26.1,12.206,1.301,13.508,17.089
1736,3,8,26.0,12.351,1.309,13.661,17.292
1737,3,9,26.1,12.426,1.325,13.751,17.397
1738,3,10,26.4,12.687,1.375,14.062,17.761
1739,3,11,26.9,12.799,1.424,14.224,17.919
1740,3,12,27.5,12.63,1.453,14.083,17.683
1741,3,13,28.2,12.611,1.505,14.117,17.656
1742,3,14,29.0,12.599,1.562,14.161,17.638
1743,3,15,29.8,12.649,1.627,14.277,17.709
1744,3,16,30.5,12.364,1.644,14.009,17.31
1745,3,17,31.1,12.392,1.694,14.086,17.349
1746,3,18,31.6,12.37,1.727,14.097,17.318
1747,3,19,31.9,12.228,1.729,13.956,17.119
1748,3,20,32.0,12.108,1.719,13.827,16.951
1749,3,21,31.9,12.112,1.713,13.825,16.957
1750,3,22,31.6,11.684,1.631,13.314,16.357
1751,3,23,31.1,11.985,1.639,13.624,16.779
1752,3,0,30.5,11.839,1.575,13.414,16.575
1753,3,1,29.8,11.734,1.51,13.244,16.428
1754,3,2,29.0,12.005,1.489,13.494,16.807
1755,3,3,28.2,12.15,1.45,13.6,17.01
1756,3,4,27.5,12.075,1.389,13.464,16.905
1757,3,5,26.9,12.273,1.366,13.638,17.182
1758,3,6,26.4,12.434,1.348,13.782,17.408
1759,3,7,26.1,12.5,1.333,13.832,17.499
1760,3,8,26.0,12.621,1.338,13.959,17.669
1761,3,9,26.1,12.607,1.344,13.951,17.65
1762,3,10,26.4,12.599,1.366,13.965,17.639
1763,3,11,26.9,12.468,1.387,13.856,17.455
1764,3,12,27.5,12.616,1.451,14.067,17.663
1765,3,13,28.2,12.544,1.497,14.041,17.562
1766,3,14,29.0,12.809,1.588,14.397,17.932
1767,3,15,29.8,12.515,1.61,14.126,17.522
1768,3,16,30.5,12.469,1.658,14.128,17.457
1769,3,17,31.1,12.423,1.699,14.122,17.392
1770,3,18,31.6,12.277,1.714,13.991,17.188
1771,3,19,31.9,12.347,1.746,14.093,17.286
1772,3,20,32.0,12.026,1.708,13.734,16.837
1773,3,21,31.9,12.032,1.701,13.733,16.845
1774,3,22,31.6,11.88,1.658,13.538,16.631
1775,3,23,31.1,11.785,1.611,13.396,16.499
1776,3,0,30.5,11.843,1.575,13.419,16.581
1777,3,1,29.8,11.913,1.533,13.446,16.679
1778,3,2,29.0,11.911,1.477,13.388,16.675
1779,3,3,28.2,11.943,1.425,13.368,16.72
1780,3,4,27.5,11.948,1.374,13.322,16.727
1781,3,5,26.9,12.169,1.354,13.523,17.037
1782,3,6,26.4,12.122,1.314,13.436,16.971
1783,3,7,26.1,12.444,1.327,13.771,17.422
1784,3,8,26.0,12.465,1.321,13.786,17.451
1785,3,9,26.1,12.387,1.321,13.708,17.342
1786,3,10,26.4,12.561,1.362,13.922,17.585
1787,3,11,26.9,12.553,1.397,13.95,17.574
1788,3,12,27.5,12.673,1.457,14.13,17.742
1789,3,13,28.2,12.762,1.523,14.285,17.867
1790,3,14,29.0,12.404,1.538,13.942,17.366
1791,3,15,29.8,12.545,1.614,14.159,17.562
1792,3,16,30.5,12.441,1.655,14.095,17.417
1793,3,17,31.1,12.435,1.7,14.135,17.409
1794,3,18,31.6,12.294,1.716,14.01,17.212
1795,3,19,31.9,12.102,1.711,13.813,16.943
1796,3,20,32.0,12.057,1.712,13.769,16.879
1797,3,21,31.9,11.933,1.687,13.62,16.706
1798,3,22,31.6,12.061,1.684,13.745,16.886
1799,3,23,31.1,11.919,1.63,13.549,16.687
1800,3,0,30.5,12.095,1.609,13.703,16.933
1801,3,1,29.8,11.911,1.532,13.443,16.675
1802,3,2,29.0,11.883,1.473,13.357,16.636
1803,3,3,28.2,11.861,1.416,13.277,16.605
1804,3,4,27.5,11.908,1.369,13.278,16.672
1805,3,5,26.9,12.019,1.337,13.356,16.827
1806,3,6,26.4,12.299,1.333,13.633,17.219
1807,3,7,26.1,12.419,1.324,13.743,17.386
1808,3,8,26.0,12.299,1.304,13.602,17.218
1809,3,9,26.1,12.623,1.346,13.968,17.672
1810,3,10,26.4,12.543,1.36,13.903,17.561
1811,3,11,26.9,12.643,1.407,14.05,17.7
1812,3,12,27.5,12.802,1.472,14.274,17.923
1813,3,13,28.2,12.718,1.518,14.236,17.805
1814,3,14,29.0,12.565,1.558,14.123,17.591
1815,3,15,29.8,12.444,1.601,14.045,17.422
1816,3,16,30.5,12.242,1.628,13.87,17.138
1817,3,17,31.1,12.296,1.681,13.977,17.215
1818,3,18,31.6,12.252,1.71,13.962,17.152
1819,3,19,31.9,12.079,1.708,13.786,16.91
1820,3,20,32.0,12.076,1.715,13.79,16.906
1821,3,21,31.9,12.02,1.699,13.72,16.828
1822,3,22,31.6,11.931,1.665,13.597,16.704
1823,3,23,31.1,11.852,1.621,13.473,16.593
1824,3,0,30.5,11.921,1.586,13.507,16.69
1825,3,1,29.8,11.961,1.539,13.5,16.746
1826,3,2,29.0,11.845,1.469,13.314,16.583
1827,3,3,28.2,12.153,1.45,13.604,17.015
1828,3,4,27.5,12.079,1.389,13.468,16.91
1829,3,5,26.9,12.179,1.355,13.535,17.051
1830,3,6,26.4,12.344,1.338,13.682,17.281
1831,3,7,26.1,12.391,1.321,13.712,17.348
1832,3,8,26.0,12.552,1.331,13.883,17.573
1833,3,9,26.1,12.562,1.339,13.901,17.586
1834,3,10,26.4,12.53,1.358,13.889,17.542
1835,3,11,26.9,12.665,1.409,14.074,17.73
1836,3,12,27.5,12.527,1.441,13.967,17.537
1837,3,13,28.2,12.639,1.508,14.148,17.695
1838,3,14,29.0,12.588,1.561,14.149,17.624
1839,3,15,29.8,12.512,1.61,14.122,17.517
1840,3,16,30.5,12.444,1.655,14.099,17.422
1841,3,17,31.1,12.18,1.665,13.845,17.052
1842,3,18,31.6,12.218,1.705,13.923,17.105
1843,3,19,31.9,12.187,1.723,13.91,17.061
1844,3,20,32.0,12.105,1.719,13.823,16.946
1845,3,21,31.9,11.91,1.684,13.593,16.673
1846,3,22,31.6,12.08,1.686,13.767,16.913
1847,3,23,31.1,11.83,1.618,13.448,16.563
1848,3,0,30.5,12.001,1.596,13.598,16.802
1849,3,1,29.8,11.96,1.539,13.499,16.744
1850,3,2,29.0,11.889,1.474,13.364,16.645
1851,3,3,28.2,12.19,1.455,13.645,17.066
1852,3,4,27.5,11.969,1.376,13.346,16.757
1853,3,5,26.9,12.269,1.365,13.635,17.177
1854,3,6,26.4,12.373,1.341,13.714,17.322
1855,3,7,26.1,12.301,1.311,13.612,17.221
1856,3,8,26.0,12.596,1.335,13.931,17.634
1857,3,9,26.1,12.508,1.334,13.842,17.511
1858,3,10,26.4,12.62,1.368,13.989,17.669
1859,3,11,26.9,12.654,1.408,14.062,17.716
1860,3,12,27.5,12.627,1.452,14.08,17.678
1861,3,13,28.2,12.709,1.517,14.226,17.793
1862,3,14,29.0,12.671,1.571,14.242,17.739
1863,3,15,29.8,12.358,1.59,13.948,17.302
1864,3,16,30.5,12.587,1.674,14.261,17.622
1865,3,17,31.1,12.202,1.668,13.87,17.082
1866,3,18,31.6,12.376,1.728,14.104,17.326
1867,3,19,31.9,12.29,1.738,14.028,17.206
1868,3,20,32.0,11.98,1.701,13.681,16.771
1869,3,21,31.9,11.971,1.693,13.664,16.76
1870,3,22,31.6,11.843,1.653,13.496,16.581
1871,3,23,31.1,11.896,1.626,13.522,16.654
1872,3,0,30.5,11.874,1.579,13.453,16.623
1873,3,1,29.8,11.995,1.543,13.538,16.793
1874,3,2,29.0,12.085,1.499,13.583,16.919
1875,3,3,28.2,12.152,1.45,13.602,17.013
1876,3,4,27.5,12.032,1.384,13.416,16.845
1877,3,5,26.9,12.157,1.353,13.509,17.019
1878,3,6,26.4,12.104,1.312,13.417,16.946
1879,3,7,26.1,12.287,1.31,13.597,17.202
1880,3,8,26.0,12.553,1.331,13.884,17.575
1881,3,9,26.1,12.695,1.353,14.048,17.772
1882,3,10,26.4,12.468,1.352,13.82,17.455
1883,3,11,26.9,12.569,1.399,13.968,17.597
1884,3,12,27.5,12.638,1.453,14.092,17.694
1885,3,13,28.2,12.656,1.51,14.167,17.719
1886,3,14,29.0,12.511,1.551,14.062,17.515
1887,3,15,29.8,12.575,1.618,14.193,17.606
1888,3,16,30.5,12.409,1.65,14.06,17.373
1889,3,17,31.1,12.367,1.691,14.057,17.313
1890,3,18,31.6,12.327,1.721,14.048,17.258
1891,3,19,31.9,12.178,1.722,13.9,17.049
1892,3,20,32.0,12.045,1.71,13.755,16.863
1893,3,21,31.9,12.001,1.697,13.698,16.802
1894,3,22,31.6,11.945,1.667,13.612,16.723
1895,3,23,31.1,11.88,1.624,13.504,16.632
1896,3,0,30.5,11.879,1.58,13.459,16.63
1897,3,1,29.8,12.077,1.554,13.631,16.908
1898,3,2,29.0,12.01,1.489,13.499,16.814
1899,3,3,28.2,11.983,1.43,13.413,16.776
1900,3,4,27.5,12.158,1.398,13.557,17.022
1901,3,5,26.9,12.144,1.351,13.495,17.002
1902,3,6,26.4,12.39,1.343,13.733,17.346
1903,3,7,26.1,12.405,1.323,13.728,17.367
1904,3,8,26.0,12.446,1.319,13.765,17.425
1905,3,9,26.1,12.578,1.341,13.919,17.609
1906,3,10,26.4,12.434,1.348,13.783,17.408
1907,3,11,26.9,12.516,1.393,13.908,17.522
1908,3,12,27.5,12.522,1.44,13.961,17.53
1909,3,13,28.2,12.643,1.509,14.151,17.7
1910,3,14,29.0,12.765,1.583,14.348,17.871
1911,3,15,29.8,12.756,1.641,14.397,17.859
1912,3,16,30.5,12.521,1.665,14.186,17.529
1913,3,17,31.1,12.418,1.698,14.116,17.385
1914,3,18,31.6,12.093,1.688,13.781,16.93
1915,3,19,31.9,12.123,1.714,13.837,16.972
1916,3,20,32.0,12.01,1.705,13.715,16.814
1917,3,21,31.9,11.95,1.69,13.64,16.73
1918,3,22,31.6,11.937,1.666,13.603,16.712
1919,3,23,31.1,11.87,1.623,13.493,16.618
1920,3,0,30.5,11.707,1.557,13.264,16.389
1921,3,1,29.8,11.992,1.543,13.535,16.789
1922,3,2,29.0,11.847,1.469,13.316,16.585
1923,3,3,28.2,12.036,1.436,13.473,16.851
1924,3,4,27.5,12.296,1.414,13.71,17.214
1925,3,5,26.9,12.085,1.345,13.43,16.92
1926,3,6,26.4,12.02,1.303,13.323,16.828
1927,3,7,26.1,12.339,1.316,13.655,17.275
1928,3,8,26.0,12.567,1.332,13.899,17.594
1929,3,9,26.1,12.729,1.357,14.086,17.82
1930,3,10,26.4,12.469,1.352,13.82,17.456
1931,3,11,26.9,12.678,1.411,14.089,17.749
1932,3,12,27.5,12.594,1.448,14.043,17.632
1933,3,13,28.2,12.618,1.506,14.124,17.665
1934,3,14,29.0,12.856,1.594,14.45,17.998
1935,3,15,29.8,12.383,1.593,13.976,17.336
1936,3,16,30.5,12.482,1.66,14.142,17.475
1937,3,17,31.1,12.415,1.697,14.112,17.381
1938,3,18,31.6,12.381,1.728,14.11,17.334
1939,3,19,31.9,12.187,1.723,13.91,17.062
1940,3,20,32.0,12.119,1.721,13.84,16.967
1941,3,21,31.9,11.973,1.693,13.666,16.763
1942,3,22,31.6,11.981,1.672,13.653,16.773
1943,3,23,31.1,11.883,1.625,13.507,16.636
1944,3,0,30.5,11.967,1.592,13.558,16.753
1945,3,1,29.8,11.88,1.528,13.409,16.632
1946,3,2,29.0,11.992,1.487,13.479,16.788
1947,3,3,28.2,12.009,1.433,13.443,16.813
1948,3,4,27.5,12.201,1.403,13.604,17.082
1949,3,5,26.9,12.172,1.354,13.527,17.041
1950,3,6,26.4,12.095,1.311,13.407,16.934
1951,3,7,26.1,12.494,1.332,13.826,17.492
1952,3,8,26.0,12.366,1.311,13.677,17.313
1953,3,9,26.1,12.468,1.329,13.797,17.455
1954,3,10,26.4,12.532,1.359,13.891,17.545
1955,3,11,26.9,12.766,1.42,14.186,17.872
1956,3,12,27.5,12.427,1.429,13.856,17.398
1957,3,13,28.2,12.942,1.545,14.487,18.119
1958,3,14,29.0,12.697,1.574,14.272,17.776
1959,3,15,29.8,12.555,1.615,14.171,17.578
1960,3,16,30.5,12.451,1.656,14.107,17.432
1961,3,17,31.1,12.397,1.695,14.092,17.355
1962,3,18,31.6,12.325,1.72,14.045,17.255
1963,3,19,31.9,12.242,1.731,13.973,17.139
1964,3,20,32.0,12.144,1.724,13.869,17.002
1965,3,21,31.9,12.021,1.7,13.721,16.83
1966,3,22,31.6,11.934,1.666,13.6,16.708
1967,3,23,31.1,11.902,1.627,13.529,16.663
1968,3,0,30.5,11.885,1.581,13.466,16.639
1969,3,1,29.8,12.03,1.548,13.578,16.843
1970,3,2,29.0,12.013,1.49,13.503,16.819
1971,3,3,28.2,11.718,1.398,13.117,16.406
1972,3,4,27.5,12.154,1.398,13.552,17.016
1973,3,5,26.9,12.197,1.357,13.554,17.076
1974,3,6,26.4,12.271,1.33,13.601,17.179
1975,3,7,26.1,12.329,1.314,13.644,17.261
1976,3,8,26.0,12.569,1.332,13.902,17.597
1977,3,9,26.1,12.628,1.346,13.974,17.679
1978,3,10,26.4,12.514,1.357,13.871,17.52
1979,3,11,26.9,12.669,1.41,14.079,17.737
1980,3,12,27.5,12.544,1.443,13.986,17.561
1981,3,13,28.2,12.49,1.491,13.981,17.487
1982,3,14,29.0,12.529,1.554,14.082,17.54
1983,3,15,29.8,12.619,1.624,14.243,17.667
1984,3,16,30.5,12.552,1.669,14.222,17.573
1985,3,17,31.1,12.419,1.698,14.117,17.387
1986,3,18,31.6,12.345,1.723,14.068,17.283
1987,3,19,31.9,12.229,1.729,13.958,17.121
1988,3,20,32.0,12.024,1.707,13.732,16.834
1989,3,21,31.9,12.056,1.704,13.76,16.878
1990,3,22,31.6,12.034,1.68,13.714,16.847
1991,3,23,31.1,11.993,1.64,13.632,16.79
1992,3,0,30.5,12.023,1.599,13.623,16.833
1993,3,1,29.8,11.988,1.542,13.53,16.783
1994,3,2,29.0,11.989,1.487,13.476,16.785
1995,3,3,28.2,12.119,1.446,13.566,16.967
1996,3,4,27.5,12.086,1.39,13.476,16.92
1997,3,5,26.9,12.089,1.345,13.434,16.925
1998,3,6,26.4,12.256,1.329,13.585,17.159
1999,3,7,26.1,12.294,1.311,13.604,17.211
2000,3,8,26.0,12.389,1.313,13.703,17.345
2001,3,9,26.1,12.519,1.335,13.853,17.526
2002,3,10,26.4,12.512,1.356,13.869,17.517
2003,3,11,26.9,12.598,1.402,13.999,17.637
2004,3,12,27.5,12.452,1.432,13.883,17.432
2005,3,13,28.2,12.65,1.51,14.159,17.71
2006,3,14,29.0,12.592,1.561,14.153,17.628
2007,3,15,29.8,12.451,1.602,14.053,17.432
2008,3,16,30.5,12.523,1.666,14.188,17.532
2009,3,17,31.1,12.462,1.704,14.166,17.446
2010,3,18,31.6,12.112,1.691,13.803,16.957
2011,3,19,31.9,12.101,1.711,13.812,16.942
2012,3,20,32.0,12.012,1.706,13.717,16.816
2013,3,21,31.9,11.918,1.685,13.603,16.686
2014,3,22,31.6,12.037,1.68,13.717,16.852
2015,3,23,31.1,11.898,1.627,13.524,16.657
2016,3,0,30.5,11.878,1.58,13.458,16.629
2017,3,1,29.8,11.717,1.507,13.224,16.403
2018,3,2,29.0,12.017,1.49,13.508,16.824
2019,3,3,28.2,11.888,1.419,13.307,16.644
2020,3,4,27.5,12.095,1.391,13.486,16.932
2021,3,5,26.9,12.205,1.358,13.563,17.087
2022,3,6,26.4,12.409,1.345,13.754,17.372
2023,3,7,26.1,12.237,1.305,13.542,17.132
2024,3,8,26.0,12.155,1.288,13.443,17.017
2025,3,9,26.1,12.551,1.338,13.89,17.572
2026,3,10,26.4,12.772,1.385,14.156,17.88
2027,3,11,26.9,12.752,1.419,14.171,17.853
2028,3,12,27.5,12.662,1.456,14.118,17.727
2029,3,13,28.2,12.579,1.501,14.08,17.611
2030,3,14,29.0,12.672,1.571,14.244,17.741
2031,3,15,29.8,12.436,1.6,14.036,17.41
2032,3,16,30.5,12.504,1.663,14.168,17.506
2033,3,17,31.1,12.419,1.698,14.117,17.386
2034,3,18,31.6,12.379,1.728,14.107,17.33
2035,3,19,31.9,12.453,1.761,14.214,17.435
2036,3,20,32.0,12.128,1.722,13.85,16.979
2037,3,21,31.9,11.961,1.691,13.653,16.746
2038,3,22,31.6,11.951,1.668,13.62,16.732
2039,3,23,31.1,11.74,1.605,13.345,16.436
2040,3,0,30.5,11.835,1.574,13.409,16.569
2041,3,1,29.8,11.876,1.528,13.404,16.627
2042,3,2,29.0,11.901,1.476,13.377,16.662
2043,3,3,28.2,12.028,1.435,13.463,16.839
2044,3,4,27.5,12.006,1.381,13.387,16.809
2045,3,5,26.9,12.29,1.367,13.657,17.205
2046,3,6,26.4,12.273,1.331,13.603,17.182
2047,3,7,26.1,12.367,1.318,13.686,17.314
2048,3,8,26.0,12.424,1.317,13.741,17.394
2049,3,9,26.1,12.549,1.338,13.886,17.568
2050,3,10,26.4,12.674,1.374,14.048,17.744
2051,3,11,26.9,12.542,1.396,13.937,17.558
2052,3,12,27.5,12.575,1.446,14.021,17.605
2053,3,13,28.2,12.598,1.503,14.101,17.637
2054,3,14,29.0,12.457,1.545,14.002,17.44
2055,3,15,29.8,12.451,1.602,14.053,17.432
2056,3,16,30.5,12.409,1.65,14.06,17.373
2057,3,17,31.1,12.455,1.703,14.158,17.438
2058,3,18,31.6,12.299,1.717,14.016,17.219
2059,3,19,31.9,12.197,1.724,13.921,17.076
2060,3,20,32.0,12.174,1.729,13.902,17.043
2061,3,21,31.9,11.999,1.696,13.695,16.798
2062,3,22,31.6,11.993,1.674,13.667,16.79
2063,3,23,31.1,11.907,1.628,13.535,16.669
2064,3,0,30.5,11.931,1.587,13.518,16.704
2065,3,1,29.8,11.859,1.526,13.385,16.602
2066,3,2,29.0,11.71,1.452,13.162,16.394
2067,3,3,28.2,11.999,1.432,13.431,16.799
2068,3,4,27.5,12.231,1.407,13.637,17.123
2069,3,5,26.9,12.27,1.365,13.635,17.178
2070,3,6,26.4,12.369,1.341,13.71,17.317
2071,3,7,26.1,12.492,1.332,13.823,17.488
2072,3,8,26.0,12.466,1.321,13.787,17.452
2073,3,9,26.1,12.553,1.338,13.891,17.574
2074,3,10,26.4,12.53,1.358,13.888,17.542
2075,3,11,26.9,12.597,1.402,13.998,17.635
2076,3,12,27.5,12.702,1.461,14.163,17.783
2077,3,13,28.2,12.749,1.521,14.27,17.848
2078,3,14,29.0,12.578,1.56,14.137,17.609
2079,3,15,29.8,12.488,1.607,14.095,17.483
2080,3,16,30.5,12.457,1.657,14.114,17.44
2081,3,17,31.1,12.428,1.699,14.127,17.399
2082,3,18,31.6,12.128,1.693,13.821,16.98
2083,3,19,31.9,11.948,1.689,13.637,16.727
2084,3,20,32.0,12.034,1.709,13.742,16.847
2085,3,21,31.9,11.89,1.681,13.571,16.646
2086,3,22,31.6,11.903,1.662,13.565,16.664
2087,3,23,31.1,11.902,1.627,13.53,16.663
2088,3,0,30.5,11.859,1.577,13.436,16.603
2089,3,1,29.8,12.062,1.552,13.614,16.887
2090,3,2,29.0,11.987,1.486,13.473,16.781
2091,3,3,28.2,12.042,1.437,13.48,16.859
2092,3,4,27.5,12.151,1.397,13.548,17.011
2093,3,5,26.9,12.064,1.342,13.406,16.889
2094,3,6,26.4,12.377,1.342,13.718,17.327
2095,3,7,26.1,12.36,1.318,13.678,17.305
2096,3,8,26.0,12.524,1.328,13.851,17.533
2097,3,9,26.1,12.426,1.325,13.751,17.396
2098,3,10,26.4,12.436,1.348,13.784,17.411
2099,3,11,26.9,12.71,1.414,14.124,17.794
2100,3,12,27.5,12.679,1.458,14.137,17.75
2101,3,13,28.2,12.538,1.496,14.034,17.553
2102,3,14,29.0,12.505,1.551,14.055,17.506
2103,3,15,29.8,12.646,1.627,14.273,17.704
2104,3,16,30.5,12.338,1.641,13.979,17.273
2105,3,17,31.1,12.532,1.714,14.246,17.545
2106,3,18,31.6,12.183,1.701,13.883,17.056
2107,3,19,31.9,12.241,1.731,13.972,17.138
2108,3,20,32.0,12.056,1.712,13.768,16.878
2109,3,21,31.9,12.073,1.707,13.78,16.902
2110,3,22,31.6,11.899,1.661,13.56,16.659
2111,3,23,31.1,11.901,1.627,13.528,16.661
2112,3,0,30.5,11.909,1.584,13.492,16.672
2113,3,1,29.8,11.817,1.52,13.337,16.544
2114,3,2,29.0,12.028,1.491,13.519,16.839
2115,3,3,28.2,11.961,1.427,13.389,16.745
2116,3,4,27.5,12.066,1.388,13.453,16.892
2117,3,5,26.9,12.078,1.344,13.422,16.909
2118,3,6,26.4,12.016,1.303,13.319,16.823
2119,3,7,26.1,12.349,1.317,13.665,17.288
2120,3,8,26.0,12.698,1.346,14.044,17.777
2121,3,9,26.1,12.612,1.345,13.956,17.656
2122,3,10,26.4,12.59,1.365,13.955,17.626
2123,3,11,26.9,12.602,1.402,14.004,17.643
2124,3,12,27.5,12.643,1.454,14.097,17.7
2125,3,13,28.2,12.683,1.514,14.197,17.756
2126,3,14,29.0,12.474,1.547,14.02,17.463
2127,3,15,29.8,12.645,1.627,14.271,17.702
2128,3,16,30.5,12.528,1.666,14.195,17.54
2129,3,17,31.1,12.44,1.701,14.141,17.416
2130,3,18,31.6,12.317,1.719,14.036,17.243
2131,3,19,31.9,12.179,1.722,13.901,17.051
2132,3,20,32.0,12.156,1.726,13.882,17.018
2133,3,21,31.9,12.072,1.707,13.778,16.9
2134,3,22,31.6,11.918,1.664,13.582,16.686
2135,3,23,31.1,11.86,1.622,13.481,16.604
2136,3,0,30.5,11.915,1.585,13.499,16.681
2137,3,1,29.8,12.072,1.553,13.625,16.901
2138,3,2,29.0,11.83,1.467,13.297,16.562
2139,3,3,28.2,11.866,1.416,13.282,16.612
2140,3,4,27.5,12.105,1.392,13.497,16.947
2141,3,5,26.9,12.183,1.356,13.538,17.056
2142,3,6,26.4,12.29,1.332,13.622,17.206
2143,3,7,26.1,12.392,1.321,13.714,17.349
2144,3,8,26.0,12.434,1.318,13.753,17.408
2145,3,9,26.1,12.682,1.352,14.034,17.755
2146,3,10,26.4,12.431,1.348,13.779,17.404
2147,3,11,26.9,12.546,1.396,13.941,17.564
2148,3,12,27.5,12.631,1.453,14.083,17.683
2149,3,13,28.2,12.464,1.487,13.952,17.45
2150,3,14,29.0,12.574,1.559,14.133,17.604
2151,3,15,29.8,12.699,1.634,14.333,17.779
2152,3,16,30.5,12.459,1.657,14.116,17.442
2153,3,17,31.1,12.391,1.694,14.085,17.348
2154,3,18,31.6,12.147,1.696,13.842,17.005
2155,3,19,31.9,12.116,1.713,13.829,16.962
2156,3,20,32.0,12.051,1.711,13.762,16.872
2157,3,21,31.9,11.981,1.694,13.675,16.773
2158,3,22,31.6,12.082,1.687,13.769,16.915
2159,3,23,31.1,11.973,1.637,13.61,16.762
2160,4,0,30.0,11.926,1.55,13.476,16.696
2161,4,1,29.3,12.074,1.517,13.591,16.904
2162,4,2,28.5,12.137,1.469,13.605,16.991
2163,4,3,27.7,12.26,1.426,13.686,17.164
2164,4,4,27.0,12.381,1.387,13.768,17.333
2165,4,5,26.4,12.211,1.322,13.533,17.096
2166,4,6,25.9,12.328,1.3,13.628,17.259
2167,4,7,25.6,12.38,1.283,13.662,17.332
2168,4,8,25.5,12.572,1.295,13.867,17.601
2169,4,9,25.6,12.719,1.318,14.037,17.807
2170,4,10,25.9,12.83,1.352,14.183,17.962
2171,4,11,26.4,12.761,1.382,14.143,17.866
2172,4,12,27.0,12.749,1.428,14.177,17.849
2173,4,13,27.7,12.784,1.487,14.271,17.897
2174,4,14,28.5,12.648,1.53,14.178,17.707
2175,4,15,29.3,12.881,1.619,14.5,18.034
2176,4,16,30.0,12.434,1.616,14.051,17.408
2177,4,17,30.6,12.524,1.675,14.199,17.533
2178,4,18,31.1,12.611,1.723,14.334,17.656
2179,4,19,31.4,12.313,1.704,14.017,17.239
2180,4,20,31.5,12.204,1.696,13.9,17.086
2181,4,21,31.4,12.11,1.676,13.786,16.954
2182,4,22,31.1,12.069,1.648,13.717,16.896
2183,4,23,30.6,12.187,1.63,13.817,17.062
2184,4,0,30.0,11.816,1.536,13.352,16.542
2185,4,1,29.3,12.203,1.533,13.736,17.084
2186,4,2,28.5,11.944,1.445,13.39,16.722
2187,4,3,27.7,12.119,1.41,13.529,16.967
2188,4,4,27.0,12.18,1.364,13.544,17.052
2189,4,5,26.4,12.372,1.339,13.711,17.32
2190,4,6,25.9,12.249,1.291,13.54,17.149
2191,4,7,25.6,12.552,1.301,13.852,17.572
2192,4,8,25.5,12.798,1.318,14.116,17.917
2193,4,9,25.6,12.536,1.299,13.835,17.55
2194,4,10,25.9,12.75,1.344,14.095,17.851
2195,4,11,26.4,12.702,1.375,14.078,17.783
2196,4,12,27.0,12.824,1.436,14.26,17.954
2197,4,13,27.7,12.771,1.486,14.256,17.879
2198,4,14,28.5,12.667,1.533,14.2,17.734
2199,4,15,29.3,12.721,1.599,14.32,17.81
2200,4,16,30.0,12.776,1.661,14.436,17.886
2201,4,17,30.6,12.486,1.67,14.156,17.481
2202,4,18,31.1,12.481,1.705,14.186,17.473
2203,4,19,31.4,12.183,1.686,13.869,17.057
2204,4,20,31.5,12.127,1.686,13.813,16.978
2205,4,21,31.4,12.193,1.687,13.88,17.07
2206,4,22,31.1,12.235,1.671,13.906,17.129
2207,4,23,30.6,12.085,1.616,13.701,16.919
2208,4,0,30.0,12.006,1.561,13.566,16.808
2209,4,1,29.3,12.049,1.514,13.564,16.869
2210,4,2,28.5,11.962,1.447,13.409,16.746
2211,4,3,27.7,12.206,1.42,13.626,17.089
2212,4,4,27.0,12.311,1.379,13.69,17.236
2213,4,5,26.4,12.268,1.328,13.596,17.175
2214,4,6,25.9,12.362,1.303,13.665,17.307
2215,4,7,25.6,12.532,1.298,13.831,17.545
2216,4,8,25.5,12.552,1.293,13.844,17.572
2217,4,9,25.6,12.666,1.312,13.978,17.732
2218,4,10,25.9,12.941,1.364,14.306,18.118
2219,4,11,26.4,12.744,1.38,14.124,17.842
2220,4,12,27.0,12.746,1.427,14.173,17.844
2221,4,13,27.7,12.704,1.478,14.182,17.785
2222,4,14,28.5,12.806,1.55,14.355,17.928
2223,4,15,29.3,12.654,1.59,14.244,17.716
2224,4,16,30.0,12.53,1.629,14.159,17.542
2225,4,17,30.6,12.638,1.69,14.328,17.693
2226,4,18,31.1,12.551,1.714,14.265,17.571
2227,4,19,31.4,12.253,1.696,13.948,17.154
2228,4,20,31.5,12.036,1.673,13.709,16.851
2229,4,21,31.4,12.247,1.695,13.941,17.145
2230,4,22,31.1,12.018,1.642,13.66,16.826
2231,4,23,30.6,12.129,1.622,13.75,16.98
2232,4,0,30.0,11.84,1.539,13.379,16.576
2233,4,1,29.3,12.139,1.525,13.664,16.994
2234,4,2,28.5,11.966,1.448,13.413,16.752
2235,4,3,27.7,12.219,1.422,13.64,17.107
2236,4,4,27.0,12.224,1.369,13.594,17.114
2237,4,5,26.4,12.217,1.323,13.54,17.104
2238,4,6,25.9,12.368,1.304,13.672,17.316
2239,4,7,25.6,12.574,1.303,13.877,17.604
2240,4,8,25.5,12.606,1.298,13.904,17.648
2241,4,9,25.6,12.731,1.319,14.05,17.823
2242,4,10,25.9,12.929,1.363,14.292,18.101
2243,4,11,26.4,12.612,1.366,13.978,17.657
2244,4,12,27.0,12.943,1.45,14.393,18.12
2245,4,13,27.7,12.779,1.487,14.266,17.891
2246,4,14,28.5,12.642,1.53,14.171,17.698
2247,4,15,29.3,12.539,1.576,14.115,17.555
2248,4,16,30.0,12.576,1.635,14.211,17.607
2249,4,17,30.6,12.598,1.685,14.282,17.637
2250,4,18,31.1,12.396,1.693,14.09,17.355
2251,4,19,31.4,12.464,1.725,14.189,17.449
2252,4,20,31.5,12.078,1.679,13.757,16.909
2253,4,21,31.4,12.145,1.681,13.825,17.003
2254,4,22,31.1,11.961,1.634,13.595,16.746
2255,4,23,30.6,12.086,1.616,13.702,16.92
2256,4,0,30.0,12.126,1.576,13.702,16.976
2257,4,1,29.3,12.007,1.509,13.516,16.81
2258,4,2,28.5,11.826,1.431,13.257,16.557
2259,4,3,27.7,12.166,1.415,13.581,17.032
2260,4,4,27.0,12.267,1.374,13.64,17.173
2261,4,5,26.4,12.353,1.338,13.691,17.294
2262,4,6,25.9,12.533,1.321,13.854,17.546
2263,4,7,25.6,12.398,1.285,13.683,17.358
2264,4,8,25.5,12.663,1.304,13.968,17.729
2265,4,9,25.6,12.792,1.325,14.117,17.908
2266,4,10,25.9,12.554,1.323,13.877,17.575
2267,4,11,26.4,12.801,1.386,14.187,17.921
2268,4,12,27.0,12.731,1.426,14.157,17.823
2269,4,13,27.7,12.761,1.485,14.245,17.865
2270,4,14,28.5,12.766,1.545,14.311,17.873
2271,4,15,29.3,12.624,1.586,14.21,17.673
2272,4,16,30.0,12.528,1.629,14.156,17.539
2273,4,17,30.6,12.509,1.673,14.182,17.512
2274,4,18,31.1,12.3,1.68,13.98,17.221
2275,4,19,31.4,12.204,1.689,13.893,17.086
2276,4,20,31.5,12.291,1.708,13.999,17.207
2277,4,21,31.4,12.031,1.665,13.696,16.843
2278,4,22,31.1,12.153,1.66,13.813,17.015
2279,4,23,30.6,12.096,1.618,13.713,16.934
2280,4,0,30.0,11.864,1.542,13.407,16.61
2281,4,1,29.3,11.982,1.506,13.487,16.774
2282,4,2,28.5,12.206,1.477,13.683,17.089
2283,4,3,27.7,12.048,1.402,13.449,16.867
2284,4,4,27.0,12.177,1.364,13.54,17.047
2285,4,5,26.4,12.359,1.338,13.697,17.303
2286,4,6,25.9,12.487,1.316,13.804,17.482
2287,4,7,25.6,12.48,1.293,13.773,17.472
2288,4,8,25.5,12.535,1.291,13.827,17.55
2289,4,9,25.6,12.815,1.328,14.142,17.94
2290,4,10,25.9,12.905,1.36,14.266,18.068
2291,4,11,26.4,12.867,1.393,14.26,18.013
2292,4,12,27.0,12.79,1.432,14.222,17.906
2293,4,13,27.7,12.688,1.476,14.164,17.763
2294,4,14,28.5,12.648,1.53,14.179,17.708
2295,4,15,29.3,12.725,1.599,14.324,17.814
2296,4,16,30.0,12.637,1.643,14.28,17.692
2297,4,17,30.6,12.646,1.691,14.337,17.704
2298,4,18,31.1,12.474,1.704,14.178,17.464
2299,4,19,31.4,12.162,1.683,13.846,17.027
2300,4,20,31.5,12.328,1.714,14.042,17.259
2301,4,21,31.4,12.046,1.667,13.713,16.864
2302,4,22,31.1,12.048,1.646,13.694,16.868
2303,4,23,30.6,12.075,1.615,13.689,16.904
2304,4,0,30.0,12.236,1.591,13.827,17.131
2305,4,1,29.3,12.36,1.553,13.914,17.305
2306,4,2,28.5,12.147,1.47,13.617,17.006
2307,4,3,27.7,12.128,1.411,13.538,16.979
2308,4,4,27.0,12.276,1.375,13.651,17.187
2309,4,5,26.4,12.402,1.343,13.744,17.362
2310,4,6,25.9,12.377,1.305,13.682,17.328
2311,4,7,25.6,12.685,1.314,13.999,17.759
2312,4,8,25.5,12.618,1.3,13.918,17.666
2313,4,9,25.6,12.722,1.318,14.04,17.811
2314,4,10,25.9,12.798,1.349,14.147,17.917
2315,4,11,26.4,12.811,1.387,14.198,17.935
2316,4,12,27.0,12.865,1.441,14.306,18.011
2317,4,13,27.7,12.707,1.478,14.185,17.79
2318,4,14,28.5,12.676,1.534,14.209,17.746
2319,4,15,29.3,12.562,1.579,14.141,17.587
2320,4,16,30.0,12.639,1.643,14.282,17.695
2321,4,17,30.6,12.583,1.683,14.266,17.617
2322,4,18,31.1,12.455,1.701,14.156,17.437
2323,4,19,31.4,12.48,1.727,14.207,17.472
2324,4,20,31.5,12.222,1.699,13.921,17.111
2325,4,21,31.4,12.213,1.69,13.903,17.098
2326,4,22,31.1,11.978,1.636,13.614,16.769
2327,4,23,30.6,12.011,1.606,13.617,16.815
2328,4,0,30.0,12.106,1.574,13.68,16.949
2329,4,1,29.3,12.134,1.525,13.659,16.988
2330,4,2,28.5,12.057,1.459,13.516,16.88
2331,4,3,27.7,12.139,1.412,13.551,16.994
2332,4,4,27.0,12.071,1.352,13.423,16.9
2333,4,5,26.4,12.277,1.329,13.606,17.188
2334,4,6,25.9,12.498,1.317,13.816,17.497
2335,4,7,25.6,12.563,1.302,13.865,17.588
2336,4,8,25.5,12.645,1.302,13.948,17.703
2337,4,9,25.6,12.677,1.314,13.991,17.748
2338,4,10,25.9,12.732,1.342,14.074,17.825
2339,4,11,26.4,12.703,1.375,14.078,17.784
2340,4,12,27.0,12.851,1.439,14.291,17.992
2341,4,13,27.7,12.811,1.49,14.301,17.935
2342,4,14,28.5,12.781,1.546,14.327,17.893
2343,4,15,29.3,12.62,1.586,14.206,17.668
2344,4,16,30.0,12.38,1.609,13.989,17.332
2345,4,17,30.6,12.615,1.687,14.302,17.661
2346,4,18,31.1,12.361,1.688,14.05,17.306
2347,4,19,31.4,12.226,1.692,13.918,17.117
2348,4,20,31.5,12.292,1.709,14.001,17.209
2349,4,21,31.4,12.107,1.675,13.782,16.949
2350,4,22,31.1,12.193,1.665,13.858,17.07
2351,4,23,30.6,12.111,1.62,13.731,16.956
2352,4,0,30.0,12.105,1.574,13.679,16.947
2353,4,1,29.3,11.913,1.497,13.41,16.678
2354,4,2,28.5,12.208,1.477,13.685,17.091
2355,4,3,27.7,12.172,1.416,13.588,17.041
2356,4,4,27.0,12.186,1.365,13.551,17.06
2357,4,5,26.4,12.327,1.335,13.662,17.258
2358,4,6,25.9,12.231,1.289,13.521,17.124
2359,4,7,25.6,12.546,1.3,13.846,17.565
2360,4,8,25.5,12.492,1.287,13.779,17.489
2361,4,9,25.6,12.537,1.299,13.836,17.552
2362,4,10,25.9,12.579,1.326,13.905,17.611
2363,4,11,26.4,12.88,1.395,14.274,18.032
2364,4,12,27.0,12.718,1.424,14.143,17.806
2365,4,13,27.7,12.922,1.503,14.425,18.091
2366,4,14,28.5,12.678,1.534,14.212,17.749
2367,4,15,29.3,12.502,1.571,14.073,17.502
2368,4,16,30.0,12.484,1.623,14.106,17.477
2369,4,17,30.6,12.629,1.689,14.318,17.681
2370,4,18,31.1,12.394,1.693,14.086,17.351
2371,4,19,31.4,12.258,1.696,13.954,17.161
2372,4,20,31.5,12.239,1.701,13.94,17.135
2373,4,21,31.4,12.196,1.688,13.884,17.074
2374,4,22,31.1,12.198,1.666,13.865,17.078
2375,4,23,30.6,12.194,1.631,13.825,17.072
2376,4,0,30.0,12.001,1.56,13.561,16.801
2377,4,1,29.3,11.917,1.497,13.414,16.684
2378,4,2,28.5,12.045,1.457,13.503,16.863
2379,4,3,27.7,12.172,1.416,13.588,17.041
2380,4,4,27.0,12.127,1.358,13.485,16.977
2381,4,5,26.4,12.217,1.323,13.54,17.104
2382,4,6,25.9,12.443,1.312,13.755,17.421
2383,4,7,25.6,12.501,1.295,13.796,17.501
2384,4,8,25.5,12.599,1.298,13.896,17.638
2385,4,9,25.6,12.596,1.305,13.902,17.635
2386,4,10,25.9,12.708,1.34,14.048,17.792
2387,4,11,26.4,12.676,1.372,14.049,17.747
2388,4,12,27.0,12.87,1.441,14.312,18.019
2389,4,13,27.7,12.872,1.498,14.37,18.021
2390,4,14,28.5,12.547,1.518,14.065,17.566
2391,4,15,29.3,12.579,1.581,14.16,17.611
2392,4,16,30.0,12.446,1.618,14.063,17.424
2393,4,17,30.6,12.44,1.664,14.104,17.417
2394,4,18,31.1,12.401,1.694,14.095,17.361
2395,4,19,31.4,12.168,1.684,13.852,17.035
2396,4,20,31.5,12.131,1.686,13.817,16.983
2397,4,21,31.4,12.045,1.667,13.712,16.864
2398,4,22,31.1,12.107,1.654,13.761,16.95
2399,4,23,30.6,12.056,1.612,13.669,16.879
2400,4,0,30.0,11.965,1.555,13.52,16.751
2401,4,1,29.3,12.067,1.516,13.584,16.894
2402,4,2,28.5,12.032,1.456,13.488,16.845
2403,4,3,27.7,12.119,1.41,13.529,16.966
2404,4,4,27.0,12.39,1.388,13.778,17.346
2405,4,5,26.4,12.447,1.348,13.794,17.426
2406,4,6,25.9,12.279,1.294,13.573,17.191
2407,4,7,25.6,12.588,1.304,13.893,17.624
2408,4,8,25.5,12.676,1.306,13.982,17.747
2409,4,9,25.6,12.558,1.301,13.859,17.581
2410,4,10,25.9,12.813,1.351,14.164,17.939
2411,4,11,26.4,12.922,1.399,14.322,18.091
2412,4,12,27.0,12.669,1.419,14.088,17.737
2413,4,13,27.7,12.677,1.475,14.152,17.748
2414,4,14,28.5,12.833,1.553,14.386,17.967
2415,4,15,29.3,12.699,1.596,14.295,17.779
2416,4,16,30.0,12.65,1.645,14.295,17.711
2417,4,17,30.6,12.54,1.677,14.216,17.555
2418,4,18,31.1,12.448,1.7,14.148,17.427
2419,4,19,31.4,12.18,1.686,13.866,17.052
2420,4,20,31.5,12.328,1.714,14.041,17.259
2421,4,21,31.4,12.263,1.697,13.96,17.168
2422,4,22,31.1,12.064,1.648,13.712,16.889
2423,4,23,30.6,12.045,1.611,13.656,16.863
2424,4,0,30.0,11.884,1.545,13.429,16.637
2425,4,1,29.3,12.101,1.521,13.622,16.941
2426,4,2,28.5,12.144,1.469,13.613,17.001
2427,4,3,27.7,12.14,1.412,13.552,16.995
2428,4,4,27.0,12.335,1.382,13.717,17.27
2429,4,5,26.4,12.279,1.33,13.609,17.191
2430,4,6,25.9,12.466,1.314,13.78,17.452
2431,4,7,25.6,12.403,1.285,13.689,17.365
2432,4,8,25.5,12.593,1.297,13.89,17.63
2433,4,9,25.6,12.655,1.311,13.966,17.717
2434,4,10,25.9,12.754,1.344,14.098,17.856
2435,4,11,26.4,12.732,1.378,14.11,17.824
2436,4,12,27.0,12.768,1.43,14.198,17.876
2437,4,13,27.7,12.851,1.495,14.346,17.992
2438,4,14,28.5,12.688,1.535,14.223,17.763
2439,4,15,29.3,12.512,1.572,14.084,17.516
2440,4,16,30.0,12.77,1.66,14.43,17.878
2441,4,17,30.6,12.644,1.691,14.334,17.701
2442,4,18,31.1,12.28,1.677,13.957,17.192
2443,4,19,31.4,12.382,1.713,14.095,17.334
2444,4,20,31.5,12.173,1.692,13.865,17.042
2445,4,21,31.4,12.172,1.684,13.857,17.041
2446,4,22,31.1,12.116,1.655,13.771,16.963
2447,4,23,30.6,12.026,1.608,13.634,16.836
2448,4,0,30.0,11.958,1.555,13.513,16.742
2449,4,1,29.3,11.98,1.505,13.486,16.773
2450,4,2,28.5,11.995,1.451,13.446,16.793
2451,4,3,27.7,12.063,1.403,13.466,16.888
2452,4,4,27.0,12.216,1.368,13.584,17.103
2453,4,5,26.4,12.241,1.325,13.567,17.138
2454,4,6,25.9,12.477,1.315,13.793,17.468
2455,4,7,25.6,12.654,1.311,13.965,17.716
2456,4,8,25.5,12.537,1.291,13.829,17.552
2457,4,9,25.6,12.696,1.316,14.012,17.775
2458,4,10,25.9,12.781,1.347,14.129,17.894
2459,4,11,26.4,12.816,1.388,14.203,17.942
2460,4,12,27.0,12.789,1.432,14.221,17.905
2461,4,13,27.7,12.843,1.494,14.337,17.98
2462,4,14,28.5,12.78,1.546,14.326,17.892
2463,4,15,29.3,12.549,1.577,14.125,17.568
2464,4,16,30.0,12.682,1.649,14.331,17.755
2465,4,17,30.6,12.594,1.684,14.278,17.632
2466,4,18,31.1,12.333,1.685,14.017,17.266
2467,4,19,31.4,12.317,1.704,14.021,17.243
2468,4,20,31.5,12.291,1.708,14.0,17.208
2469,4,21,31.4,12.125,1.678,13.803,16.975
2470,4,22,31.1,12.194,1.666,13.86,17.072
2471,4,23,30.6,12.286,1.643,13.929,17.2
2472,4,0,30.0,11.958,1.555,13.513,16.742
2473,4,1,29.3,11.911,1.497,13.408,16.676
2474,4,2,28.5,12.117,1.466,13.583,16.964
2475,4,3,27.7,12.218,1.421,13.639,17.105
2476,4,4,27.0,12.2,1.366,13.566,17.08
2477,4,5,26.4,12.458,1.349,13.807,17.441
2478,4,6,25.9,12.275,1.294,13.569,17.185
2479,4,7,25.6,12.575,1.303,13.878,17.605
2480,4,8,25.5,12.535,1.291,13.826,17.548
2481,4,9,25.6,12.844,1.331,14.175,17.982
2482,4,10,25.9,12.931,1.363,14.294,18.103
2483,4,11,26.4,12.692,1.374,14.066,17.769
2484,4,12,27.0,12.726,1.425,14.152,17.817
2485,4,13,27.7,12.855,1.496,14.35,17.996
2486,4,14,28.5,12.693,1.536,14.229,17.77
2487,4,15,29.3,12.668,1.592,14.26,17.735
2488,4,16,30.0,12.598,1.638,14.235,17.637
2489,4,17,30.6,12.313,1.647,13.96,17.239
2490,4,18,31.1,12.408,1.695,14.102,17.371
2491,4,19,31.4,12.244,1.694,13.938,17.141
2492,4,20,31.5,12.174,1.692,13.866,17.043
2493,4,21,31.4,12.29,1.701,13.991,17.206
2494,4,22,31.1,11.961,1.634,13.595,16.745
2495,4,23,30.6,12.131,1.622,13.753,16.983
2496,4,0,30.0,12.009,1.561,13.57,16.812
2497,4,1,29.3,12.022,1.511,13.532,16.83
2498,4,2,28.5,12.166,1.472,13.638,17.032
2499,4,3,27.7,12.18,1.417,13.597,17.052
2500,4,4,27.0,12.28,1.375,13.655,17.192
2501,4,5,26.4,12.41,1.344,13.753,17.373
2502,4,6,25.9,12.376,1.305,13.681,17.326
2503,4,7,25.6,12.444,1.289,13.734,17.422
2504,4,8,25.5,12.487,1.286,13.773,17.481
2505,4,9,25.6,12.59,1.304,13.894,17.626
2506,4,10,25.9,13.026,1.373,14.4,18.237
2507,4,11,26.4,12.893,1.396,14.289,18.05
2508,4,12,27.0,12.646,1.416,14.063,17.705
2509,4,13,27.7,12.636,1.47,14.107,17.691
2510,4,14,28.5,12.78,1.546,14.326,17.892
2511,4,15,29.3,12.727,1.599,14.326,17.818
2512,4,16,30.0,12.65,1.645,14.295,17.71
2513,4,17,30.6,12.48,1.669,14.149,17.472
2514,4,18,31.1,12.397,1.693,14.09,17.355
2515,4,19,31.4,12.346,1.708,14.054,17.284
2516,4,20,31.5,12.232,1.7,13.932,17.124
2517,4,21,31.4,11.924,1.65,13.574,16.693
2518,4,22,31.1,12.064,1.648,13.711,16.889
2519,4,23,30.6,11.964,1.6,13.564,16.75
2520,4,0,30.0,12.054,1.567,13.621,16.876
2521,4,1,29.3,12.348,1.552,13.9,17.287
2522,4,2,28.5,12.123,1.467,13.59,16.973
2523,4,3,27.7,12.115,1.409,13.524,16.96
2524,4,4,27.0,12.315,1.379,13.694,17.241
2525,4,5,26.4,12.361,1.338,13.699,17.305
2526,4,6,25.9,12.451,1.312,13.764,17.432
2527,4,7,25.6,12.566,1.302,13.868,17.593
2528,4,8,25.5,12.801,1.318,14.119,17.921
2529,4,9,25.6,12.559,1.301,13.861,17.583
2530,4,10,25.9,12.779,1.347,14.126,17.89
2531,4,11,26.4,12.676,1.372,14.049,17.746
2532,4,12,27.0,12.837,1.438,14.275,17.972
2533,4,13,27.7,12.677,1.475,14.152,17.748
2534,4,14,28.5,12.69,1.535,14.225,17.766
2535,4,15,29.3,12.643,1.589,14.231,17.7
2536,4,16,30.0,12.693,1.65,14.343,17.77
2537,4,17,30.6,12.597,1.685,14.282,17.636
2538,4,18,31.1,12.285,1.678,13.962,17.198
2539,4,19,31.4,12.318,1.705,14.023,17.246
2540,4,20,31.5,12.152,1.689,13.841,17.013
2541,4,21,31.4,12.02,1.663,13.683,16.828
2542,4,22,31.1,12.065,1.648,13.713,16.891
2543,4,23,30.6,12.019,1.607,13.626,16.826
2544,4,0,30.0,12.279,1.596,13.876,17.191
2545,4,1,29.3,12.093,1.52,13.612,16.93
2546,4,2,28.5,11.949,1.446,13.395,16.729
2547,4,3,27.7,12.089,1.406,13.496,16.925
2548,4,4,27.0,12.325,1.38,13.706,17.255
2549,4,5,26.4,12.522,1.356,13.877,17.53
2550,4,6,25.9,12.25,1.291,13.542,17.151
2551,4,7,25.6,12.317,1.276,13.594,17.244
2552,4,8,25.5,12.782,1.317,14.099,17.895
2553,4,9,25.6,12.711,1.317,14.028,17.796
2554,4,10,25.9,12.645,1.333,13.978,17.703
2555,4,11,26.4,12.822,1.388,14.21,17.951
2556,4,12,27.0,12.518,1.402,13.92,17.525
2557,4,13,27.7,12.769,1.486,14.255,17.877
2558,4,14,28.5,12.764,1.544,14.309,17.87
2559,4,15,29.3,12.765,1.604,14.369,17.871
2560,4,16,30.0,12.494,1.624,14.118,17.491
2561,4,17,30.6,12.514,1.673,14.187,17.52
2562,4,18,31.1,12.317,1.682,13.999,17.243
2563,4,19,31.4,12.338,1.707,14.046,17.274
2564,4,20,31.5,12.133,1.687,13.82,16.987
2565,4,21,31.4,12.105,1.675,13.78,16.947
2566,4,22,31.1,11.987,1.637,13.624,16.782
2567,4,23,30.6,12.115,1.62,13.735,16.96
2568,4,0,30.0,12.123,1.576,13.699,16.972
2569,4,1,29.3,12.026,1.511,13.537,16.836
2570,4,2,28.5,12.091,1.463,13.553,16.927
2571,4,3,27.7,12.001,1.396,13.397,16.801
2572,4,4,27.0,12.193,1.366,13.559,17.07
2573,4,5,26.4,12.308,1.333,13.64,17.231
2574,4,6,25.9,12.671,1.336,14.007,17.74
2575,4,7,25.6,12.394,1.284,13.678,17.352
2576,4,8,25.5,12.742,1.312,14.054,17.838
2577,4,9,25.6,12.772,1.323,14.095,17.881
2578,4,10,25.9,12.76,1.345,14.105,17.863
2579,4,11,26.4,12.945,1.402,14.346,18.122
2580,4,12,27.0,12.819,1.436,14.254,17.946
2581,4,13,27.7,12.808,1.49,14.298,17.931
2582,4,14,28.5,12.726,1.54,14.266,17.817
2583,4,15,29.3,12.795,1.608,14.402,17.913
2584,4,16,30.0,12.705,1.652,14.357,17.787
2585,4,17,30.6,12.443,1.664,14.107,17.42
2586,4,18,31.1,12.277,1.677,13.954,17.188
2587,4,19,31.4,12.292,1.701,13.994,17.209
2588,4,20,31.5,12.143,1.688,13.831,17.0
2589,4,21,31.4,12.14,1.68,13.819,16.995
2590,4,22,31.1,12.21,1.668,13.878,17.095
2591,4,23,30.6,12.004,1.605,13.609,16.805
2592,4,0,30.0,12.033,1.564,13.597,16.846
2593,4,1,29.3,12.055,1.515,13.57,16.877
2594,4,2,28.5,12.172,1.473,13.644,17.04
2595,4,3,27.7,11.921,1.387,13.308,16.69
2596,4,4,27.0,12.162,1.362,13.524,17.027
2597,4,5,26.4,12.334,1.335,13.669,17.267
2598,4,6,25.9,12.529,1.321,13.85,17.541
2599,4,7,25.6,12.456,1.291,13.747,17.439
2600,4,8,25.5,12.408,1.278,13.686,17.371
2601,4,9,25.6,12.734,1.319,14.054,17.828
2602,4,10,25.9,12.668,1.335,14.003,17.735
2603,4,11,26.4,12.65,1.37,14.019,17.71
2604,4,12,27.0,12.719,1.425,14.143,17.807
2605,4,13,27.7,12.75,1.483,14.234,17.85
2606,4,14,28.5,12.671,1.533,14.204,17.739
2607,4,15,29.3,12.452,1.565,14.016,17.432
2608,4,16,30.0,12.685,1.649,14.334,17.759
2609,4,17,30.6,12.633,1.689,14.322,17.686
2610,4,18,31.1,12.474,1.704,14.178,17.464
2611,4,19,31.4,12.199,1.688,13.887,17.079
2612,4,20,31.5,12.203,1.696,13.899,17.084
2613,4,21,31.4,12.145,1.681,13.826,17.003
2614,4,22,31.1,12.147,1.659,13.806,17.005
2615,4,23,30.6,12.116,1.62,13.737,16.963
2616,4,0,30.0,11.963,1.555,13.519,16.749
2617,4,1,29.3,12.058,1.515,13.573,16.881
2618,4,2,28.5,12.132,1.468,13.6,16.985
2619,4,3,27.7,12.291,1.43,13.721,17.208
2620,4,4,27.0,12.293,1.377,13.67,17.211
2621,4,5,26.4,12.392,1.342,13.733,17.348
2622,4,6,25.9,12.417,1.309,13.726,17.384
2623,4,7,25.6,12.646,1.31,13.957,17.705
2624,4,8,25.5,12.636,1.302,13.938,17.691
2625,4,9,25.6,12.586,1.304,13.89,17.621
2626,4,10,25.9,12.872,1.357,14.229,18.021
2627,4,11,26.4,12.838,1.39,14.229,17.974
2628,4,12,27.0,12.737,1.427,14.164,17.832
2629,4,13,27.7,12.721,1.48,14.201,17.809
2630,4,14,28.5,12.761,1.544,14.305,17.866
2631,4,15,29.3,12.719,1.598,14.317,17.806
2632,4,16,30.0,12.615,1.64,14.255,17.661
2633,4,17,30.6,12.537,1.676,14.213,17.551
2634,4,18,31.1,12.579,1.718,14.297,17.611
2635,4,19,31.4,12.42,1.719,14.139,17.388
2636,4,20,31.5,12.242,1.702,13.944,17.139
2637,4,21,31.4,12.24,1.694,13.934,17.136
2638,4,22,31.1,11.983,1.637,13.62,16.777
2639,4,23,30.6,12.089,1.617,13.706,16.925
2640,4,0,30.0,12.218,1.588,13.806,17.105
2641,4,1,29.3,12.028,1.511,13.539,16.839
2642,4,2,28.5,12.002,1.452,13.454,16.803
2643,4,3,27.7,12.081,1.405,13.486,16.913
2644,4,4,27.0,12.114,1.357,13.471,16.96
2645,4,5,26.4,12.234,1.325,13.559,17.128
2646,4,6,25.9,12.372,1.304,13.676,17.321
2647,4,7,25.6,12.365,1.281,13.646,17.311
2648,4,8,25.5,12.597,1.297,13.894,17.636
2649,4,9,25.6,12.763,1.322,14.085,17.868
2650,4,10,25.9,12.641,1.332,13.973,17.697
2651,4,11,26.4,12.921,1.399,14.32,18.089
2652,4,12,27.0,12.832,1.437,14.27,17.965
2653,4,13,27.7,12.872,1.498,14.369,18.02
2654,4,14,28.5,12.666,1.533,14.198,17.732
2655,4,15,29.3,12.758,1.603,14.361,17.861
2656,4,16,30.0,12.486,1.623,14.109,17.48
2657,4,17,30.6,12.594,1.684,14.279,17.632
2658,4,18,31.1,12.426,1.697,14.124,17.397
2659,4,19,31.4,12.368,1.712,14.08,17.315
2660,4,20,31.5,12.105,1.683,13.788,16.948
2661,4,21,31.4,12.056,1.668,13.725,16.879
2662,4,22,31.1,12.146,1.659,13.805,17.005
2663,4,23,30.6,11.955,1.599,13.553,16.737
2664,4,0,30.0,12.083,1.571,13.654,16.916
2665,4,1,29.3,11.913,1.497,13.41,16.678
2666,4,2,28.5,12.172,1.473,13.644,17.04
2667,4,3,27.7,12.023,1.399,13.421,16.832
2668,4,4,27.0,12.278,1.375,13.653,17.189
2669,4,5,26.4,12.375,1.34,13.715,17.325
2670,4,6,25.9,12.339,1.301,13.64,17.275
2671,4,7,25.6,12.564,1.302,13.865,17.589
2672,4,8,25.5,12.621,1.3,13.921,17.67
2673,4,9,25.6,12.618,1.307,13.926,17.666
2674,4,10,25.9,12.631,1.331,13.962,17.683
2675,4,11,26.4,12.572,1.361,13.934,17.601
2676,4,12,27.0,12.816,1.435,14.252,17.943
2677,4,13,27.7,12.612,1.467,14.08,17.657
2678,4,14,28.5,12.741,1.542,14.283,17.837
2679,4,15,29.3,12.646,1.589,14.235,17.704
2680,4,16,30.0,12.663,1.646,14.309,17.728
2681,4,17,30.6,12.475,1.668,14.144,17.465
2682,4,18,31.1,12.376,1.69,14.067,17.327
2683,4,19,31.4,12.386,1.714,14.1,17.34
2684,4,20,31.5,12.256,1.704,13.96,17.159
2685,4,21,31.4,12.177,1.685,13.863,17.048
2686,4,22,31.1,12.134,1.657,13.791,16.987
2687,4,23,30.6,11.896,1.591,13.487,16.654
2688,4,0,30.0,12.112,1.575,13.687,16.957
2689,4,1,29.3,12.111,1.522,13.633,16.955
2690,4,2,28.5,11.985,1.45,13.435,16.779
2691,4,3,27.7,12.121,1.41,13.532,16.97
2692,4,4,27.0,12.219,1.369,13.588,17.107
2693,4,5,26.4,12.299,1.332,13.631,17.219
2694,4,6,25.9,12.442,1.312,13.754,17.419
2695,4,7,25.6,12.649,1.311,13.959,17.708
2696,4,8,25.5,12.703,1.308,14.012,17.785
2697,4,9,25.6,12.541,1.299,13.841,17.558
2698,4,10,25.9,12.794,1.349,14.142,17.911
2699,4,11,26.4,12.902,1.397,14.298,18.062
2700,4,12,27.0,12.82,1.436,14.256,17.948
2701,4,13,27.7,12.878,1.498,14.376,18.029
2702,4,14,28.5,12.933,1.565,14.498,18.106
2703,4,15,29.3,12.775,1.605,14.38,17.885
2704,4,16,30.0,12.62,1.641,14.261,17.668
2705,4,17,30.6,12.61,1.686,14.296,17.654
2706,4,18,31.1,12.424,1.697,14.12,17.393
2707,4,19,31.4,12.315,1.704,14.019,17.241
2708,4,20,31.5,12.188,1.694,13.882,17.063
2709,4,21,31.4,12.302,1.702,14.005,17.223
2710,4,22,31.1,12.005,1.64,13.645,16.807
2711,4,23,30.6,12.203,1.632,13.835,17.084
2712,4,0,30.0,12.087,1.571,13.658,16.922
2713,4,1,29.3,11.91,1.497,13.406,16.673
2714,4,2,28.5,12.123,1.467,13.59,16.973
2715,4,3,27.7,11.936,1.389,13.324,16.71
2716,4,4,27.0,12.286,1.376,13.661,17.2
2717,4,5,26.4,12.401,1.343,13.744,17.362
2718,4,6,25.9,12.35,1.302,13.652,17.29
2719,4,7,25.6,12.518,1.297,13.815,17.525
2720,4,8,25.5,12.791,1.317,14.108,17.907
2721,4,9,25.6,12.622,1.308,13.93,17.67
2722,4,10,25.9,12.626,1.331,13.956,17.676
2723,4,11,26.4,12.917,1.399,14.315,18.084
2724,4,12,27.0,12.978,1.453,14.431,18.169
2725,4,13,27.7,12.769,1.486,14.255,17.877
2726,4,14,28.5,12.833,1.553,14.385,17.966
2727,4,15,29.3,12.806,1.609,14.416,17.929
2728,4,16,30.0,12.521,1.628,14.149,17.529
2729,4,17,30.6,12.457,1.666,14.123,17.44
2730,4,18,31.1,12.532,1.712,14.244,17.545
2731,4,19,31.4,12.481,1.727,14.208,17.474
2732,4,20,31.5,12.279,1.707,13.986,17.191
2733,4,21,31.4,12.058,1.669,13.727,16.881
2734,4,22,31.1,12.285,1.678,13.963,17.2
2735,4,23,30.6,11.996,1.604,13.601,16.795
2736,4,0,30.0,12.003,1.56,13.564,16.805
2737,4,1,29.3,12.084,1.518,13.602,16.917
2738,4,2,28.5,12.242,1.481,13.723,17.139
2739,4,3,27.7,12.231,1.423,13.654,17.124
2740,4,4,27.0,12.264,1.374,13.638,17.17
2741,4,5,26.4,12.359,1.338,13.697,17.303
2742,4,6,25.9,12.413,1.309,13.722,17.379
2743,4,7,25.6,12.561,1.302,13.863,17.586
2744,4,8,25.5,12.342,1.271,13.614,17.279
2745,4,9,25.6,12.643,1.31,13.953,17.7
2746,4,10,25.9,12.756,1.345,14.1,17.858
2747,4,11,26.4,12.654,1.37,14.024,17.715
2748,4,12,27.0,12.82,1.436,14.256,17.948
2749,4,13,27.7,12.748,1.483,14.231,17.848
2750,4,14,28.5,12.907,1.562,14.469,18.07
2751,4,15,29.3,12.83,1.612,14.442,17.961
2752,4,16,30.0,12.549,1.631,14.18,17.568
2753,4,17,30.6,12.49,1.67,14.161,17.487
2754,4,18,31.1,12.402,1.694,14.096,17.362
2755,4,19,31.4,12.268,1.698,13.965,17.175
2756,4,20,31.5,12.242,1.702,13.944,17.139
2757,4,21,31.4,12.07,1.67,13.74,16.898
2758,4,22,31.1,11.974,1.635,13.609,16.763
2759,4,23,30.6,12.112,1.62,13.731,16.956
2760,4,0,30.0,12.1,1.573,13.673,16.94
2761,4,1,29.3,11.969,1.504,13.473,16.757
2762,4,2,28.5,12.176,1.473,13.65,17.047
2763,4,3,27.7,12.083,1.406,13.488,16.916
2764,4,4,27.0,12.248,1.372,13.62,17.148
2765,4,5,26.4,12.395,1.342,13.737,17.353
2766,4,6,25.9,12.406,1.308,13.713,17.368
2767,4,7,25.6,12.551,1.3,13.851,17.571
2768,4,8,25.5,12.544,1.292,13.836,17.561
2769,4,9,25.6,12.653,1.311,13.964,17.714
2770,4,10,25.9,12.711,1.34,14.051,17.795
2771,4,11,26.4,12.694,1.374,14.068,17.772
2772,4,12,27.0,12.764,1.43,14.193,17.869
2773,4,13,27.7,12.614,1.468,14.081,17.659
2774,4,14,28.5,12.682,1.535,14.217,17.755
2775,4,15,29.3,12.644,1.589,14.233,17.701
2776,4,16,30.0,12.57,1.634,14.204,17.597
2777,4,17,30.6,12.481,1.669,14.15,17.474
2778,4,18,31.1,12.403,1.694,14.097,17.364
2779,4,19,31.4,12.361,1.711,14.071,17.305
2780,4,20,31.5,12.31,1.711,14.022,17.235
2781,4,21,31.4,12.081,1.672,13.753,16.913
2782,4,22,31.1,11.966,1.634,13.601,16.753
2783,4,23,30.6,11.945,1.597,13.543,16.723
2784,4,0,30.0,11.988,1.558,13.547,16.783
2785,4,1,29.3,12.014,1.51,13.524,16.82
2786,4,2,28.5,12.01,1.453,13.463,16.814
2787,4,3,27.7,12.016,1.398,13.414,16.823
2788,4,4,27.0,12.177,1.364,13.541,17.048
2789,4,5,26.4,12.331,1.335,13.666,17.263
2790,4,6,25.9,12.469,1.314,13.783,17.456
2791,4,7,25.6,12.45,1.29,13.74,17.43
2792,4,8,25.5,12.554,1.293,13.847,17.575
2793,4,9,25.6,12.58,1.303,13.883,17.612
2794,4,10,25.9,12.728,1.342,14.07,17.82
2795,4,11,26.4,12.684,1.373,14.057,17.757
2796,4,12,27.0,12.839,1.438,14.277,17.974
2797,4,13,27.7,12.59,1.465,14.055,17.626
2798,4,14,28.5,12.696,1.536,14.232,17.774
2799,4,15,29.3,12.702,1.596,14.299,17.783
2800,4,16,30.0,12.614,1.64,14.253,17.659
2801,4,17,30.6,12.775,1.708,14.483,17.885
2802,4,18,31.1,12.444,1.7,14.144,17.422
2803,4,19,31.4,12.212,1.69,13.902,17.097
2804,4,20,31.5,12.213,1.698,13.911,17.099
2805,4,21,31.4,11.968,1.656,13.624,16.756
2806,4,22,31.1,12.079,1.65,13.728,16.91
2807,4,23,30.6,11.966,1.6,13.566,16.753
2808,4,0,30.0,12.128,1.577,13.705,16.98
2809,4,1,29.3,11.995,1.507,13.502,16.792
2810,4,2,28.5,12.075,1.461,13.536,16.905
2811,4,3,27.7,12.082,1.406,13.488,16.915
2812,4,4,27.0,12.397,1.388,13.785,17.356
2813,4,5,26.4,12.281,1.33,13.61,17.193
2814,4,6,25.9,12.592,1.327,13.92,17.629
2815,4,7,25.6,12.587,1.304,13.891,17.622
2816,4,8,25.5,12.643,1.302,13.946,17.701
2817,4,9,25.6,12.709,1.317,14.026,17.793
2818,4,10,25.9,12.771,1.346,14.117,17.879
2819,4,11,26.4,12.576,1.362,13.938,17.606
2820,4,12,27.0,12.753,1.428,14.182,17.855
2821,4,13,27.7,12.853,1.495,14.349,17.994
2822,4,14,28.5,12.727,1.54,14.267,17.817
2823,4,15,29.3,12.532,1.575,14.107,17.545
2824,4,16,30.0,12.59,1.637,14.227,17.626
2825,4,17,30.6,12.676,1.695,14.371,17.746
2826,4,18,31.1,12.534,1.712,14.246,17.547
2827,4,19,31.4,12.307,1.703,14.01,17.229
2828,4,20,31.5,12.318,1.712,14.03,17.245
2829,4,21,31.4,12.109,1.676,13.785,16.953
2830,4,22,31.1,11.916,1.628,13.544,16.683
2831,4,23,30.6,11.957,1.599,13.556,16.74
2832,4,0,30.0,12.193,1.585,13.778,17.07
2833,4,1,29.3,12.022,1.511,13.533,16.831
2834,4,2,28.5,12.062,1.46,13.522,16.887
2835,4,3,27.7,12.116,1.41,13.525,16.962
2836,4,4,27.0,12.413,1.39,13.804,17.379
2837,4,5,26.4,12.475,1.351,13.826,17.465
2838,4,6,25.9,12.631,1.331,13.962,17.683
2839,4,7,25.6,12.49,1.294,13.784,17.485
2840,4,8,25.5,12.625,1.3,13.925,17.675
2841,4,9,25.6,12.521,1.297,13.818,17.529
2842,4,10,25.9,12.879,1.358,14.237,18.031
2843,4,11,26.4,12.652,1.37,14.022,17.713
2844,4,12,27.0,12.803,1.434,14.237,17.924
2845,4,13,27.7,12.659,1.473,14.132,17.723
2846,4,14,28.5,12.673,1.533,14.206,17.742
2847,4,15,29.3,12.589,1.582,14.17,17.624
2848,4,16,30.0,12.534,1.629,14.164,17.548
2849,4,17,30.6,12.452,1.665,14.117,17.432
2850,4,18,31.1,12.354,1.687,14.042,17.296
2851,4,19,31.4,12.396,1.715,14.112,17.355
2852,4,20,31.5,12.112,1.684,13.796,16.957
2853,4,21,31.4,12.168,1.684,13.852,17.035
2854,4,22,31.1,12.208,1.668,13.876,17.092
2855,4,23,30.6,11.998,1.604,13.603,16.797
2856,4,0,30.0,11.965,1.555,13.52,16.751
2857,4,1,29.3,12.026,1.511,13.538,16.837
2858,4,2,28.5,12.205,1.477,13.681,17.087
2859,4,3,27.7,12.165,1.415,13.581,17.031
2860,4,4,27.0,12.17,1.363,13.533,17.038
2861,4,5,26.4,12.361,1.338,13.699,17.306
2862,4,6,25.9,12.299,1.296,13.595,17.218
2863,4,7,25.6,12.574,1.303,13.876,17.603
2864,4,8,25.5,12.636,1.302,13.938,17.691
2865,4,9,25.6,12.642,1.31,13.951,17.698
2866,4,10,25.9,12.648,1.333,13.981,17.707
2867,4,11,26.4,12.68,1.373,14.053,17.752
2868,4,12,27.0,12.835,1.438,14.272,17.969
2869,4,13,27.7,12.892,1.5,14.391,18.048
2870,4,14,28.5,12.668,1.533,14.201,17.735
2871,4,15,29.3,12.718,1.598,14.316,17.805
2872,4,16,30.0,12.387,1.61,13.997,17.341
2873,4,17,30.6,12.447,1.665,14.111,17.426
2874,4,18,31.1,12.406,1.695,14.1,17.368
2875,4,19,31.4,12.222,1.691,13.913,17.11
2876,4,20,31.5,12.129,1.686,13.815,16.981
2877,4,21,31.4,12.079,1.672,13.751,16.911
2878,4,22,31.1,12.116,1.655,13.771,16.962
2879,4,23,30.6,12.031,1.609,13.64,16.843
2880,5,0,29.0,11.945,1.481,13.426,16.723
2881,5,1,28.3,11.97,1.432,13.402,16.758
2882,5,2,27.5,12.159,1.398,13.557,17.022
2883,5,3,26.7,12.325,1.36,13.685,17.255
2884,5,4,26.0,12.083,1.281,13.363,16.916
2885,5,5,25.4,12.398,1.268,13.666,17.357
2886,5,6,24.9,12.493,1.242,13.735,17.49
2887,5,7,24.6,12.782,1.248,14.029,17.894
2888,5,8,24.5,12.695,1.231,13.927,17.773
2889,5,9,24.6,12.85,1.254,14.104,17.99
2890,5,10,24.9,12.886,1.281,14.166,18.04
2891,5,11,25.4,12.696,1.298,13.994,17.774
2892,5,12,26.0,12.999,1.378,14.376,18.198
2893,5,13,26.7,12.931,1.427,14.357,18.103
2894,5,14,27.5,12.922,1.486,14.408,18.091
2895,5,15,28.3,13.204,1.58,14.784,18.486
2896,5,16,29.0,12.525,1.553,14.078,17.535
2897,5,17,29.6,12.815,1.637,14.452,17.941
2898,5,18,30.1,12.517,1.635,14.151,17.523
2899,5,19,30.4,12.477,1.652,14.129,17.467
2900,5,20,30.5,12.353,1.643,13.996,17.294
2901,5,21,30.4,12.237,1.62,13.857,17.132
2902,5,22,30.1,12.163,1.588,13.751,17.028
2903,5,23,29.6,12.215,1.56,13.775,17.101
2904,5,0,29.0,12.017,1.49,13.508,16.824
2905,5,1,28.3,12.257,1.467,13.724,17.16
2906,5,2,27.5,12.178,1.4,13.578,17.049
2907,5,3,26.7,12.166,1.342,13.509,17.033
2908,5,4,26.0,12.312,1.305,13.617,17.237
2909,5,5,25.4,12.574,1.286,13.86,17.603
2910,5,6,24.9,12.492,1.242,13.734,17.489
2911,5,7,24.6,12.679,1.238,13.916,17.75
2912,5,8,24.5,12.661,1.228,13.889,17.725
2913,5,9,24.6,12.887,1.258,14.145,18.042
2914,5,10,24.9,12.94,1.286,14.226,18.116
2915,5,11,25.4,13.094,1.339,14.433,18.331
2916,5,12,26.0,12.904,1.368,14.272,18.066
2917,5,13,26.7,12.976,1.432,14.408,18.166
2918,5,14,27.5,12.881,1.481,14.363,18.034
2919,5,15,28.3,12.941,1.549,14.49,18.118
2920,5,16,29.0,12.662,1.57,14.232,17.726
2921,5,17,29.6,12.717,1.624,14.342,17.804
2922,5,18,30.1,12.526,1.636,14.162,17.536
2923,5,19,30.4,12.442,1.647,14.089,17.418
2924,5,20,30.5,12.366,1.645,14.011,17.313
2925,5,21,30.4,12.305,1.629,13.934,17.226
2926,5,22,30.1,12.208,1.594,13.802,17.091
2927,5,23,29.6,12.203,1.559,13.762,17.085
2928,5,0,29.0,12.327,1.529,13.855,17.258
2929,5,1,28.3,12.28,1.469,13.75,17.193
2930,5,2,27.5,12.306,1.415,13.722,17.229
2931,5,3,26.7,12.234,1.35,13.584,17.127
2932,5,4,26.0,12.268,1.3,13.569,17.176
2933,5,5,25.4,12.544,1.283,13.826,17.561
2934,5,6,24.9,12.633,1.256,13.889,17.686
2935,5,7,24.6,12.79,1.248,14.039,17.906
2936,5,8,24.5,12.673,1.229,13.903,17.743
2937,5,9,24.6,12.789,1.248,14.037,17.904
2938,5,10,24.9,12.707,1.263,13.971,17.79
2939,5,11,25.4,12.87,1.316,14.186,18.018
2940,5,12,26.0,13.021,1.38,14.402,18.23
2941,5,13,26.7,12.862,1.419,14.282,18.007
2942,5,14,27.5,12.935,1.488,14.423,18.11
2943,5,15,28.3,12.793,1.531,14.323,17.91
2944,5,16,29.0,12.766,1.583,14.349,17.872
2945,5,17,29.6,12.528,1.6,14.128,17.539
2946,5,18,30.1,12.554,1.639,14.193,17.576
2947,5,19,30.4,12.149,1.608,13.757,17.009
2948,5,20,30.5,12.339,1.641,13.98,17.274
2949,5,21,30.4,12.116,1.604,13.72,16.963
2950,5,22,30.1,12.34,1.611,13.952,17.276
2951,5,23,29.6,12.26,1.566,13.826,17.164
2952,5,0,29.0,12.216,1.515,13.731,17.102
2953,5,1,28.3,12.334,1.476,13.81,17.268
2954,5,2,27.5,12.125,1.394,13.519,16.974
2955,5,3,26.7,12.454,1.374,13.828,17.436
2956,5,4,26.0,12.45,1.32,13.77,17.431
2957,5,5,25.4,12.424,1.271,13.695,17.394
2958,5,6,24.9,12.659,1.258,13.917,17.723
2959,5,7,24.6,12.532,1.223,13.756,17.545
2960,5,8,24.5,12.651,1.227,13.878,17.712
2961,5,9,24.6,12.751,1.245,13.995,17.851
2962,5,10,24.9,12.818,1.274,14.093,17.946
2963,5,11,25.4,12.803,1.309,14.113,17.925
2964,5,12,26.0,13.044,1.383,14.427,18.262
2965,5,13,26.7,12.883,1.422,14.305,18.036
2966,5,14,27.5,12.907,1.484,14.391,18.069
2967,5,15,28.3,12.755,1.526,14.281,17.856
2968,5,16,29.0,12.552,1.556,14.108,17.572
2969,5,17,29.6,12.67,1.618,14.288,17.738
2970,5,18,30.1,12.354,1.613,13.968,17.296
2971,5,19,30.4,12.441,1.647,14.088,17.418
2972,5,20,30.5,12.22,1.625,13.846,17.109
2973,5,21,30.4,12.478,1.652,14.13,17.469
2974,5,22,30.1,12.311,1.608,13.918,17.235
2975,5,23,29.6,12.192,1.557,13.75,17.069
2976,5,0,29.0,12.295,1.525,13.82,17.214
2977,5,1,28.3,12.097,1.448,13.545,16.936
2978,5,2,27.5,12.274,1.411,13.685,17.183
2979,5,3,26.7,12.299,1.357,13.656,17.219
2980,5,4,26.0,12.384,1.313,13.696,17.337
2981,5,5,25.4,12.575,1.286,13.861,17.605
2982,5,6,24.9,12.619,1.254,13.873,17.666
2983,5,7,24.6,12.672,1.237,13.909,17.74
2984,5,8,24.5,12.568,1.219,13.787,17.595
2985,5,9,24.6,12.716,1.241,13.957,17.802
2986,5,10,24.9,12.859,1.278,14.137,18.003
2987,5,11,25.4,12.918,1.321,14.24,18.086
2988,5,12,26.0,12.809,1.358,14.167,17.932
2989,5,13,26.7,13.15,1.451,14.601,18.41
2990,5,14,27.5,13.023,1.498,14.521,18.232
2991,5,15,28.3,12.872,1.54,14.412,18.021
2992,5,16,29.0,12.741,1.58,14.321,17.837
2993,5,17,29.6,12.622,1.612,14.234,17.67
2994,5,18,30.1,12.45,1.626,14.076,17.43
2995,5,19,30.4,12.456,1.649,14.105,17.438
2996,5,20,30.5,12.383,1.647,14.03,17.336
2997,5,21,30.4,12.155,1.609,13.764,17.017
2998,5,22,30.1,12.253,1.6,13.853,17.154
2999,5,23,29.6,12.166,1.554,13.72,17.033
3000,5,0,29.0,11.978,1.485,13.464,16.77
3001,5,1,28.3,12.096,1.447,13.543,16.934
3002,5,2,27.5,12.178,1.4,13.579,17.049
3003,5,3,26.7,12.468,1.376,13.844,17.455
3004,5,4,26.0,12.413,1.316,13.729,17.378
3005,5,5,25.4,12.314,1.259,13.574,17.24
3006,5,6,24.9,12.594,1.252,13.846,17.632
3007,5,7,24.6,12.488,1.219,13.707,17.483
3008,5,8,24.5,12.842,1.246,14.088,17.979
3009,5,9,24.6,12.764,1.246,14.01,17.87
3010,5,10,24.9,12.862,1.279,14.141,18.007
3011,5,11,25.4,13.042,1.334,14.375,18.258
3012,5,12,26.0,12.793,1.356,14.149,17.91
3013,5,13,26.7,12.769,1.409,14.178,17.877
3014,5,14,27.5,12.813,1.473,14.287,17.938
3015,5,15,28.3,12.915,1.545,14.461,18.082
3016,5,16,29.0,12.582,1.56,14.142,17.614
3017,5,17,29.6,12.36,1.579,13.938,17.304
3018,5,18,30.1,12.5,1.632,14.133,17.5
3019,5,19,30.4,12.503,1.655,14.158,17.505
3020,5,20,30.5,12.477,1.659,14.137,17.468
3021,5,21,30.4,12.233,1.619,13.852,17.126
3022,5,22,30.1,12.178,1.59,13.769,17.05
3023,5,23,29.6,12.297,1.571,13.868,17.216
3024,5,0,29.0,11.982,1.486,13.468,16.775
3025,5,1,28.3,12.143,1.453,13.596,17.0
3026,5,2,27.5,12.239,1.407,13.646,17.134
3027,5,3,26.7,12.324,1.36,13.684,17.254
3028,5,4,26.0,12.306,1.304,13.611,17.229
3029,5,5,25.4,12.451,1.273,13.725,17.432
3030,5,6,24.9,12.297,1.222,13.519,17.215
3031,5,7,24.6,12.577,1.228,13.805,17.608
3032,5,8,24.5,12.779,1.24,14.019,17.891
3033,5,9,24.6,12.713,1.241,13.954,17.799
3034,5,10,24.9,12.877,1.28,14.157,18.028
3035,5,11,25.4,12.954,1.325,14.278,18.135
3036,5,12,26.0,12.888,1.366,14.254,18.043
3037,5,13,26.7,12.926,1.426,14.352,18.096
3038,5,14,27.5,12.775,1.469,14.244,17.885
3039,5,15,28.3,12.791,1.531,14.321,17.907
3040,5,16,29.0,12.795,1.587,14.381,17.913
3041,5,17,29.6,12.659,1.617,14.275,17.722
3042,5,18,30.1,12.487,1.631,14.117,17.482
3043,5,19,30.4,12.47,1.651,14.121,17.459
3044,5,20,30.5,12.429,1.653,14.082,17.4
3045,5,21,30.4,12.074,1.598,13.673,16.904
3046,5,22,30.1,12.335,1.611,13.946,17.27
3047,5,23,29.6,12.148,1.552,13.7,17.008
3048,5,0,29.0,12.212,1.514,13.726,17.096
3049,5,1,28.3,12.302,1.472,13.774,17.222
3050,5,2,27.5,12.082,1.389,13.472,16.915
3051,5,3,26.7,12.208,1.347,13.555,17.092
3052,5,4,26.0,12.328,1.307,13.635,17.26
3053,5,5,25.4,12.37,1.265,13.635,17.318
3054,5,6,24.9,12.719,1.264,13.983,17.807
3055,5,7,24.6,12.557,1.226,13.783,17.58
3056,5,8,24.5,12.678,1.23,13.908,17.749
3057,5,9,24.6,12.832,1.253,14.085,17.965
3058,5,10,24.9,12.751,1.268,14.019,17.852
3059,5,11,25.4,12.869,1.316,14.186,18.017
3060,5,12,26.0,12.954,1.373,14.327,18.135
3061,5,13,26.7,12.876,1.421,14.296,18.026
3062,5,14,27.5,12.862,1.479,14.341,18.007
3063,5,15,28.3,12.759,1.527,14.285,17.862
3064,5,16,29.0,12.582,1.56,14.142,17.615
3065,5,17,29.6,12.675,1.619,14.294,17.745
3066,5,18,30.1,12.721,1.661,14.382,17.809
3067,5,19,30.4,12.45,1.648,14.098,17.43
3068,5,20,30.5,12.38,1.647,14.026,17.332
3069,5,21,30.4,12.349,1.635,13.983,17.288
3070,5,22,30.1,12.093,1.579,13.672,16.93
3071,5,23,29.6,12.352,1.578,13.93,17.293
3072,5,0,29.0,12.189,1.511,13.701,17.065
3073,5,1,28.3,12.345,1.477,13.822,17.283
3074,5,2,27.5,12.146,1.397,13.543,17.005
3075,5,3,26.7,12.461,1.375,13.836,17.446
3076,5,4,26.0,12.435,1.318,13.753,17.409
3077,5,5,25.4,12.503,1.279,13.782,17.505
3078,5,6,24.9,12.569,1.249,13.818,17.596
3079,5,7,24.6,12.618,1.232,13.85,17.665
3080,5,8,24.5,12.854,1.247,14.1,17.995
3081,5,9,24.6,12.826,1.252,14.078,17.956
3082,5,10,24.9,12.675,1.26,13.935,17.745
3083,5,11,25.4,12.797,1.309,14.106,17.916
3084,5,12,26.0,12.903,1.368,14.271,18.065
3085,5,13,26.7,12.94,1.428,14.368,18.116
3086,5,14,27.5,12.866,1.48,14.345,18.012
3087,5,15,28.3,12.933,1.548,14.481,18.107
3088,5,16,29.0,12.539,1.555,14.093,17.554
3089,5,17,29.6,12.657,1.617,14.274,17.72
3090,5,18,30.1,12.364,1.615,13.978,17.309
3091,5,19,30.4,12.524,1.658,14.182,17.534
3092,5,20,30.5,12.348,1.642,13.99,17.287
3093,5,21,30.4,12.321,1.631,13.952,17.25
3094,5,22,30.1,12.133,1.584,13.718,16.986
3095,5,23,29.6,12.31,1.572,13.882,17.234
3096,5,0,29.0,12.273,1.522,13.795,17.183
3097,5,1,28.3,12.24,1.465,13.705,17.136
3098,5,2,27.5,12.207,1.404,13.61,17.089
3099,5,3,26.7,12.337,1.361,13.699,17.272
3100,5,4,26.0,12.287,1.302,13.589,17.201
3101,5,5,25.4,12.534,1.282,13.815,17.547
3102,5,6,24.9,12.71,1.264,13.974,17.795
3103,5,7,24.6,12.75,1.245,13.994,17.85
3104,5,8,24.5,12.661,1.228,13.889,17.725
3105,5,9,24.6,12.848,1.254,14.102,17.987
3106,5,10,24.9,12.742,1.267,14.009,17.839
3107,5,11,25.4,12.966,1.326,14.292,18.153
3108,5,12,26.0,12.967,1.374,14.341,18.154
3109,5,13,26.7,12.722,1.404,14.126,17.811
3110,5,14,27.5,12.755,1.467,14.222,17.857
3111,5,15,28.3,12.783,1.53,14.313,17.897
3112,5,16,29.0,12.704,1.575,14.279,17.785
3113,5,17,29.6,12.522,1.599,14.121,17.531
3114,5,18,30.1,12.584,1.643,14.228,17.618
3115,5,19,30.4,12.473,1.651,14.124,17.462
3116,5,20,30.5,12.338,1.641,13.979,17.273
3117,5,21,30.4,12.204,1.616,13.819,17.085
3118,5,22,30.1,12.324,1.609,13.934,17.254
3119,5,23,29.6,12.347,1.577,13.925,17.286
3120,5,0,29.0,12.121,1.503,13.624,16.969
3121,5,1,28.3,12.121,1.45,13.571,16.969
3122,5,2,27.5,12.269,1.411,13.68,17.176
3123,5,3,26.7,12.244,1.351,13.594,17.141
3124,5,4,26.0,12.343,1.308,13.652,17.281
3125,5,5,25.4,12.522,1.281,13.803,17.531
3126,5,6,24.9,12.355,1.228,13.583,17.296
3127,5,7,24.6,12.775,1.247,14.022,17.885
3128,5,8,24.5,12.741,1.236,13.977,17.837
3129,5,9,24.6,12.77,1.247,14.017,17.879
3130,5,10,24.9,12.862,1.279,14.141,18.007
3131,5,11,25.4,12.905,1.32,14.225,18.067
3132,5,12,26.0,12.749,1.351,14.1,17.848
3133,5,13,26.7,13.058,1.441,14.499,18.282
3134,5,14,27.5,12.876,1.481,14.356,18.026
3135,5,15,28.3,12.856,1.538,14.394,17.998
3136,5,16,29.0,12.829,1.591,14.42,17.96
3137,5,17,29.6,12.541,1.602,14.143,17.557
3138,5,18,30.1,12.593,1.644,14.237,17.63
3139,5,19,30.4,12.421,1.644,14.066,17.39
3140,5,20,30.5,12.442,1.655,14.097,17.419
3141,5,21,30.4,12.067,1.597,13.664,16.893
3142,5,22,30.1,12.21,1.594,13.804,17.093
3143,5,23,29.6,12.122,1.548,13.67,16.97
3144,5,0,29.0,12.212,1.514,13.727,17.097
3145,5,1,28.3,12.229,1.463,13.692,17.12
3146,5,2,27.5,12.149,1.397,13.546,17.008
3147,5,3,26.7,12.208,1.347,13.555,17.091
3148,5,4,26.0,12.346,1.309,13.655,17.285
3149,5,5,25.4,12.358,1.264,13.622,17.302
3150,5,6,24.9,12.63,1.256,13.885,17.682
3151,5,7,24.6,12.606,1.231,13.836,17.648
3152,5,8,24.5,12.443,1.207,13.65,17.42
3153,5,9,24.6,12.774,1.247,14.021,17.884
3154,5,10,24.9,12.768,1.269,14.037,17.875
3155,5,11,25.4,12.746,1.304,14.049,17.844
3156,5,12,26.0,12.798,1.357,14.155,17.917
3157,5,13,26.7,12.92,1.426,14.346,18.088
3158,5,14,27.5,13.004,1.495,14.5,18.206
3159,5,15,28.3,12.843,1.537,14.38,17.98
3160,5,16,29.0,12.673,1.571,14.244,17.742
3161,5,17,29.6,12.688,1.621,14.309,17.764
3162,5,18,30.1,12.5,1.632,14.132,17.499
3163,5,19,30.4,12.379,1.639,14.017,17.33
3164,5,20,30.5,12.242,1.628,13.87,17.139
3165,5,21,30.4,12.104,1.602,13.707,16.946
3166,5,22,30.1,12.181,1.591,13.771,17.053
3167,5,23,29.6,12.198,1.558,13.756,17.077
3168,5,0,29.0,12.159,1.508,13.667,17.023
3169,5,1,28.3,12.14,1.453,13.593,16.996
3170,5,2,27.5,12.125,1.394,13.519,16.975
3171,5,3,26.7,12.34,1.362,13.702,17.276
3172,5,4,26.0,12.226,1.296,13.521,17.116
3173,5,5,25.4,12.526,1.281,13.807,17.536
3174,5,6,24.9,12.445,1.237,13.682,17.423
3175,5,7,24.6,12.568,1.227,13.794,17.595
3176,5,8,24.5,12.587,1.221,13.808,17.622
3177,5,9,24.6,12.761,1.246,14.007,17.866
3178,5,10,24.9,12.969,1.289,14.258,18.156
3179,5,11,25.4,12.961,1.326,14.286,18.145
3180,5,12,26.0,13.02,1.38,14.4,18.228
3181,5,13,26.7,12.961,1.43,14.391,18.146
3182,5,14,27.5,12.761,1.468,14.229,17.865
3183,5,15,28.3,12.779,1.529,14.308,17.89
3184,5,16,29.0,12.656,1.569,14.225,17.718
3185,5,17,29.6,12.776,1.632,14.408,17.886
3186,5,18,30.1,12.426,1.623,14.048,17.396
3187,5,19,30.4,12.537,1.66,14.197,17.552
3188,5,20,30.5,12.447,1.655,14.102,17.425
3189,5,21,30.4,12.462,1.65,14.112,17.447
3190,5,22,30.1,12.179,1.59,13.769,17.05
3191,5,23,29.6,12.253,1.565,13.818,17.154
3192,5,0,29.0,12.397,1.537,13.935,17.356
3193,5,1,28.3,12.12,1.45,13.57,16.968
3194,5,2,27.5,12.066,1.388,13.454,16.892
3195,5,3,26.7,12.091,1.334,13.425,16.928
3196,5,4,26.0,12.429,1.317,13.746,17.4
3197,5,5,25.4,12.26,1.254,13.514,17.164
3198,5,6,24.9,12.508,1.243,13.752,17.512
3199,5,7,24.6,12.687,1.238,13.925,17.761
3200,5,8,24.5,12.752,1.237,13.989,17.853
3201,5,9,24.6,12.854,1.255,14.109,17.996
3202,5,10,24.9,12.894,1.282,14.175,18.051
3203,5,11,25.4,13.037,1.333,14.37,18.252
3204,5,12,26.0,12.827,1.36,14.186,17.957
3205,5,13,26.7,12.841,1.417,14.258,17.978
3206,5,14,27.5,12.794,1.471,14.265,17.912
3207,5,15,28.3,12.895,1.543,14.438,18.052
3208,5,16,29.0,12.824,1.59,14.414,17.953
3209,5,17,29.6,12.688,1.621,14.309,17.763
3210,5,18,30.1,12.664,1.654,14.318,17.729
3211,5,19,30.4,12.33,1.632,13.963,17.262
3212,5,20,30.5,12.524,1.666,14.19,17.534
3213,5,21,30.4,12.432,1.646,14.077,17.404
3214,5,22,30.1,12.293,1.605,13.898,17.21
3215,5,23,29.6,12.36,1.579,13.939,17.304
3216,5,0,29.0,12.003,1.488,13.492,16.805
3217,5,1,28.3,12.129,1.451,13.581,16.981
3218,5,2,27.5,12.146,1.397,13.543,17.004
3219,5,3,26.7,12.351,1.363,13.714,17.292
3220,5,4,26.0,12.252,1.299,13.551,17.153
3221,5,5,25.4,12.524,1.281,13.805,17.533
3222,5,6,24.9,12.683,1.261,13.943,17.756
3223,5,7,24.6,12.712,1.241,13.953,17.797
3224,5,8,24.5,12.762,1.238,14.0,17.867
3225,5,9,24.6,12.713,1.241,13.954,17.798
3226,5,10,24.9,12.787,1.271,14.058,17.901
3227,5,11,25.4,13.034,1.333,14.367,18.248
3228,5,12,26.0,13.0,1.378,14.378,18.2
3229,5,13,26.7,12.905,1.424,14.329,18.067
3230,5,14,27.5,12.83,1.475,14.305,17.961
3231,5,15,28.3,12.609,1.509,14.118,17.653
3232,5,16,29.0,12.627,1.566,14.192,17.677
3233,5,17,29.6,12.834,1.639,14.473,17.968
3234,5,18,30.1,12.417,1.622,14.039,17.384
3235,5,19,30.4,12.467,1.65,14.117,17.454
3236,5,20,30.5,12.458,1.657,14.115,17.441
3237,5,21,30.4,12.154,1.609,13.763,17.015
3238,5,22,30.1,12.238,1.598,13.836,17.133
3239,5,23,29.6,12.276,1.568,13.844,17.186
3240,5,0,29.0,12.17,1.509,13.679,17.038
3241,5,1,28.3,12.469,1.492,13.961,17.456
3242,5,2,27.5,12.053,1.386,13.439,16.874
3243,5,3,26.7,12.385,1.367,13.752,17.339
3244,5,4,26.0,12.34,1.308,13.648,17.276
3245,5,5,25.4,12.525,1.281,13.806,17.535
3246,5,6,24.9,12.59,1.252,13.841,17.625
3247,5,7,24.6,12.57,1.227,13.797,17.597
3248,5,8,24.5,12.757,1.237,13.994,17.859
3249,5,9,24.6,12.626,1.232,13.858,17.676
3250,5,10,24.9,12.932,1.286,14.217,18.104
3251,5,11,25.4,12.939,1.323,14.262,18.114
3252,5,12,26.0,12.986,1.376,14.362,18.18
3253,5,13,26.7,13.015,1.436,14.451,18.221
3254,5,14,27.5,12.908,1.484,14.393,18.071
3255,5,15,28.3,12.826,1.535,14.361,17.957
3256,5,16,29.0,12.646,1.568,14.214,17.704
3257,5,17,29.6,12.572,1.606,14.177,17.6
3258,5,18,30.1,12.664,1.654,14.318,17.73
3259,5,19,30.4,12.592,1.667,14.259,17.628
3260,5,20,30.5,12.333,1.64,13.974,17.267
3261,5,21,30.4,12.284,1.626,13.91,17.197
3262,5,22,30.1,12.129,1.584,13.713,16.981
3263,5,23,29.6,12.299,1.571,13.87,17.219
3264,5,0,29.0,12.236,1.517,13.753,17.13
3265,5,1,28.3,12.376,1.481,13.857,17.326
3266,5,2,27.5,12.132,1.395,13.527,16.984
3267,5,3,26.7,12.242,1.351,13.592,17.138
3268,5,4,26.0,12.38,1.312,13.693,17.333
3269,5,5,25.4,12.513,1.28,13.792,17.518
3270,5,6,24.9,12.524,1.245,13.769,17.533
3271,5,7,24.6,12.556,1.226,13.781,17.578
3272,5,8,24.5,12.822,1.244,14.065,17.95
3273,5,9,24.6,12.884,1.258,14.141,18.037
3274,5,10,24.9,12.78,1.27,14.05,17.892
3275,5,11,25.4,13.045,1.334,14.379,18.262
3276,5,12,26.0,13.039,1.382,14.421,18.254
3277,5,13,26.7,12.922,1.426,14.348,18.091
3278,5,14,27.5,12.879,1.481,14.36,18.031
3279,5,15,28.3,12.867,1.54,14.407,18.014
3280,5,16,29.0,12.647,1.568,14.216,17.706
3281,5,17,29.6,12.646,1.615,14.261,17.704
3282,5,18,30.1,12.33,1.61,13.94,17.262
3283,5,19,30.4,12.536,1.66,14.195,17.55
3284,5,20,30.5,12.201,1.623,13.824,17.082
3285,5,21,30.4,12.43,1.646,14.075,17.402
3286,5,22,30.1,12.187,1.591,13.778,17.061
3287,5,23,29.6,12.161,1.553,13.714,17.025
3288,5,0,29.0,12.106,1.501,13.608,16.949
3289,5,1,28.3,12.153,1.454,13.607,17.014
3290,5,2,27.5,12.361,1.422,13.783,17.306
3291,5,3,26.7,12.031,1.327,13.358,16.843
3292,5,4,26.0,12.485,1.323,13.808,17.479
3293,5,5,25.4,12.482,1.277,13.758,17.475
3294,5,6,24.9,12.425,1.235,13.66,17.395
3295,5,7,24.6,12.535,1.224,13.759,17.549
3296,5,8,24.5,12.901,1.251,14.153,18.062
3297,5,9,24.6,12.717,1.241,13.958,17.804
3298,5,10,24.9,12.756,1.268,14.024,17.858
3299,5,11,25.4,13.023,1.332,14.355,18.232
3300,5,12,26.0,12.956,1.373,14.329,18.138
3301,5,13,26.7,12.815,1.414,14.229,17.941
3302,5,14,27.5,12.893,1.483,14.376,18.05
3303,5,15,28.3,12.709,1.521,14.23,17.793
3304,5,16,29.0,12.844,1.593,14.436,17.981
3305,5,17,29.6,12.749,1.628,14.377,17.849
3306,5,18,30.1,12.599,1.645,14.244,17.638
3307,5,19,30.4,12.484,1.653,14.137,17.478
3308,5,20,30.5,12.533,1.667,14.2,17.547
3309,5,21,30.4,12.279,1.626,13.905,17.191
3310,5,22,30.1,12.101,1.58,13.682,16.942
3311,5,23,29.6,12.227,1.562,13.789,17.118
3312,5,0,29.0,12.378,1.535,13.913,17.329
3313,5,1,28.3,12.08,1.446,13.526,16.913
3314,5,2,27.5,12.183,1.401,13.584,17.057
3315,5,3,26.7,12.321,1.36,13.68,17.249
3316,5,4,26.0,12.352,1.309,13.661,17.293
3317,5,5,25.4,12.35,1.263,13.613,17.29
3318,5,6,24.9,12.658,1.258,13.916,17.721
3319,5,7,24.6,12.875,1.257,14.132,18.025
3320,5,8,24.5,12.753,1.237,13.99,17.855
3321,5,9,24.6,12.721,1.242,13.963,17.81
3322,5,10,24.9,12.716,1.264,13.981,17.803
3323,5,11,25.4,12.935,1.323,14.258,18.109
3324,5,12,26.0,13.032,1.381,14.414,18.245
3325,5,13,26.7,12.957,1.43,14.386,18.139
3326,5,14,27.5,12.871,1.48,14.351,18.02
3327,5,15,28.3,12.753,1.526,14.279,17.854
3328,5,16,29.0,12.624,1.565,14.19,17.674
3329,5,17,29.6,12.726,1.626,14.352,17.817
3330,5,18,30.1,12.637,1.65,14.287,17.692
3331,5,19,30.4,12.293,1.627,13.921,17.211
3332,5,20,30.5,12.516,1.665,14.181,17.523
3333,5,21,30.4,12.337,1.633,13.97,17.271
3334,5,22,30.1,12.359,1.614,13.973,17.303
3335,5,23,29.6,12.048,1.539,13.587,16.867
3336,5,0,29.0,12.033,1.492,13.525,16.846
3337,5,1,28.3,12.167,1.456,13.623,17.034
3338,5,2,27.5,12.27,1.411,13.681,17.178
3339,5,3,26.7,12.459,1.375,13.834,17.443
3340,5,4,26.0,12.428,1.317,13.745,17.399
3341,5,5,25.4,12.424,1.271,13.694,17.393
3342,5,6,24.9,12.443,1.237,13.68,17.42
3343,5,7,24.6,12.766,1.246,14.012,17.872
3344,5,8,24.5,12.637,1.226,13.863,17.692
3345,5,9,24.6,12.974,1.266,14.241,18.164
3346,5,10,24.9,12.843,1.277,14.12,17.98
3347,5,11,25.4,13.068,1.336,14.405,18.295
3348,5,12,26.0,12.99,1.377,14.367,18.186
3349,5,13,26.7,12.895,1.423,14.318,18.053
3350,5,14,27.5,12.819,1.474,14.294,17.947
3351,5,15,28.3,12.777,1.529,14.306,17.888
3352,5,16,29.0,12.776,1.584,14.361,17.887
3353,5,17,29.6,12.651,1.616,14.266,17.711
3354,5,18,30.1,12.486,1.631,14.117,17.481
3355,5,19,30.4,12.431,1.646,14.077,17.404
3356,5,20,30.5,12.365,1.645,14.01,17.311
3357,5,21,30.4,12.066,1.597,13.664,16.893
3358,5,22,30.1,12.265,1.602,13.867,17.171
3359,5,23,29.6,12.084,1.543,13.627,16.918
3360,5,0,29.0,12.054,1.495,13.548,16.875
3361,5,1,28.3,12.013,1.437,13.451,16.818
3362,5,2,27.5,12.04,1.385,13.425,16.856
3363,5,3,26.7,12.144,1.34,13.484,17.001
3364,5,4,26.0,12.286,1.302,13.589,17.201
3365,5,5,25.4,12.643,1.293,13.936,17.701
3366,5,6,24.9,12.493,1.242,13.735,17.49
3367,5,7,24.6,12.661,1.236,13.896,17.725
3368,5,8,24.5,12.774,1.239,14.013,17.883
3369,5,9,24.6,12.825,1.252,14.077,17.955
3370,5,10,24.9,12.864,1.279,14.142,18.009
3371,5,11,25.4,12.789,1.308,14.097,17.905
3372,5,12,26.0,13.067,1.385,14.452,18.294
3373,5,13,26.7,13.09,1.444,14.534,18.326
3374,5,14,27.5,12.703,1.461,14.164,17.784
3375,5,15,28.3,12.709,1.521,14.23,17.793
3376,5,16,29.0,12.706,1.576,14.281,17.788
3377,5,17,29.6,12.546,1.603,14.149,17.565
3378,5,18,30.1,12.596,1.645,14.241,17.634
3379,5,19,30.4,12.375,1.638,14.014,17.325
3380,5,20,30.5,12.574,1.672,14.246,17.603
3381,5,21,30.4,12.398,1.641,14.04,17.358
3382,5,22,30.1,12.241,1.599,13.839,17.137
3383,5,23,29.6,12.285,1.569,13.854,17.198
3384,5,0,29.0,12.28,1.523,13.802,17.192
3385,5,1,28.3,12.126,1.451,13.576,16.976
3386,5,2,27.5,12.138,1.396,13.534,16.993
3387,5,3,26.7,12.287,1.356,13.643,17.202
3388,5,4,26.0,12.443,1.319,13.762,17.421
3389,5,5,25.4,12.462,1.275,13.736,17.447
3390,5,6,24.9,12.388,1.231,13.619,17.343
3391,5,7,24.6,12.563,1.226,13.789,17.588
3392,5,8,24.5,12.726,1.234,13.961,17.817
3393,5,9,24.6,12.804,1.25,14.054,17.926
3394,5,10,24.9,13.069,1.299,14.368,18.296
3395,5,11,25.4,12.77,1.306,14.076,17.879
3396,5,12,26.0,12.972,1.375,14.347,18.161
3397,5,13,26.7,13.058,1.441,14.499,18.281
3398,5,14,27.5,13.099,1.506,14.605,18.338
3399,5,15,28.3,12.771,1.528,14.299,17.88
3400,5,16,29.0,12.783,1.585,14.368,17.896
3401,5,17,29.6,12.7,1.622,14.322,17.78
3402,5,18,30.1,12.565,1.641,14.206,17.591
3403,5,19,30.4,12.438,1.647,14.085,17.413
3404,5,20,30.5,12.401,1.649,14.05,17.361
3405,5,21,30.4,12.026,1.592,13.618,16.837
3406,5,22,30.1,12.288,1.605,13.892,17.203
3407,5,23,29.6,12.195,1.558,13.752,17.072
3408,5,0,29.0,12.147,1.506,13.653,17.006
3409,5,1,28.3,12.387,1.482,13.869,17.341
3410,5,2,27.5,12.152,1.397,13.55,17.013
3411,5,3,26.7,12.239,1.35,13.589,17.135
3412,5,4,26.0,12.556,1.331,13.887,17.579
3413,5,5,25.4,12.365,1.265,13.629,17.311
3414,5,6,24.9,12.49,1.242,13.732,17.487
3415,5,7,24.6,12.628,1.233,13.861,17.679
3416,5,8,24.5,12.818,1.243,14.061,17.945
3417,5,9,24.6,12.832,1.253,14.085,17.965
3418,5,10,24.9,12.742,1.267,14.009,17.839
3419,5,11,25.4,12.856,1.315,14.171,17.998
3420,5,12,26.0,12.861,1.363,14.224,18.006
3421,5,13,26.7,12.901,1.424,14.325,18.062
3422,5,14,27.5,12.914,1.485,14.399,18.08
3423,5,15,28.3,12.853,1.538,14.391,17.995
3424,5,16,29.0,12.556,1.557,14.113,17.578
3425,5,17,29.6,12.749,1.628,14.378,17.849
3426,5,18,30.1,12.571,1.642,14.212,17.599
3427,5,19,30.4,12.586,1.666,14.253,17.621
3428,5,20,30.5,12.402,1.649,14.051,17.362
3429,5,21,30.4,12.389,1.64,14.03,17.345
3430,5,22,30.1,12.266,1.602,13.868,17.173
3431,5,23,29.6,12.317,1.573,13.89,17.243
3432,5,0,29.0,12.221,1.515,13.737,17.11
3433,5,1,28.3,12.172,1.457,13.629,17.041
3434,5,2,27.5,12.447,1.431,13.878,17.425
3435,5,3,26.7,12.368,1.365,13.733,17.316
3436,5,4,26.0,12.415,1.316,13.731,17.381
3437,5,5,25.4,12.32,1.26,13.58,17.249
3438,5,6,24.9,12.417,1.234,13.651,17.383
3439,5,7,24.6,12.672,1.237,13.909,17.741
3440,5,8,24.5,12.748,1.237,13.985,17.847
3441,5,9,24.6,12.75,1.245,13.995,17.85
3442,5,10,24.9,12.885,1.281,14.166,18.04
3443,5,11,25.4,13.068,1.336,14.404,18.295
3444,5,12,26.0,12.991,1.377,14.368,18.188
3445,5,13,26.7,12.795,1.412,14.207,17.913
3446,5,14,27.5,12.86,1.479,14.339,18.004
3447,5,15,28.3,12.731,1.523,14.254,17.824
3448,5,16,29.0,12.695,1.574,14.269,17.773
3449,5,17,29.6,12.602,1.61,14.211,17.642
3450,5,18,30.1,12.498,1.632,14.13,17.497
3451,5,19,30.4,12.323,1.631,13.954,17.252
3452,5,20,30.5,12.345,1.642,13.986,17.282
3453,5,21,30.4,12.223,1.618,13.841,17.113
3454,5,22,30.1,11.927,1.557,13.484,16.697
3455,5,23,29.6,12.387,1.582,13.969,17.342
3456,5,0,29.0,12.278,1.522,13.8,17.189
3457,5,1,28.3,12.144,1.453,13.597,17.002
3458,5,2,27.5,12.221,1.405,13.627,17.11
3459,5,3,26.7,12.162,1.342,13.504,17.027
3460,5,4,26.0,12.527,1.328,13.855,17.538
3461,5,5,25.4,12.638,1.292,13.93,17.693
3462,5,6,24.9,12.561,1.249,13.81,17.586
3463,5,7,24.6,12.745,1.244,13.989,17.843
3464,5,8,24.5,12.751,1.237,13.988,17.852
3465,5,9,24.6,12.678,1.238,13.915,17.749
3466,5,10,24.9,12.83,1.275,14.106,17.962
3467,5,11,25.4,12.922,1.322,14.244,18.091
3468,5,12,26.0,12.876,1.365,14.241,18.027
3469,5,13,26.7,12.887,1.422,14.309,18.042
3470,5,14,27.5,12.862,1.479,14.341,18.007
3471,5,15,28.3,12.803,1.532,14.336,17.925
3472,5,16,29.0,12.739,1.58,14.318,17.834
3473,5,17,29.6,12.537,1.601,14.138,17.552
3474,5,18,30.1,12.474,1.629,14.103,17.463
3475,5,19,30.4,12.32,1.631,13.951,17.247
3476,5,20,30.5,12.455,1.657,14.112,17.437
3477,5,21,30.4,12.069,1.598,13.667,16.896
3478,5,22,30.1,12.335,1.611,13.946,17.269
3479,5,23,29.6,12.321,1.574,13.894,17.249
3480,5,0,29.0,12.139,1.505,13.644,16.994
3481,5,1,28.3,11.922,1.427,13.348,16.69
3482,5,2,27.5,12.183,1.401,13.584,17.057
3483,5,3,26.7,12.273,1.354,13.627,17.182
3484,5,4,26.0,12.256,1.299,13.555,17.159
3485,5,5,25.4,12.397,1.268,13.664,17.355
3486,5,6,24.9,12.698,1.262,13.961,17.778
3487,5,7,24.6,12.709,1.241,13.95,17.793
3488,5,8,24.5,12.641,1.226,13.867,17.698
3489,5,9,24.6,12.652,1.235,13.887,17.713
3490,5,10,24.9,12.839,1.276,14.115,17.974
3491,5,11,25.4,12.888,1.318,14.206,18.043
3492,5,12,26.0,12.971,1.375,14.346,18.16
3493,5,13,26.7,12.855,1.418,14.274,17.998
3494,5,14,27.5,12.923,1.486,14.409,18.092
3495,5,15,28.3,13.005,1.556,14.561,18.207
3496,5,16,29.0,12.815,1.589,14.404,17.941
3497,5,17,29.6,12.638,1.614,14.252,17.693
3498,5,18,30.1,12.527,1.636,14.163,17.538
3499,5,19,30.4,12.412,1.643,14.056,17.377
3500,5,20,30.5,12.475,1.659,14.135,17.465
3501,5,21,30.4,12.217,1.617,13.834,17.103
3502,5,22,30.1,12.224,1.596,13.82,17.114
3503,5,23,29.6,12.187,1.557,13.744,17.062
3504,5,0,29.0,12.119,1.503,13.622,16.966
3505,5,1,28.3,12.045,1.441,13.486,16.863
3506,5,2,27.5,12.252,1.409,13.661,17.153
3507,5,3,26.7,12.273,1.354,13.627,17.183
3508,5,4,26.0,12.407,1.315,13.722,17.37
3509,5,5,25.4,12.395,1.268,13.662,17.353
3510,5,6,24.9,12.668,1.259,13.927,17.735
3511,5,7,24.6,12.555,1.226,13.781,17.577
3512,5,8,24.5,12.905,1.252,14.157,18.067
3513,5,9,24.6,12.637,1.234,13.87,17.692
3514,5,10,24.9,12.915,1.284,14.199,18.081
3515,5,11,25.4,12.957,1.325,14.282,18.139
3516,5,12,26.0,12.842,1.361,14.204,17.979
3517,5,13,26.7,12.951,1.429,14.381,18.132
3518,5,14,27.5,12.999,1.495,14.494,18.199
3519,5,15,28.3,12.59,1.506,14.096,17.626
3520,5,16,29.0,12.784,1.585,14.369,17.897
3521,5,17,29.6,12.394,1.583,13.977,17.351
3522,5,18,30.1,12.449,1.626,14.075,17.428
3523,5,19,30.4,12.611,1.67,14.28,17.655
3524,5,20,30.5,12.299,1.636,13.935,17.219
3525,5,21,30.4,12.162,1.61,13.772,17.027
3526,5,22,30.1,12.2,1.593,13.793,17.08
3527,5,23,29.6,12.389,1.582,13.971,17.344
3528,5,0,29.0,11.986,1.486,13.472,16.78
3529,5,1,28.3,12.077,1.445,13.522,16.907
3530,5,2,27.5,12.369,1.422,13.792,17.317
3531,5,3,26.7,12.465,1.375,13.841,17.451
3532,5,4,26.0,12.347,1.309,13.656,17.286
3533,5,5,25.4,12.324,1.26,13.585,17.254
3534,5,6,24.9,12.755,1.268,14.023,17.857
3535,5,7,24.6,12.802,1.25,14.052,17.923
3536,5,8,24.5,12.802,1.242,14.043,17.922
3537,5,9,24.6,12.73,1.243,13.973,17.822
3538,5,10,24.9,12.866,1.279,14.146,18.013
3539,5,11,25.4,12.893,1.319,14.212,18.05
3540,5,12,26.0,12.955,1.373,14.328,18.137
3541,5,13,26.7,13.054,1.44,14.494,18.276
3542,5,14,27.5,12.959,1.49,14.45,18.143
3543,5,15,28.3,12.704,1.52,14.224,17.785
3544,5,16,29.0,12.871,1.596,14.467,18.02
3545,5,17,29.6,12.674,1.619,14.293,17.744
3546,5,18,30.1,12.614,1.647,14.261,17.66
3547,5,19,30.4,12.595,1.667,14.262,17.633
3548,5,20,30.5,12.246,1.629,13.875,17.145
3549,5,21,30.4,12.276,1.625,13.901,17.186
3550,5,22,30.1,12.166,1.589,13.755,17.033
3551,5,23,29.6,12.025,1.536,13.561,16.835
3552,5,0,29.0,12.204,1.513,13.717,17.085
3553,5,1,28.3,12.433,1.488,13.921,17.406
3554,5,2,27.5,12.036,1.384,13.42,16.85
3555,5,3,26.7,12.276,1.355,13.631,17.187
3556,5,4,26.0,12.421,1.317,13.738,17.39
3557,5,5,25.4,12.46,1.274,13.735,17.444
3558,5,6,24.9,12.534,1.246,13.78,17.548
3559,5,7,24.6,12.513,1.221,13.734,17.518
3560,5,8,24.5,12.757,1.237,13.994,17.86
3561,5,9,24.6,12.736,1.243,13.979,17.83
3562,5,10,24.9,12.652,1.258,13.91,17.713
3563,5,11,25.4,13.028,1.332,14.361,18.24
3564,5,12,26.0,13.018,1.38,14.398,18.225
3565,5,13,26.7,12.914,1.425,14.339,18.08
3566,5,14,27.5,12.894,1.483,14.377,18.052
3567,5,15,28.3,12.919,1.546,14.465,18.087
3568,5,16,29.0,12.756,1.582,14.338,17.858
3569,5,17,29.6,12.733,1.626,14.36,17.827
3570,5,18,30.1,12.516,1.634,14.15,17.522
3571,5,19,30.4,12.579,1.665,14.245,17.611
3572,5,20,30.5,12.389,1.648,14.037,17.345
3573,5,21,30.4,12.299,1.628,13.927,17.218
3574,5,22,30.1,12.093,1.579,13.672,16.93
3575,5,23,29.6,12.211,1.56,13.77,17.095
3576,5,0,29.0,12.086,1.499,13.585,16.92
3577,5,1,28.3,12.118,1.45,13.568,16.965
3578,5,2,27.5,12.138,1.396,13.534,16.993
3579,5,3,26.7,12.173,1.343,13.516,17.042
3580,5,4,26.0,12.57,1.332,13.902,17.598
3581,5,5,25.4,12.581,1.287,13.868,17.614
3582,5,6,24.9,12.737,1.266,14.004,17.832
3583,5,7,24.6,12.521,1.222,13.743,17.529
3584,5,8,24.5,12.741,1.236,13.977,17.837
3585,5,9,24.6,12.682,1.238,13.92,17.755
3586,5,10,24.9,12.802,1.273,14.074,17.923
3587,5,11,25.4,12.817,1.311,14.128,17.944
3588,5,12,26.0,13.046,1.383,14.429,18.264
3589,5,13,26.7,12.869,1.42,14.289,18.017
3590,5,14,27.5,12.978,1.492,14.471,18.17
3591,5,15,28.3,12.872,1.54,14.412,18.021
3592,5,16,29.0,12.964,1.608,14.572,18.15
3593,5,17,29.6,12.495,1.596,14.091,17.493
3594,5,18,30.1,12.671,1.655,14.326,17.74
3595,5,19,30.4,12.563,1.663,14.226,17.588
3596,5,20,30.5,12.26,1.631,13.891,17.164
3597,5,21,30.4,12.38,1.639,14.019,17.332
3598,5,22,30.1,12.253,1.6,13.853,17.154
3599,5,23,29.6,12.159,1.553,13.712,17.023
3600,6,0,27.5,12.219,1.405,13.624,17.107
3601,6,1,26.8,12.242,1.355,13.597,17.139
3602,6,2,26.0,12.557,1.331,13.888,17.58
3603,6,3,25.2,12.413,1.258,13.671,17.378
3604,6,4,24.5,12.57,1.219,13.789,17.598
3605,6,5,23.9,12.504,1.166,13.671,17.506
3606,6,6,23.4,12.604,1.14,13.743,17.645
3607,6,7,23.1,12.888,1.142,14.031,18.044
3608,6,8,23.0,12.737,1.121,13.858,17.832
3609,6,9,23.1,12.909,1.144,14.053,18.073
3610,6,10,23.4,13.015,1.177,14.191,18.221
3611,6,11,23.9,13.06,1.218,14.279,18.285
3612,6,12,24.5,13.044,1.265,14.31,18.262
3613,6,13,25.2,13.089,1.326,14.415,18.324
3614,6,14,26.0,13.081,1.387,14.467,18.313
3615,6,15,26.8,13.024,1.441,14.466,18.234
3616,6,16,27.5,12.773,1.469,14.242,17.883
3617,6,17,28.1,12.752,1.514,14.266,17.853
3618,6,18,28.6,12.801,1.556,14.358,17.922
3619,6,19,28.9,12.673,1.564,14.236,17.742
3620,6,20,29.0,12.354,1.532,13.886,17.296
3621,6,21,28.9,12.448,1.536,13.984,17.427
3622,6,22,28.6,12.155,1.478,13.632,17.016
3623,6,23,28.1,12.319,1.463,13.782,17.247
3624,6,0,27.5,12.491,1.436,13.928,17.488
3625,6,1,26.8,12.22,1.352,13.572,17.107
3626,6,2,26.0,12.269,1.301,13.569,17.176
3627,6,3,25.2,12.489,1.266,13.755,17.485
3628,6,4,24.5,12.337,1.197,13.534,17.272
3629,6,5,23.9,12.52,1.168,13.688,17.528
3630,6,6,23.4,12.741,1.152,13.893,17.838
3631,6,7,23.1,12.717,1.127,13.844,17.804
3632,6,8,23.0,12.848,1.131,13.979,17.988
3633,6,9,23.1,13.025,1.154,14.179,18.235
3634,6,10,23.4,13.053,1.18,14.234,18.275
3635,6,11,23.9,13.076,1.22,14.296,18.306
3636,6,12,24.5,13.028,1.264,14.292,18.24
3637,6,13,25.2,13.086,1.326,14.412,18.321
3638,6,14,26.0,12.999,1.378,14.377,18.198
3639,6,15,26.8,12.997,1.438,14.435,18.195
3640,6,16,27.5,12.822,1.475,14.297,17.951
3641,6,17,28.1,12.762,1.515,14.277,17.867
3642,6,18,28.6,12.583,1.53,14.113,17.616
3643,6,19,28.9,12.58,1.552,14.132,17.612
3644,6,20,29.0,12.41,1.539,13.949,17.375
3645,6,21,28.9,12.301,1.518,13.819,17.222
3646,6,22,28.6,12.378,1.505,13.883,17.329
3647,6,23,28.1,12.336,1.465,13.8,17.27
3648,6,0,27.5,12.38,1.424,13.803,17.332
3649,6,1,26.8,12.271,1.358,13.629,17.18
3650,6,2,26.0,12.393,1.314,13.707,17.35
3651,6,3,25.2,12.468,1.264,13.731,17.455
3652,6,4,24.5,12.536,1.216,13.752,17.55
3653,6,5,23.9,12.501,1.166,13.667,17.501
3654,6,6,23.4,12.697,1.148,13.845,17.775
3655,6,7,23.1,12.817,1.136,13.952,17.943
3656,6,8,23.0,12.873,1.133,14.006,18.022
3657,6,9,23.1,12.742,1.129,13.871,17.839
3658,6,10,23.4,13.027,1.178,14.205,18.238
3659,6,11,23.9,13.271,1.238,14.508,18.579
3660,6,12,24.5,13.026,1.264,14.29,18.237
3661,6,13,25.2,12.977,1.315,14.292,18.167
3662,6,14,26.0,13.049,1.383,14.432,18.268
3663,6,15,26.8,12.982,1.437,14.419,18.175
3664,6,16,27.5,12.991,1.494,14.485,18.188
3665,6,17,28.1,12.655,1.502,14.157,17.716
3666,6,18,28.6,12.755,1.551,14.306,17.857
3667,6,19,28.9,12.642,1.56,14.202,17.699
3668,6,20,29.0,12.477,1.547,14.025,17.468
3669,6,21,28.9,12.447,1.536,13.982,17.425
3670,6,22,28.6,12.455,1.514,13.97,17.437
3671,6,23,28.1,12.402,1.472,13.874,17.362
3672,6,0,27.5,12.187,1.402,13.589,17.062
3673,6,1,26.8,12.396,1.372,13.768,17.355
3674,6,2,26.0,12.346,1.309,13.655,17.284
3675,6,3,25.2,12.42,1.259,13.679,17.388
3676,6,4,24.5,12.499,1.212,13.711,17.498
3677,6,5,23.9,12.568,1.172,13.741,17.596
3678,6,6,23.4,12.801,1.157,13.958,17.921
3679,6,7,23.1,12.772,1.132,13.904,17.881
3680,6,8,23.0,12.76,1.123,13.883,17.864
3681,6,9,23.1,12.911,1.144,14.056,18.076
3682,6,10,23.4,13.029,1.178,14.207,18.241
3683,6,11,23.9,13.172,1.229,14.401,18.441
3684,6,12,24.5,13.123,1.273,14.395,18.372
3685,6,13,25.2,12.964,1.314,14.278,18.15
3686,6,14,26.0,13.26,1.406,14.665,18.564
3687,6,15,26.8,12.977,1.436,14.413,18.168
3688,6,16,27.5,13.0,1.495,14.495,18.199
3689,6,17,28.1,12.765,1.516,14.281,17.871
3690,6,18,28.6,12.735,1.548,14.284,17.829
3691,6,19,28.9,12.667,1.563,14.23,17.734
3692,6,20,29.0,12.613,1.564,14.177,17.659
3693,6,21,28.9,12.519,1.545,14.063,17.526
3694,6,22,28.6,12.44,1.513,13.952,17.415
3695,6,23,28.1,12.283,1.458,13.741,17.196
3696,6,0,27.5,12.244,1.408,13.652,17.142
3697,6,1,26.8,12.348,1.366,13.714,17.287
3698,6,2,26.0,12.446,1.319,13.765,17.424
3699,6,3,25.2,12.391,1.256,13.646,17.347
3700,6,4,24.5,12.598,1.222,13.82,17.637
3701,6,5,23.9,12.729,1.187,13.916,17.82
3702,6,6,23.4,12.59,1.138,13.728,17.626
3703,6,7,23.1,12.697,1.125,13.822,17.775
3704,6,8,23.0,12.858,1.132,13.99,18.001
3705,6,9,23.1,12.982,1.15,14.132,18.174
3706,6,10,23.4,12.959,1.172,14.13,18.142
3707,6,11,23.9,13.185,1.23,14.414,18.458
3708,6,12,24.5,13.105,1.271,14.376,18.347
3709,6,13,25.2,13.053,1.323,14.376,18.275
3710,6,14,26.0,12.868,1.364,14.232,18.015
3711,6,15,26.8,12.819,1.419,14.238,17.947
3712,6,16,27.5,12.9,1.484,14.384,18.06
3713,6,17,28.1,12.567,1.492,14.059,17.594
3714,6,18,28.6,12.783,1.554,14.337,17.896
3715,6,19,28.9,12.568,1.551,14.118,17.595
3716,6,20,29.0,12.816,1.589,14.405,17.942
3717,6,21,28.9,12.644,1.56,14.204,17.701
3718,6,22,28.6,12.334,1.5,13.834,17.268
3719,6,23,28.1,12.304,1.461,13.764,17.225
3720,6,0,27.5,12.401,1.426,13.827,17.361
3721,6,1,26.8,12.485,1.382,13.866,17.479
3722,6,2,26.0,12.189,1.292,13.481,17.064
3723,6,3,25.2,12.234,1.24,13.474,17.128
3724,6,4,24.5,12.429,1.206,13.635,17.401
3725,6,5,23.9,12.642,1.179,13.821,17.698
3726,6,6,23.4,12.732,1.151,13.883,17.824
3727,6,7,23.1,12.887,1.142,14.029,18.042
3728,6,8,23.0,12.752,1.122,13.874,17.853
3729,6,9,23.1,12.719,1.127,13.846,17.807
3730,6,10,23.4,13.097,1.184,14.281,18.336
3731,6,11,23.9,12.966,1.209,14.176,18.153
3732,6,12,24.5,12.86,1.247,14.108,18.005
3733,6,13,25.2,13.064,1.324,14.388,18.289
3734,6,14,26.0,13.091,1.388,14.478,18.327
3735,6,15,26.8,12.939,1.432,14.37,18.114
3736,6,16,27.5,12.826,1.475,14.301,17.957
3737,6,17,28.1,12.764,1.515,14.28,17.87
3738,6,18,28.6,12.645,1.537,14.182,17.703
3739,6,19,28.9,12.449,1.536,13.985,17.428
3740,6,20,29.0,12.42,1.54,13.96,17.388
3741,6,21,28.9,12.465,1.538,14.003,17.451
3742,6,22,28.6,12.385,1.506,13.89,17.338
3743,6,23,28.1,12.331,1.464,13.795,17.264
3744,6,0,27.5,12.202,1.403,13.605,17.083
3745,6,1,26.8,12.296,1.361,13.657,17.215
3746,6,2,26.0,12.135,1.286,13.421,16.988
3747,6,3,25.2,12.431,1.26,13.69,17.403
3748,6,4,24.5,12.634,1.226,13.86,17.688
3749,6,5,23.9,12.436,1.16,13.596,17.41
3750,6,6,23.4,12.623,1.141,13.765,17.673
3751,6,7,23.1,12.813,1.135,13.949,17.938
3752,6,8,23.0,12.997,1.144,14.141,18.196
3753,6,9,23.1,12.906,1.144,14.05,18.068
3754,6,10,23.4,12.942,1.17,14.112,18.119
3755,6,11,23.9,12.852,1.199,14.051,17.993
3756,6,12,24.5,13.073,1.268,14.341,18.302
3757,6,13,25.2,13.254,1.343,14.597,18.555
3758,6,14,26.0,13.039,1.382,14.421,18.255
3759,6,15,26.8,12.949,1.433,14.381,18.128
3760,6,16,27.5,12.904,1.484,14.388,18.066
3761,6,17,28.1,12.779,1.517,14.296,17.891
3762,6,18,28.6,12.601,1.532,14.133,17.641
3763,6,19,28.9,12.666,1.563,14.228,17.732
3764,6,20,29.0,12.514,1.552,14.066,17.52
3765,6,21,28.9,12.415,1.532,13.946,17.38
3766,6,22,28.6,12.255,1.49,13.745,17.157
3767,6,23,28.1,12.445,1.478,13.922,17.423
3768,6,0,27.5,12.368,1.422,13.79,17.315
3769,6,1,26.8,12.259,1.357,13.616,17.163
3770,6,2,26.0,12.453,1.32,13.772,17.434
3771,6,3,25.2,12.363,1.253,13.616,17.308
3772,6,4,24.5,12.413,1.204,13.617,17.379
3773,6,5,23.9,12.507,1.167,13.674,17.51
3774,6,6,23.4,12.505,1.131,13.635,17.507
3775,6,7,23.1,12.827,1.137,13.964,17.958
3776,6,8,23.0,12.689,1.117,13.806,17.765
3777,6,9,23.1,12.828,1.137,13.965,17.959
3778,6,10,23.4,12.804,1.158,13.961,17.925
3779,6,11,23.9,13.041,1.216,14.257,18.257
3780,6,12,24.5,13.047,1.266,14.313,18.266
3781,6,13,25.2,13.017,1.319,14.336,18.223
3782,6,14,26.0,12.907,1.368,14.275,18.07
3783,6,15,26.8,12.834,1.42,14.254,17.967
3784,6,16,27.5,12.918,1.486,14.404,18.086
3785,6,17,28.1,12.725,1.511,14.236,17.815
3786,6,18,28.6,12.713,1.546,14.259,17.799
3787,6,19,28.9,12.495,1.542,14.037,17.493
3788,6,20,29.0,12.51,1.551,14.061,17.514
3789,6,21,28.9,12.543,1.548,14.091,17.56
3790,6,22,28.6,12.411,1.509,13.92,17.375
3791,6,23,28.1,12.273,1.457,13.73,17.182
3792,6,0,27.5,12.327,1.418,13.745,17.258
3793,6,1,26.8,12.29,1.36,13.65,17.206
3794,6,2,26.0,12.353,1.309,13.663,17.294
3795,6,3,25.2,12.38,1.255,13.635,17.332
3796,6,4,24.5,12.475,1.21,13.685,17.465
3797,6,5,23.9,12.605,1.176,13.78,17.646
3798,6,6,23.4,12.582,1.138,13.72,17.615
3799,6,7,23.1,12.679,1.124,13.802,17.75
3800,6,8,23.0,12.733,1.121,13.854,17.826
3801,6,9,23.1,12.791,1.133,13.924,17.907
3802,6,10,23.4,12.89,1.165,14.055,18.045
3803,6,11,23.9,13.065,1.219,14.284,18.291
3804,6,12,24.5,12.973,1.258,14.231,18.162
3805,6,13,25.2,13.101,1.328,14.428,18.341
3806,6,14,26.0,13.015,1.38,14.394,18.221
3807,6,15,26.8,12.754,1.411,14.165,17.856
3808,6,16,27.5,12.938,1.488,14.425,18.113
3809,6,17,28.1,12.861,1.527,14.388,18.006
3810,6,18,28.6,12.582,1.53,14.112,17.615
3811,6,19,28.9,12.625,1.558,14.183,17.676
3812,6,20,29.0,12.406,1.538,13.944,17.368
3813,6,21,28.9,12.423,1.533,13.955,17.392
3814,6,22,28.6,12.226,1.487,13.712,17.116
3815,6,23,28.1,12.135,1.441,13.576,16.989
3816,6,0,27.5,12.263,1.41,13.673,17.168
3817,6,1,26.8,12.302,1.361,13.663,17.223
3818,6,2,26.0,12.313,1.305,13.618,17.238
3819,6,3,25.2,12.294,1.246,13.54,17.212
3820,6,4,24.5,12.452,1.208,13.659,17.432
3821,6,5,23.9,12.61,1.176,13.786,17.654
3822,6,6,23.4,12.677,1.146,13.824,17.748
3823,6,7,23.1,12.799,1.134,13.933,17.918
3824,6,8,23.0,12.805,1.127,13.932,17.927
3825,6,9,23.1,13.068,1.158,14.226,18.295
3826,6,10,23.4,12.894,1.166,14.059,18.051
3827,6,11,23.9,13.098,1.222,14.32,18.337
3828,6,12,24.5,13.18,1.279,14.459,18.453
3829,6,13,25.2,13.097,1.327,14.425,18.336
3830,6,14,26.0,12.991,1.377,14.368,18.187
3831,6,15,26.8,12.898,1.427,14.325,18.057
3832,6,16,27.5,12.976,1.492,14.468,18.166
3833,6,17,28.1,12.638,1.5,14.138,17.693
3834,6,18,28.6,12.585,1.53,14.115,17.619
3835,6,19,28.9,12.544,1.548,14.091,17.561
3836,6,20,29.0,12.615,1.564,14.18,17.661
3837,6,21,28.9,12.451,1.536,13.987,17.431
3838,6,22,28.6,12.256,1.49,13.746,17.158
3839,6,23,28.1,12.283,1.458,13.742,17.197
3840,6,0,27.5,12.24,1.408,13.648,17.136
3841,6,1,26.8,12.243,1.355,13.598,17.141
3842,6,2,26.0,12.45,1.32,13.77,17.43
3843,6,3,25.2,12.276,1.244,13.52,17.186
3844,6,4,24.5,12.652,1.227,13.88,17.713
3845,6,5,23.9,12.666,1.181,13.848,17.733
3846,6,6,23.4,12.791,1.156,13.947,17.907
3847,6,7,23.1,12.734,1.128,13.862,17.828
3848,6,8,23.0,12.857,1.131,13.988,18.0
3849,6,9,23.1,12.808,1.135,13.942,17.931
3850,6,10,23.4,12.959,1.172,14.13,18.142
3851,6,11,23.9,13.099,1.222,14.32,18.338
3852,6,12,24.5,13.192,1.28,14.471,18.469
3853,6,13,25.2,12.939,1.311,14.25,18.114
3854,6,14,26.0,12.975,1.375,14.35,18.165
3855,6,15,26.8,12.936,1.431,14.367,18.11
3856,6,16,27.5,12.732,1.464,14.197,17.825
3857,6,17,28.1,12.839,1.524,14.364,17.975
3858,6,18,28.6,12.609,1.533,14.143,17.653
3859,6,19,28.9,12.564,1.55,14.114,17.589
3860,6,20,29.0,12.446,1.543,13.99,17.425
3861,6,21,28.9,12.334,1.522,13.856,17.267
3862,6,22,28.6,12.352,1.502,13.853,17.292
3863,6,23,28.1,12.293,1.459,13.752,17.21
3864,6,0,27.5,12.264,1.41,13.675,17.17
3865,6,1,26.8,12.241,1.355,13.596,17.138
3866,6,2,26.0,12.384,1.313,13.697,17.338
3867,6,3,25.2,12.578,1.275,13.853,17.609
3868,6,4,24.5,12.506,1.213,13.719,17.508
3869,6,5,23.9,12.683,1.183,13.866,17.756
3870,6,6,23.4,12.543,1.134,13.677,17.56
3871,6,7,23.1,12.796,1.134,13.93,17.914
3872,6,8,23.0,12.762,1.123,13.885,17.867
3873,6,9,23.1,12.803,1.135,13.938,17.924
3874,6,10,23.4,12.937,1.17,14.107,18.112
3875,6,11,23.9,13.168,1.228,14.397,18.436
3876,6,12,24.5,13.157,1.276,14.434,18.42
3877,6,13,25.2,13.074,1.325,14.399,18.303
3878,6,14,26.0,12.858,1.363,14.221,18.001
3879,6,15,26.8,12.931,1.431,14.362,18.104
3880,6,16,27.5,12.902,1.484,14.386,18.063
3881,6,17,28.1,12.798,1.519,14.317,17.917
3882,6,18,28.6,12.497,1.52,14.017,17.496
3883,6,19,28.9,12.494,1.542,14.036,17.492
3884,6,20,29.0,12.485,1.548,14.033,17.479
3885,6,21,28.9,12.466,1.538,14.005,17.453
3886,6,22,28.6,12.133,1.475,13.608,16.986
3887,6,23,28.1,12.298,1.46,13.758,17.217
3888,6,0,27.5,12.316,1.416,13.732,17.242
3889,6,1,26.8,12.399,1.372,13.771,17.359
3890,6,2,26.0,12.422,1.317,13.738,17.39
3891,6,3,25.2,12.471,1.264,13.735,17.459
3892,6,4,24.5,12.412,1.204,13.616,17.376
3893,6,5,23.9,12.393,1.156,13.548,17.35
3894,6,6,23.4,12.643,1.143,13.786,17.7
3895,6,7,23.1,12.88,1.141,14.022,18.033
3896,6,8,23.0,13.011,1.145,14.156,18.216
3897,6,9,23.1,13.022,1.154,14.176,18.231
3898,6,10,23.4,13.054,1.18,14.234,18.276
3899,6,11,23.9,13.087,1.221,14.308,18.322
3900,6,12,24.5,13.007,1.262,14.268,18.209
3901,6,13,25.2,13.036,1.321,14.357,18.251
3902,6,14,26.0,13.178,1.397,14.575,18.449
3903,6,15,26.8,12.857,1.423,14.279,17.999
3904,6,16,27.5,13.034,1.499,14.532,18.247
3905,6,17,28.1,12.748,1.514,14.262,17.847
3906,6,18,28.6,12.814,1.558,14.372,17.94
3907,6,19,28.9,12.443,1.535,13.978,17.42
3908,6,20,29.0,12.55,1.556,14.106,17.57
3909,6,21,28.9,12.339,1.522,13.862,17.275
3910,6,22,28.6,12.211,1.485,13.696,17.095
3911,6,23,28.1,12.336,1.465,13.801,17.271
3912,6,0,27.5,12.402,1.426,13.829,17.363
3913,6,1,26.8,12.23,1.353,13.583,17.122
3914,6,2,26.0,12.202,1.293,13.496,17.083
3915,6,3,25.2,12.404,1.257,13.661,17.365
3916,6,4,24.5,12.483,1.211,13.694,17.476
3917,6,5,23.9,12.638,1.179,13.817,17.693
3918,6,6,23.4,12.777,1.155,13.932,17.887
3919,6,7,23.1,12.774,1.132,13.906,17.884
3920,6,8,23.0,13.058,1.149,14.207,18.281
3921,6,9,23.1,12.973,1.15,14.123,18.163
3922,6,10,23.4,12.977,1.173,14.15,18.167
3923,6,11,23.9,12.888,1.202,14.09,18.043
3924,6,12,24.5,13.036,1.264,14.3,18.25
3925,6,13,25.2,13.016,1.319,14.335,18.222
3926,6,14,26.0,13.107,1.389,14.497,18.35
3927,6,15,26.8,12.997,1.438,14.435,18.196
3928,6,16,27.5,12.754,1.467,14.221,17.856
3929,6,17,28.1,12.798,1.519,14.317,17.917
3930,6,18,28.6,12.749,1.55,14.299,17.849
3931,6,19,28.9,12.736,1.571,14.308,17.831
3932,6,20,29.0,12.58,1.56,14.14,17.612
3933,6,21,28.9,12.489,1.541,14.03,17.484
3934,6,22,28.6,12.358,1.503,13.861,17.302
3935,6,23,28.1,12.353,1.467,13.82,17.294
3936,6,0,27.5,12.426,1.429,13.855,17.397
3937,6,1,26.8,12.181,1.348,13.529,17.053
3938,6,2,26.0,12.317,1.306,13.623,17.244
3939,6,3,25.2,12.336,1.25,13.586,17.27
3940,6,4,24.5,12.53,1.215,13.745,17.541
3941,6,5,23.9,12.706,1.185,13.892,17.789
3942,6,6,23.4,12.622,1.141,13.763,17.671
3943,6,7,23.1,12.541,1.111,13.653,17.558
3944,6,8,23.0,12.831,1.129,13.96,17.963
3945,6,9,23.1,13.042,1.156,14.198,18.259
3946,6,10,23.4,13.065,1.181,14.246,18.291
3947,6,11,23.9,13.092,1.221,14.313,18.329
3948,6,12,24.5,13.034,1.264,14.299,18.248
3949,6,13,25.2,12.921,1.309,14.231,18.09
3950,6,14,26.0,13.063,1.385,14.447,18.288
3951,6,15,26.8,12.867,1.424,14.291,18.014
3952,6,16,27.5,13.09,1.505,14.596,18.327
3953,6,17,28.1,12.837,1.524,14.361,17.972
3954,6,18,28.6,12.624,1.535,14.159,17.673
3955,6,19,28.9,12.522,1.545,14.067,17.531
3956,6,20,29.0,12.482,1.548,14.03,17.475
3957,6,21,28.9,12.389,1.529,13.917,17.344
3958,6,22,28.6,12.464,1.515,13.979,17.45
3959,6,23,28.1,12.333,1.464,13.797,17.266
3960,6,0,27.5,12.228,1.406,13.634,17.119
3961,6,1,26.8,12.503,1.384,13.887,17.505
3962,6,2,26.0,12.357,1.31,13.667,17.3
3963,6,3,25.2,12.49,1.266,13.755,17.486
3964,6,4,24.5,12.431,1.206,13.637,17.403
3965,6,5,23.9,12.62,1.177,13.797,17.668
3966,6,6,23.4,12.713,1.149,13.862,17.798
3967,6,7,23.1,12.591,1.116,13.707,17.628
3968,6,8,23.0,13.074,1.15,14.224,18.303
3969,6,9,23.1,13.08,1.159,14.239,18.312
3970,6,10,23.4,12.972,1.173,14.144,18.16
3971,6,11,23.9,12.939,1.207,14.146,18.115
3972,6,12,24.5,13.097,1.27,14.367,18.336
3973,6,13,25.2,13.058,1.323,14.381,18.281
3974,6,14,26.0,13.047,1.383,14.43,18.266
3975,6,15,26.8,12.97,1.435,14.405,18.158
3976,6,16,27.5,12.923,1.486,14.409,18.092
3977,6,17,28.1,12.925,1.535,14.46,18.095
3978,6,18,28.6,12.739,1.549,14.287,17.834
3979,6,19,28.9,12.478,1.54,14.018,17.47
3980,6,20,29.0,12.628,1.566,14.194,17.679
3981,6,21,28.9,12.577,1.552,14.129,17.608
3982,6,22,28.6,12.668,1.54,14.208,17.735
3983,6,23,28.1,12.202,1.449,13.651,17.083
3984,6,0,27.5,12.326,1.417,13.743,17.256
3985,6,1,26.8,12.106,1.34,13.446,16.949
3986,6,2,26.0,12.408,1.315,13.723,17.371
3987,6,3,25.2,12.358,1.252,13.61,17.301
3988,6,4,24.5,12.684,1.23,13.914,17.758
3989,6,5,23.9,12.506,1.166,13.672,17.508
3990,6,6,23.4,12.513,1.131,13.644,17.518
3991,6,7,23.1,12.733,1.128,13.861,17.826
3992,6,8,23.0,12.674,1.115,13.79,17.744
3993,6,9,23.1,13.026,1.154,14.18,18.236
3994,6,10,23.4,12.805,1.158,13.962,17.927
3995,6,11,23.9,13.052,1.217,14.27,18.273
3996,6,12,24.5,12.854,1.247,14.101,17.996
3997,6,13,25.2,13.017,1.319,14.336,18.224
3998,6,14,26.0,13.176,1.397,14.572,18.446
3999,6,15,26.8,12.987,1.437,14.424,18.182
4000,6,16,27.5,12.786,1.47,14.256,17.9
4001,6,17,28.1,12.777,1.517,14.294,17.888
4002,6,18,28.6,12.684,1.542,14.226,17.757
4003,6,19,28.9,12.631,1.558,14.189,17.683
4004,6,20,29.0,12.355,1.532,13.887,17.297
4005,6,21,28.9,12.472,1.539,14.011,17.461
4006,6,22,28.6,12.082,1.469,13.551,16.915
4007,6,23,28.1,12.251,1.455,13.706,17.152
4008,6,0,27.5,12.253,1.409,13.662,17.154
4009,6,1,26.8,12.378,1.37,13.747,17.329
4010,6,2,26.0,12.355,1.31,13.664,17.296
4011,6,3,25.2,12.272,1.244,13.516,17.181
4012,6,4,24.5,12.393,1.202,13.595,17.35
4013,6,5,23.9,12.603,1.176,13.779,17.645
4014,6,6,23.4,12.674,1.146,13.82,17.743
4015,6,7,23.1,12.722,1.127,13.85,17.811
4016,6,8,23.0,12.824,1.129,13.952,17.954
4017,6,9,23.1,13.02,1.154,14.174,18.229
4018,6,10,23.4,12.96,1.172,14.131,18.143
4019,6,11,23.9,13.04,1.216,14.257,18.257
4020,6,12,24.5,13.279,1.288,14.567,18.591
4021,6,13,25.2,12.907,1.308,14.215,18.07
4022,6,14,26.0,12.826,1.36,14.186,17.957
4023,6,15,26.8,13.029,1.442,14.471,18.241
4024,6,16,27.5,12.804,1.472,14.277,17.926
4025,6,17,28.1,12.748,1.514,14.262,17.848
4026,6,18,28.6,12.604,1.532,14.136,17.645
4027,6,19,28.9,12.557,1.549,14.107,17.58
4028,6,20,29.0,12.651,1.569,14.22,17.712
4029,6,21,28.9,12.493,1.541,14.034,17.49
4030,6,22,28.6,12.439,1.512,13.951,17.414
4031,6,23,28.1,12.173,1.445,13.618,17.042
4032,6,0,27.5,12.186,1.401,13.588,17.061
4033,6,1,26.8,12.03,1.331,13.362,16.843
4034,6,2,26.0,12.271,1.301,13.572,17.18
4035,6,3,25.2,12.508,1.268,13.776,17.512
4036,6,4,24.5,12.543,1.217,13.76,17.561
4037,6,5,23.9,12.561,1.172,13.733,17.586
4038,6,6,23.4,12.68,1.146,13.826,17.751
4039,6,7,23.1,12.711,1.126,13.838,17.796
4040,6,8,23.0,12.893,1.135,14.027,18.05
4041,6,9,23.1,13.027,1.154,14.182,18.238
4042,6,10,23.4,12.85,1.162,14.011,17.99
4043,6,11,23.9,13.079,1.22,14.299,18.311
4044,6,12,24.5,13.156,1.276,14.432,18.418
4045,6,13,25.2,13.008,1.318,14.326,18.211
4046,6,14,26.0,13.081,1.387,14.468,18.314
4047,6,15,26.8,13.232,1.464,14.697,18.525
4048,6,16,27.5,12.862,1.479,14.341,18.006
4049,6,17,28.1,12.82,1.522,14.342,17.947
4050,6,18,28.6,12.608,1.533,14.141,17.651
4051,6,19,28.9,12.601,1.555,14.156,17.642
4052,6,20,29.0,12.538,1.555,14.092,17.553
4053,6,21,28.9,12.432,1.534,13.966,17.405
4054,6,22,28.6,12.25,1.49,13.74,17.151
4055,6,23,28.1,12.335,1.465,13.799,17.269
4056,6,0,27.5,12.448,1.431,13.879,17.427
4057,6,1,26.8,12.359,1.368,13.727,17.303
4058,6,2,26.0,12.449,1.32,13.768,17.428
4059,6,3,25.2,12.389,1.256,13.645,17.345
4060,6,4,24.5,12.567,1.219,13.786,17.593
4061,6,5,23.9,12.611,1.176,13.788,17.656
4062,6,6,23.4,12.587,1.138,13.725,17.621
4063,6,7,23.1,12.812,1.135,13.947,17.937
4064,6,8,23.0,12.773,1.124,13.897,17.882
4065,6,9,23.1,12.888,1.142,14.03,18.043
4066,6,10,23.4,13.03,1.178,14.208,18.242
4067,6,11,23.9,13.079,1.22,14.299,18.311
4068,6,12,24.5,12.943,1.256,14.199,18.121
4069,6,13,25.2,13.155,1.333,14.488,18.417
4070,6,14,26.0,13.069,1.385,14.454,18.296
4071,6,15,26.8,12.88,1.425,14.306,18.033
4072,6,16,27.5,12.718,1.463,14.181,17.806
4073,6,17,28.1,12.766,1.516,14.281,17.872
4074,6,18,28.6,12.637,1.537,14.174,17.692
4075,6,19,28.9,12.595,1.554,14.149,17.633
4076,6,20,29.0,12.455,1.544,14.0,17.437
4077,6,21,28.9,12.212,1.507,13.719,17.097
4078,6,22,28.6,12.314,1.497,13.811,17.239
4079,6,23,28.1,12.284,1.458,13.742,17.197
4080,6,0,27.5,12.365,1.422,13.787,17.311
4081,6,1,26.8,12.245,1.355,13.599,17.142
4082,6,2,26.0,12.52,1.327,13.847,17.528
4083,6,3,25.2,12.222,1.239,13.46,17.11
4084,6,4,24.5,12.623,1.224,13.847,17.672
4085,6,5,23.9,12.561,1.172,13.733,17.585
4086,6,6,23.4,12.768,1.154,13.922,17.875
4087,6,7,23.1,12.788,1.133,13.921,17.904
4088,6,8,23.0,12.986,1.143,14.129,18.18
4089,6,9,23.1,12.912,1.144,14.056,18.077
4090,6,10,23.4,12.901,1.166,14.068,18.062
4091,6,11,23.9,13.191,1.23,14.422,18.468
4092,6,12,24.5,13.051,1.266,14.317,18.271
4093,6,13,25.2,13.071,1.325,14.396,18.3
4094,6,14,26.0,13.135,1.392,14.527,18.389
4095,6,15,26.8,12.848,1.422,14.269,17.987
4096,6,16,27.5,12.932,1.487,14.419,18.104
4097,6,17,28.1,12.721,1.51,14.232,17.81
4098,6,18,28.6,12.669,1.54,14.209,17.736
4099,6,19,28.9,12.591,1.554,14.144,17.627
4100,6,20,29.0,12.342,1.53,13.872,17.278
4101,6,21,28.9,12.335,1.522,13.857,17.269
4102,6,22,28.6,12.487,1.518,14.006,17.482
4103,6,23,28.1,12.403,1.473,13.876,17.364
4104,6,0,27.5,12.295,1.414,13.709,17.213
4105,6,1,26.8,12.339,1.365,13.704,17.274
4106,6,2,26.0,12.323,1.306,13.629,17.252
4107,6,3,25.2,12.548,1.272,13.82,17.568
4108,6,4,24.5,12.472,1.21,13.681,17.46
4109,6,5,23.9,12.607,1.176,13.782,17.649
4110,6,6,23.4,12.796,1.157,13.953,17.915
4111,6,7,23.1,12.703,1.126,13.828,17.784
4112,6,8,23.0,13.028,1.146,14.174,18.239
4113,6,9,23.1,12.798,1.134,13.932,17.917
4114,6,10,23.4,13.174,1.191,14.365,18.444
4115,6,11,23.9,13.012,1.214,14.226,18.217
4116,6,12,24.5,13.038,1.265,14.303,18.253
4117,6,13,25.2,12.86,1.303,14.164,18.004
4118,6,14,26.0,12.966,1.374,14.34,18.152
4119,6,15,26.8,12.847,1.422,14.268,17.986
4120,6,16,27.5,12.811,1.473,14.285,17.936
4121,6,17,28.1,12.767,1.516,14.282,17.873
4122,6,18,28.6,12.778,1.554,14.331,17.889
4123,6,19,28.9,12.604,1.555,14.159,17.646
4124,6,20,29.0,12.522,1.553,14.075,17.531
4125,6,21,28.9,12.303,1.518,13.821,17.225
4126,6,22,28.6,12.264,1.491,13.755,17.17
4127,6,23,28.1,12.494,1.483,13.978,17.492
4128,6,0,27.5,12.228,1.406,13.634,17.119
4129,6,1,26.8,12.48,1.381,13.861,17.472
4130,6,2,26.0,12.328,1.307,13.635,17.259
4131,6,3,25.2,12.413,1.258,13.671,17.378
4132,6,4,24.5,12.599,1.222,13.821,17.638
4133,6,5,23.9,12.711,1.186,13.896,17.795
4134,6,6,23.4,12.671,1.146,13.816,17.739
4135,6,7,23.1,12.741,1.129,13.871,17.838
4136,6,8,23.0,12.866,1.132,13.999,18.013
4137,6,9,23.1,12.985,1.151,14.135,18.178
4138,6,10,23.4,13.1,1.184,14.285,18.341
4139,6,11,23.9,13.05,1.217,14.267,18.27
4140,6,12,24.5,13.124,1.273,14.397,18.374
4141,6,13,25.2,13.213,1.339,14.552,18.498
4142,6,14,26.0,13.049,1.383,14.433,18.269
4143,6,15,26.8,12.982,1.437,14.419,18.175
4144,6,16,27.5,12.72,1.463,14.183,17.808
4145,6,17,28.1,12.517,1.486,14.003,17.524
4146,6,18,28.6,12.721,1.547,14.267,17.809
4147,6,19,28.9,12.574,1.551,14.125,17.603
4148,6,20,29.0,12.44,1.543,13.983,17.416
4149,6,21,28.9,12.437,1.535,13.972,17.412
4150,6,22,28.6,12.346,1.501,13.847,17.285
4151,6,23,28.1,12.427,1.475,13.903,17.398
4152,6,0,27.5,12.31,1.416,13.726,17.234
4153,6,1,26.8,12.24,1.354,13.594,17.135
4154,6,2,26.0,12.451,1.32,13.771,17.432
4155,6,3,25.2,12.391,1.256,13.647,17.348
4156,6,4,24.5,12.544,1.217,13.761,17.562
4157,6,5,23.9,12.536,1.169,13.705,17.55
4158,6,6,23.4,12.617,1.141,13.758,17.664
4159,6,7,23.1,12.789,1.133,13.922,17.904
4160,6,8,23.0,12.873,1.133,14.006,18.023
4161,6,9,23.1,12.999,1.152,14.151,18.198
4162,6,10,23.4,12.984,1.174,14.158,18.178
4163,6,11,23.9,12.866,1.2,14.066,18.012
4164,6,12,24.5,13.019,1.263,14.282,18.227
4165,6,13,25.2,13.129,1.33,14.459,18.38
4166,6,14,26.0,12.982,1.376,14.358,18.174
4167,6,15,26.8,12.926,1.43,14.357,18.097
4168,6,16,27.5,12.971,1.492,14.462,18.159
4169,6,17,28.1,12.709,1.509,14.218,17.793
4170,6,18,28.6,12.528,1.523,14.051,17.539
4171,6,19,28.9,12.567,1.551,14.118,17.594
4172,6,20,29.0,12.443,1.543,13.986,17.42
4173,6,21,28.9,12.316,1.52,13.836,17.243
4174,6,22,28.6,12.335,1.5,13.835,17.269
4175,6,23,28.1,12.363,1.468,13.831,17.309
4176,6,0,27.5,12.3,1.415,13.715,17.221
4177,6,1,26.8,12.345,1.366,13.711,17.283
4178,6,2,26.0,12.534,1.329,13.862,17.547
4179,6,3,25.2,12.379,1.254,13.633,17.33
4180,6,4,24.5,12.519,1.214,13.734,17.527
4181,6,5,23.9,12.532,1.169,13.701,17.545
4182,6,6,23.4,12.597,1.139,13.736,17.636
4183,6,7,23.1,12.722,1.127,13.849,17.811
4184,6,8,23.0,12.824,1.129,13.953,17.954
4185,6,9,23.1,12.987,1.151,14.138,18.182
4186,6,10,23.4,13.246,1.198,14.444,18.545
4187,6,11,23.9,12.978,1.21,14.188,18.169
4188,6,12,24.5,13.021,1.263,14.284,18.229
4189,6,13,25.2,13.043,1.322,14.365,18.26
4190,6,14,26.0,13.051,1.383,14.434,18.271
4191,6,15,26.8,12.977,1.436,14.413,18.168
4192,6,16,27.5,13.0,1.495,14.496,18.201
4193,6,17,28.1,12.538,1.489,14.026,17.553
4194,6,18,28.6,12.443,1.513,13.956,17.42
4195,6,19,28.9,12.534,1.546,14.08,17.547
4196,6,20,29.0,12.601,1.563,14.164,17.642
4197,6,21,28.9,12.256,1.512,13.768,17.159
4198,6,22,28.6,12.052,1.465,13.517,16.872
4199,6,23,28.1,12.371,1.469,13.84,17.32
4200,6,0,27.5,12.326,1.417,13.743,17.256
4201,6,1,26.8,12.205,1.351,13.556,17.087
4202,6,2,26.0,12.254,1.299,13.553,17.155
4203,6,3,25.2,12.316,1.248,13.564,17.242
4204,6,4,24.5,12.503,1.213,13.715,17.504
4205,6,5,23.9,12.521,1.168,13.689,17.529
4206,6,6,23.4,12.731,1.151,13.882,17.824
4207,6,7,23.1,12.495,1.107,13.602,17.493
4208,6,8,23.0,12.786,1.125,13.912,17.901
4209,6,9,23.1,12.838,1.138,13.976,17.974
4210,6,10,23.4,12.986,1.174,14.16,18.18
4211,6,11,23.9,12.996,1.212,14.208,18.194
4212,6,12,24.5,13.142,1.275,14.417,18.399
4213,6,13,25.2,12.863,1.304,14.167,18.009
4214,6,14,26.0,13.016,1.38,14.396,18.222
4215,6,15,26.8,13.007,1.439,14.446,18.209
4216,6,16,27.5,13.058,1.502,14.559,18.281
4217,6,17,28.1,12.732,1.512,14.244,17.825
4218,6,18,28.6,12.714,1.546,14.26,17.8
4219,6,19,28.9,12.403,1.53,13.933,17.364
4220,6,20,29.0,12.252,1.519,13.772,17.153
4221,6,21,28.9,12.497,1.542,14.039,17.496
4222,6,22,28.6,12.352,1.502,13.854,17.292
4223,6,23,28.1,12.432,1.476,13.908,17.405
4224,6,0,27.5,12.164,1.399,13.563,17.03
4225,6,1,26.8,12.366,1.368,13.735,17.313
4226,6,2,26.0,12.539,1.329,13.868,17.555
4227,6,3,25.2,12.455,1.262,13.717,17.437
4228,6,4,24.5,12.519,1.214,13.734,17.527
4229,6,5,23.9,12.584,1.174,13.758,17.618
4230,6,6,23.4,12.525,1.132,13.657,17.535
4231,6,7,23.1,12.916,1.145,14.06,18.082
4232,6,8,23.0,12.811,1.127,13.938,17.935
4233,6,9,23.1,13.001,1.152,14.153,18.202
4234,6,10,23.4,12.855,1.162,14.017,17.997
4235,6,11,23.9,12.931,1.206,14.137,18.104
4236,6,12,24.5,13.206,1.281,14.487,18.488
4237,6,13,25.2,13.015,1.319,14.333,18.22
4238,6,14,26.0,13.157,1.395,14.551,18.419
4239,6,15,26.8,12.943,1.432,14.375,18.12
4240,6,16,27.5,12.688,1.459,14.147,17.763
4241,6,17,28.1,12.869,1.528,14.397,18.017
4242,6,18,28.6,12.623,1.535,14.158,17.672
4243,6,19,28.9,12.653,1.561,14.214,17.715
4244,6,20,29.0,12.494,1.549,14.043,17.492
4245,6,21,28.9,12.258,1.513,13.771,17.162
4246,6,22,28.6,12.369,1.504,13.873,17.316
4247,6,23,28.1,12.534,1.488,14.022,17.548
4248,6,0,27.5,12.351,1.42,13.771,17.291
4249,6,1,26.8,12.309,1.362,13.671,17.232
4250,6,2,26.0,12.46,1.321,13.781,17.444
4251,6,3,25.2,12.434,1.26,13.694,17.407
4252,6,4,24.5,12.513,1.214,13.726,17.518
4253,6,5,23.9,12.474,1.163,13.638,17.464
4254,6,6,23.4,12.705,1.149,13.854,17.787
4255,6,7,23.1,12.884,1.142,14.026,18.037
4256,6,8,23.0,12.788,1.125,13.914,17.904
4257,6,9,23.1,13.093,1.16,14.254,18.331
4258,6,10,23.4,13.002,1.176,14.178,18.203
4259,6,11,23.9,12.961,1.209,14.169,18.145
4260,6,12,24.5,13.162,1.277,14.439,18.427
4261,6,13,25.2,13.021,1.32,14.34,18.229
4262,6,14,26.0,13.087,1.387,14.475,18.322
4263,6,15,26.8,12.922,1.43,14.352,18.09
4264,6,16,27.5,12.866,1.48,14.346,18.012
4265,6,17,28.1,12.83,1.523,14.353,17.962
4266,6,18,28.6,12.711,1.545,14.256,17.795
4267,6,19,28.9,12.384,1.528,13.912,17.337
4268,6,20,29.0,12.379,1.535,13.915,17.331
4269,6,21,28.9,12.506,1.543,14.049,17.508
4270,6,22,28.6,12.339,1.5,13.839,17.275
4271,6,23,28.1,12.262,1.456,13.718,17.167
4272,6,0,27.5,12.166,1.399,13.565,17.032
4273,6,1,26.8,12.206,1.351,13.557,17.089
4274,6,2,26.0,12.15,1.288,13.438,17.01
4275,6,3,25.2,12.403,1.257,13.66,17.364
4276,6,4,24.5,12.432,1.206,13.638,17.404
4277,6,5,23.9,12.487,1.165,13.651,17.481
4278,6,6,23.4,12.675,1.146,13.821,17.745
4279,6,7,23.1,12.817,1.136,13.952,17.943
4280,6,8,23.0,13.081,1.151,14.233,18.314
4281,6,9,23.1,12.8,1.134,13.934,17.92
4282,6,10,23.4,13.127,1.187,14.314,18.378
4283,6,11,23.9,13.147,1.226,14.373,18.405
4284,6,12,24.5,12.984,1.259,14.244,18.178
4285,6,13,25.2,13.07,1.324,14.394,18.297
4286,6,14,26.0,12.966,1.374,14.34,18.152
4287,6,15,26.8,12.969,1.435,14.405,18.157
4288,6,16,27.5,13.023,1.498,14.521,18.232
4289,6,17,28.1,12.841,1.525,14.365,17.977
4290,6,18,28.6,12.733,1.548,14.281,17.826
4291,6,19,28.9,12.54,1.547,14.088,17.556
4292,6,20,29.0,12.343,1.531,13.874,17.28
4293,6,21,28.9,12.392,1.529,13.921,17.349
4294,6,22,28.6,12.473,1.517,13.99,17.462
4295,6,23,28.1,12.162,1.444,13.606,17.026
4296,6,0,27.5,12.196,1.403,13.598,17.074
4297,6,1,26.8,12.327,1.364,13.691,17.258
4298,6,2,26.0,12.254,1.299,13.553,17.155
4299,6,3,25.2,12.334,1.25,13.583,17.267
4300,6,4,24.5,12.449,1.208,13.657,17.429
4301,6,5,23.9,12.447,1.161,13.608,17.426
4302,6,6,23.4,12.584,1.138,13.722,17.618
4303,6,7,23.1,12.851,1.139,13.989,17.991
4304,6,8,23.0,12.741,1.121,13.863,17.838
4305,6,9,23.1,12.791,1.133,13.925,17.907
4306,6,10,23.4,12.948,1.171,14.119,18.128
4307,6,11,23.9,13.123,1.224,14.346,18.372
4308,6,12,24.5,13.043,1.265,14.308,18.26
4309,6,13,25.2,13.003,1.318,14.321,18.204
4310,6,14,26.0,13.016,1.38,14.395,18.222
4311,6,15,26.8,12.776,1.414,14.19,17.887
4312,6,16,27.5,12.922,1.486,14.407,18.09
4313,6,17,28.1,12.819,1.522,14.341,17.946
4314,6,18,28.6,12.641,1.537,14.178,17.697
4315,6,19,28.9,12.684,1.565,14.249,17.758
4316,6,20,29.0,12.379,1.535,13.914,17.33
4317,6,21,28.9,12.526,1.545,14.071,17.536
4318,6,22,28.6,12.368,1.504,13.872,17.315
4319,6,23,28.1,12.281,1.458,13.739,17.193
4320,7,0,26.5,12.432,1.355,13.787,17.404
4321,7,1,25.8,12.436,1.302,13.738,17.41
4322,7,2,25.0,12.607,1.261,13.868,17.65
4323,7,3,24.2,12.439,1.186,13.625,17.414
4324,7,4,23.5,12.55,1.142,13.692,17.57
4325,7,5,22.9,12.822,1.119,13.941,17.951
4326,7,6,22.4,12.759,1.077,13.836,17.862
4327,7,7,22.1,13.008,1.075,14.082,18.211
4328,7,8,22.0,13.18,1.081,14.261,18.453
4329,7,9,22.1,13.05,1.078,14.128,18.27
4330,7,10,22.4,13.219,1.116,14.335,18.507
4331,7,11,22.9,13.074,1.141,14.215,18.304
4332,7,12,23.5,13.278,1.208,14.487,18.589
4333,7,13,24.2,13.21,1.259,14.469,18.493
4334,7,14,25.0,13.199,1.32,14.518,18.478
4335,7,15,25.8,13.026,1.363,14.389,18.236
4336,7,16,26.5,12.844,1.4,14.244,17.982
4337,7,17,27.1,12.968,1.462,14.43,18.155
4338,7,18,27.6,12.612,1.458,14.07,17.657
4339,7,19,27.9,12.687,1.489,14.176,17.762
4340,7,20,28.0,12.72,1.501,14.221,17.808
4341,7,21,27.9,12.565,1.475,14.04,17.592
4342,7,22,27.6,12.68,1.466,14.146,17.752
4343,7,23,27.1,12.549,1.415,13.964,17.569
4344,7,0,26.5,12.368,1.348,13.716,17.316
4345,7,1,25.8,12.449,1.303,13.752,17.429
4346,7,2,25.0,12.48,1.248,13.728,17.473
4347,7,3,24.2,12.388,1.181,13.569,17.343
4348,7,4,23.5,12.532,1.14,13.672,17.545
4349,7,5,22.9,12.663,1.105,13.768,17.728
4350,7,6,22.4,12.615,1.065,13.679,17.66
4351,7,7,22.1,12.922,1.068,13.99,18.091
4352,7,8,22.0,12.986,1.065,14.05,18.18
4353,7,9,22.1,12.923,1.068,13.99,18.092
4354,7,10,22.4,13.192,1.114,14.305,18.468
4355,7,11,22.9,13.261,1.157,14.419,18.566
4356,7,12,23.5,13.225,1.204,14.429,18.516
4357,7,13,24.2,13.157,1.254,14.412,18.42
4358,7,14,25.0,13.21,1.321,14.531,18.494
4359,7,15,25.8,13.158,1.377,14.535,18.421
4360,7,16,26.5,13.041,1.421,14.463,18.258
4361,7,17,27.1,12.835,1.447,14.282,17.969
4362,7,18,27.6,12.846,1.485,14.331,17.984
4363,7,19,27.9,12.838,1.507,14.345,17.973
4364,7,20,28.0,12.566,1.483,14.049,17.593
4365,7,21,27.9,12.756,1.497,14.253,17.858
4366,7,22,27.6,12.433,1.437,13.87,17.406
4367,7,23,27.1,12.45,1.403,13.853,17.43
4368,7,0,26.5,12.366,1.348,13.714,17.313
4369,7,1,25.8,12.469,1.305,13.774,17.457
4370,7,2,25.0,12.311,1.231,13.542,17.235
4371,7,3,24.2,12.492,1.191,13.683,17.488
4372,7,4,23.5,12.517,1.139,13.656,17.523
4373,7,5,22.9,12.732,1.111,13.843,17.825
4374,7,6,22.4,12.918,1.09,14.008,18.085
4375,7,7,22.1,12.982,1.073,14.055,18.175
4376,7,8,22.0,12.773,1.047,13.821,17.883
4377,7,9,22.1,13.294,1.098,14.393,18.612
4378,7,10,22.4,13.181,1.113,14.293,18.453
4379,7,11,22.9,13.112,1.144,14.256,18.357
4380,7,12,23.5,13.218,1.203,14.421,18.506
4381,7,13,24.2,13.207,1.259,14.466,18.49
4382,7,14,25.0,13.085,1.308,14.393,18.318
4383,7,15,25.8,13.11,1.372,14.482,18.354
4384,7,16,26.5,12.95,1.412,14.361,18.13
4385,7,17,27.1,12.877,1.452,14.329,18.028
4386,7,18,27.6,12.75,1.474,14.223,17.849
4387,7,19,27.9,12.575,1.476,14.052,17.606
4388,7,20,28.0,12.64,1.492,14.132,17.697
4389,7,21,27.9,12.605,1.48,14.084,17.647
4390,7,22,27.6,12.537,1.449,13.986,17.551
4391,7,23,27.1,12.529,1.412,13.941,17.54
4392,7,0,26.5,12.466,1.359,13.825,17.452
4393,7,1,25.8,12.393,1.297,13.691,17.351
4394,7,2,25.0,12.569,1.257,13.826,17.597
4395,7,3,24.2,12.411,1.183,13.594,17.375
4396,7,4,23.5,12.536,1.141,13.677,17.55
4397,7,5,22.9,12.622,1.102,13.724,17.671
4398,7,6,22.4,12.926,1.091,14.017,18.097
4399,7,7,22.1,13.012,1.075,14.087,18.217
4400,7,8,22.0,13.059,1.071,14.13,18.283
4401,7,9,22.1,13.197,1.09,14.288,18.476
4402,7,10,22.4,13.063,1.103,14.166,18.289
4403,7,11,22.9,13.224,1.154,14.379,18.514
4404,7,12,23.5,13.19,1.2,14.391,18.466
4405,7,13,24.2,13.274,1.266,14.54,18.584
4406,7,14,25.0,13.14,1.314,14.454,18.396
4407,7,15,25.8,13.052,1.366,14.418,18.272
4408,7,16,26.5,13.065,1.424,14.489,18.29
4409,7,17,27.1,13.005,1.466,14.471,18.207
4410,7,18,27.6,12.751,1.474,14.225,17.852
4411,7,19,27.9,12.713,1.492,14.205,17.798
4412,7,20,28.0,12.52,1.477,13.997,17.528
4413,7,21,27.9,12.296,1.443,13.74,17.215
4414,7,22,27.6,12.505,1.445,13.951,17.507
4415,7,23,27.1,12.508,1.41,13.918,17.511
4416,7,0,26.5,12.46,1.358,13.818,17.444
4417,7,1,25.8,12.252,1.282,13.534,17.152
4418,7,2,25.0,12.45,1.245,13.695,17.43
4419,7,3,24.2,12.324,1.175,13.499,17.254
4420,7,4,23.5,12.763,1.161,13.924,17.868
4421,7,5,22.9,12.61,1.101,13.711,17.654
4422,7,6,22.4,12.944,1.093,14.036,18.121
4423,7,7,22.1,13.012,1.075,14.087,18.217
4424,7,8,22.0,12.92,1.059,13.98,18.089
4425,7,9,22.1,12.977,1.072,14.049,18.168
4426,7,10,22.4,13.186,1.113,14.299,18.461
4427,7,11,22.9,13.105,1.144,14.249,18.347
4428,7,12,23.5,13.213,1.202,14.415,18.498
4429,7,13,24.2,13.141,1.253,14.394,18.398
4430,7,14,25.0,12.973,1.297,14.27,18.162
4431,7,15,25.8,12.867,1.347,14.214,18.014
4432,7,16,26.5,13.033,1.421,14.454,18.246
4433,7,17,27.1,12.862,1.45,14.311,18.006
4434,7,18,27.6,12.763,1.475,14.238,17.868
4435,7,19,27.9,12.788,1.501,14.289,17.904
4436,7,20,28.0,12.743,1.504,14.247,17.841
4437,7,21,27.9,12.519,1.47,13.989,17.527
4438,7,22,27.6,12.451,1.439,13.89,17.432
4439,7,23,27.1,12.497,1.409,13.905,17.495
4440,7,0,26.5,12.298,1.34,13.638,17.217
4441,7,1,25.8,12.469,1.305,13.774,17.457
4442,7,2,25.0,12.54,1.254,13.794,17.556
4443,7,3,24.2,12.614,1.203,13.817,17.66
4444,7,4,23.5,12.432,1.131,13.564,17.405
4445,7,5,22.9,12.643,1.103,13.746,17.7
4446,7,6,22.4,12.73,1.075,13.805,17.822
4447,7,7,22.1,12.928,1.068,13.996,18.099
4448,7,8,22.0,13.059,1.071,14.129,18.282
4449,7,9,22.1,13.24,1.094,14.334,18.536
4450,7,10,22.4,13.102,1.106,14.208,18.342
4451,7,11,22.9,13.14,1.147,14.287,18.396
4452,7,12,23.5,13.318,1.212,14.53,18.645
4453,7,13,24.2,13.219,1.26,14.48,18.507
4454,7,14,25.0,13.278,1.328,14.606,18.589
4455,7,15,25.8,13.119,1.373,14.492,18.367
4456,7,16,26.5,12.895,1.406,14.3,18.053
4457,7,17,27.1,12.784,1.441,14.226,17.898
4458,7,18,27.6,12.663,1.464,14.127,17.728
4459,7,19,27.9,12.785,1.501,14.286,17.899
4460,7,20,28.0,12.745,1.504,14.249,17.843
4461,7,21,27.9,12.731,1.494,14.226,17.824
4462,7,22,27.6,12.569,1.453,14.022,17.597
4463,7,23,27.1,12.563,1.416,13.979,17.588
4464,7,0,26.5,12.376,1.349,13.725,17.326
4465,7,1,25.8,12.331,1.291,13.622,17.264
4466,7,2,25.0,12.57,1.257,13.827,17.598
4467,7,3,24.2,12.588,1.2,13.788,17.623
4468,7,4,23.5,12.637,1.15,13.787,17.691
4469,7,5,22.9,12.757,1.113,13.871,17.86
4470,7,6,22.4,12.851,1.085,13.935,17.991
4471,7,7,22.1,13.046,1.078,14.124,18.265
4472,7,8,22.0,13.14,1.077,14.217,18.396
4473,7,9,22.1,13.145,1.086,14.23,18.402
4474,7,10,22.4,13.236,1.117,14.353,18.53
4475,7,11,22.9,13.241,1.156,14.397,18.537
4476,7,12,23.5,13.157,1.197,14.354,18.419
4477,7,13,24.2,13.265,1.265,14.53,18.571
4478,7,14,25.0,13.012,1.301,14.313,18.216
4479,7,15,25.8,13.195,1.381,14.577,18.474
4480,7,16,26.5,12.891,1.405,14.296,18.047
4481,7,17,27.1,12.946,1.459,14.406,18.125
4482,7,18,27.6,12.734,1.472,14.206,17.827
4483,7,19,27.9,12.774,1.499,14.273,17.884
4484,7,20,28.0,12.623,1.489,14.112,17.672
4485,7,21,27.9,12.387,1.454,13.841,17.342
4486,7,22,27.6,12.527,1.448,13.975,17.538
4487,7,23,27.1,12.389,1.397,13.786,17.345
4488,7,0,26.5,12.522,1.365,13.887,17.53
4489,7,1,25.8,12.447,1.303,13.75,17.426
4490,7,2,25.0,12.525,1.252,13.777,17.535
4491,7,3,24.2,12.451,1.187,13.638,17.431
4492,7,4,23.5,12.567,1.144,13.711,17.594
4493,7,5,22.9,12.673,1.106,13.779,17.742
4494,7,6,22.4,12.904,1.089,13.993,18.065
4495,7,7,22.1,13.085,1.081,14.166,18.32
4496,7,8,22.0,12.93,1.06,13.99,18.102
4497,7,9,22.1,13.198,1.09,14.288,18.477
4498,7,10,22.4,12.934,1.092,14.026,18.108
4499,7,11,22.9,13.07,1.141,14.211,18.298
4500,7,12,23.5,13.107,1.193,14.3,18.35
4501,7,13,24.2,13.054,1.245,14.299,18.276
4502,7,14,25.0,12.993,1.299,14.292,18.19
4503,7,15,25.8,13.131,1.374,14.506,18.384
4504,7,16,26.5,12.989,1.416,14.405,18.185
4505,7,17,27.1,12.956,1.46,14.416,18.138
4506,7,18,27.6,12.887,1.49,14.377,18.042
4507,7,19,27.9,12.745,1.496,14.241,17.843
4508,7,20,28.0,12.692,1.498,14.189,17.768
4509,7,21,27.9,12.539,1.472,14.011,17.555
4510,7,22,27.6,12.366,1.429,13.796,17.313
4511,7,23,27.1,12.553,1.415,13.968,17.574
4512,7,0,26.5,12.375,1.349,13.724,17.325
4513,7,1,25.8,12.353,1.293,13.646,17.294
4514,7,2,25.0,12.467,1.247,13.714,17.454
4515,7,3,24.2,12.455,1.187,13.642,17.437
4516,7,4,23.5,12.584,1.145,13.729,17.618
4517,7,5,22.9,12.753,1.113,13.866,17.854
4518,7,6,22.4,12.853,1.085,13.938,17.994
4519,7,7,22.1,12.828,1.06,13.888,17.959
4520,7,8,22.0,12.962,1.063,14.025,18.146
4521,7,9,22.1,13.198,1.09,14.288,18.477
4522,7,10,22.4,13.201,1.114,14.315,18.481
4523,7,11,22.9,13.397,1.169,14.566,18.756
4524,7,12,23.5,13.321,1.212,14.533,18.649
4525,7,13,24.2,13.304,1.268,14.572,18.626
4526,7,14,25.0,13.012,1.301,14.314,18.217
4527,7,15,25.8,13.166,1.378,14.544,18.433
4528,7,16,26.5,13.005,1.418,14.423,18.207
4529,7,17,27.1,12.863,1.45,14.313,18.008
4530,7,18,27.6,12.835,1.484,14.319,17.969
4531,7,19,27.9,12.813,1.504,14.317,17.938
4532,7,20,28.0,12.676,1.496,14.172,17.746
4533,7,21,27.9,12.458,1.462,13.921,17.442
4534,7,22,27.6,12.559,1.452,14.011,17.583
4535,7,23,27.1,12.383,1.396,13.779,17.336
4536,7,0,26.5,12.455,1.358,13.813,17.437
4537,7,1,25.8,12.416,1.299,13.716,17.383
4538,7,2,25.0,12.463,1.246,13.71,17.449
4539,7,3,24.2,12.623,1.203,13.826,17.672
4540,7,4,23.5,12.522,1.139,13.661,17.531
4541,7,5,22.9,12.913,1.127,14.04,18.078
4542,7,6,22.4,12.636,1.067,13.703,17.691
4543,7,7,22.1,12.858,1.062,13.92,18.001
4544,7,8,22.0,13.047,1.07,14.117,18.266
4545,7,9,22.1,13.149,1.086,14.235,18.408
4546,7,10,22.4,13.141,1.109,14.25,18.398
4547,7,11,22.9,13.184,1.151,14.334,18.457
4548,7,12,23.5,13.244,1.205,14.449,18.541
4549,7,13,24.2,13.167,1.255,14.422,18.433
4550,7,14,25.0,13.291,1.329,14.62,18.607
4551,7,15,25.8,13.174,1.379,14.553,18.444
4552,7,16,26.5,13.098,1.428,14.525,18.337
4553,7,17,27.1,12.821,1.445,14.266,17.95
4554,7,18,27.6,12.81,1.481,14.291,17.934
4555,7,19,27.9,12.689,1.489,14.178,17.764
4556,7,20,28.0,12.525,1.478,14.003,17.535
4557,7,21,27.9,12.582,1.477,14.059,17.615
4558,7,22,27.6,12.431,1.437,13.868,17.404
4559,7,23,27.1,12.512,1.41,13.923,17.517
4560,7,0,26.5,12.327,1.344,13.67,17.257
4561,7,1,25.8,12.619,1.321,13.939,17.666
4562,7,2,25.0,12.396,1.24,13.635,17.354
4563,7,3,24.2,12.568,1.198,13.766,17.595
4564,7,4,23.5,12.705,1.156,13.861,17.787
4565,7,5,22.9,12.662,1.105,13.767,17.726
4566,7,6,22.4,12.903,1.089,13.993,18.065
4567,7,7,22.1,12.795,1.057,13.852,17.913
4568,7,8,22.0,13.156,1.079,14.234,18.418
4569,7,9,22.1,13.092,1.082,14.173,18.328
4570,7,10,22.4,13.092,1.105,14.197,18.328
4571,7,11,22.9,13.16,1.148,14.308,18.424
4572,7,12,23.5,13.284,1.209,14.492,18.597
4573,7,13,24.2,13.131,1.252,14.383,18.384
4574,7,14,25.0,13.076,1.308,14.384,18.307
4575,7,15,25.8,13.068,1.368,14.436,18.295
4576,7,16,26.5,12.893,1.405,14.298,18.05
4577,7,17,27.1,13.1,1.477,14.576,18.34
4578,7,18,27.6,12.762,1.475,14.237,17.866
4579,7,19,27.9,12.802,1.503,14.305,17.923
4580,7,20,28.0,12.647,1.492,14.139,17.706
4581,7,21,27.9,12.448,1.461,13.909,17.427
4582,7,22,27.6,12.485,1.443,13.928,17.478
4583,7,23,27.1,12.525,1.412,13.937,17.535
4584,7,0,26.5,12.415,1.353,13.768,17.381
4585,7,1,25.8,12.566,1.315,13.881,17.592
4586,7,2,25.0,12.587,1.259,13.846,17.622
4587,7,3,24.2,12.638,1.205,13.843,17.693
4588,7,4,23.5,12.58,1.145,13.725,17.612
4589,7,5,22.9,12.611,1.101,13.711,17.655
4590,7,6,22.4,12.757,1.077,13.834,17.86
4591,7,7,22.1,12.937,1.069,14.006,18.112
4592,7,8,22.0,13.065,1.071,14.136,18.291
4593,7,9,22.1,12.873,1.063,13.936,18.022
4594,7,10,22.4,13.15,1.11,14.26,18.411
4595,7,11,22.9,13.205,1.152,14.358,18.488
4596,7,12,23.5,13.175,1.199,14.374,18.445
4597,7,13,24.2,13.319,1.27,14.589,18.646
4598,7,14,25.0,13.193,1.319,14.513,18.471
4599,7,15,25.8,13.221,1.384,14.605,18.51
4600,7,16,26.5,12.989,1.416,14.405,18.184
4601,7,17,27.1,13.011,1.467,14.478,18.216
4602,7,18,27.6,12.982,1.501,14.482,18.174
4603,7,19,27.9,12.85,1.508,14.358,17.99
4604,7,20,28.0,12.517,1.477,13.994,17.523
4605,7,21,27.9,12.521,1.47,13.991,17.529
4606,7,22,27.6,12.451,1.439,13.89,17.431
4607,7,23,27.1,12.496,1.409,13.904,17.494
4608,7,0,26.5,12.502,1.363,13.865,17.503
4609,7,1,25.8,12.363,1.294,13.657,17.308
4610,7,2,25.0,12.492,1.249,13.741,17.489
4611,7,3,24.2,12.344,1.177,13.521,17.282
4612,7,4,23.5,12.77,1.162,13.932,17.878
4613,7,5,22.9,12.667,1.106,13.773,17.734
4614,7,6,22.4,12.824,1.082,13.906,17.953
4615,7,7,22.1,12.887,1.065,13.951,18.041
4616,7,8,22.0,13.125,1.076,14.201,18.375
4617,7,9,22.1,12.806,1.058,13.864,17.929
4618,7,10,22.4,13.15,1.11,14.26,18.409
4619,7,11,22.9,13.179,1.15,14.329,18.451
4620,7,12,23.5,13.157,1.197,14.355,18.42
4621,7,13,24.2,13.362,1.274,14.636,18.707
4622,7,14,25.0,13.062,1.306,14.369,18.287
4623,7,15,25.8,13.167,1.378,14.545,18.434
4624,7,16,26.5,13.046,1.422,14.468,18.265
4625,7,17,27.1,13.044,1.47,14.514,18.261
4626,7,18,27.6,12.751,1.474,14.225,17.852
4627,7,19,27.9,12.645,1.484,14.13,17.704
4628,7,20,28.0,12.736,1.503,14.238,17.83
4629,7,21,27.9,12.589,1.478,14.067,17.624
4630,7,22,27.6,12.331,1.425,13.756,17.263
4631,7,23,27.1,12.393,1.397,13.79,17.35
4632,7,0,26.5,12.472,1.359,13.832,17.461
4633,7,1,25.8,12.531,1.311,13.842,17.543
4634,7,2,25.0,12.417,1.242,13.659,17.384
4635,7,3,24.2,12.255,1.168,13.423,17.157
4636,7,4,23.5,12.678,1.154,13.832,17.75
4637,7,5,22.9,12.597,1.099,13.696,17.635
4638,7,6,22.4,12.616,1.065,13.681,17.663
4639,7,7,22.1,12.634,1.044,13.678,17.688
4640,7,8,22.0,13.092,1.074,14.165,18.329
4641,7,9,22.1,13.103,1.082,14.185,18.344
4642,7,10,22.4,13.129,1.108,14.237,18.38
4643,7,11,22.9,13.329,1.163,14.492,18.66
4644,7,12,23.5,13.266,1.207,14.474,18.573
4645,7,13,24.2,13.351,1.273,14.624,18.692
4646,7,14,25.0,13.012,1.301,14.313,18.217
4647,7,15,25.8,13.087,1.37,14.456,18.321
4648,7,16,26.5,12.849,1.401,14.249,17.988
4649,7,17,27.1,12.895,1.454,14.348,18.053
4650,7,18,27.6,12.793,1.479,14.272,17.911
4651,7,19,27.9,12.781,1.5,14.282,17.894
4652,7,20,28.0,12.63,1.49,14.121,17.683
4653,7,21,27.9,12.609,1.48,14.089,17.652
4654,7,22,27.6,12.555,1.451,14.007,17.578
4655,7,23,27.1,12.662,1.427,14.09,17.727
4656,7,0,26.5,12.402,1.352,13.754,17.363
4657,7,1,25.8,12.353,1.293,13.645,17.294
4658,7,2,25.0,12.51,1.251,13.761,17.514
4659,7,3,24.2,12.466,1.189,13.655,17.452
4660,7,4,23.5,12.774,1.162,13.937,17.884
4661,7,5,22.9,12.69,1.108,13.798,17.766
4662,7,6,22.4,12.762,1.077,13.839,17.866
4663,7,7,22.1,12.871,1.063,13.934,18.019
4664,7,8,22.0,13.082,1.073,14.155,18.315
4665,7,9,22.1,13.074,1.08,14.154,18.304
4666,7,10,22.4,13.087,1.105,14.192,18.322
4667,7,11,22.9,13.356,1.166,14.522,18.699
4668,7,12,23.5,13.117,1.194,14.311,18.364
4669,7,13,24.2,13.193,1.258,14.451,18.47
4670,7,14,25.0,13.216,1.322,14.538,18.503
4671,7,15,25.8,12.927,1.353,14.28,18.098
4672,7,16,26.5,13.058,1.423,14.482,18.282
4673,7,17,27.1,12.812,1.444,14.256,17.937
4674,7,18,27.6,12.9,1.491,14.392,18.061
4675,7,19,27.9,12.622,1.482,14.104,17.671
4676,7,20,28.0,12.695,1.498,14.193,17.773
4677,7,21,27.9,12.657,1.486,14.143,17.72
4678,7,22,27.6,12.571,1.453,14.024,17.6
4679,7,23,27.1,12.472,1.406,13.878,17.461
4680,7,0,26.5,12.411,1.353,13.763,17.375
4681,7,1,25.8,12.389,1.297,13.686,17.345
4682,7,2,25.0,12.632,1.263,13.895,17.685
4683,7,3,24.2,12.476,1.19,13.666,17.467
4684,7,4,23.5,12.522,1.14,13.662,17.531
4685,7,5,22.9,12.785,1.116,13.901,17.899
4686,7,6,22.4,12.739,1.075,13.814,17.834
4687,7,7,22.1,12.823,1.059,13.882,17.952
4688,7,8,22.0,12.866,1.055,13.921,18.013
4689,7,9,22.1,13.042,1.077,14.119,18.259
4690,7,10,22.4,13.143,1.109,14.252,18.4
4691,7,11,22.9,13.214,1.153,14.367,18.5
4692,7,12,23.5,13.298,1.21,14.508,18.617
4693,7,13,24.2,13.242,1.263,14.505,18.539
4694,7,14,25.0,13.132,1.313,14.445,18.385
4695,7,15,25.8,13.07,1.368,14.438,18.298
4696,7,16,26.5,13.061,1.424,14.485,18.286
4697,7,17,27.1,13.045,1.471,14.515,18.263
4698,7,18,27.6,12.831,1.483,14.314,17.963
4699,7,19,27.9,12.672,1.487,14.159,17.74
4700,7,20,28.0,12.527,1.478,14.005,17.537
4701,7,21,27.9,12.402,1.456,13.858,17.362
4702,7,22,27.6,12.552,1.451,14.003,17.572
4703,7,23,27.1,12.505,1.41,13.914,17.506
4704,7,0,26.5,12.491,1.362,13.853,17.488
4705,7,1,25.8,12.434,1.301,13.735,17.407
4706,7,2,25.0,12.626,1.263,13.888,17.676
4707,7,3,24.2,12.498,1.192,13.689,17.497
4708,7,4,23.5,12.721,1.158,13.879,17.81
4709,7,5,22.9,12.715,1.11,13.824,17.801
4710,7,6,22.4,12.757,1.077,13.834,17.86
4711,7,7,22.1,12.977,1.072,14.049,18.168
4712,7,8,22.0,13.051,1.07,14.122,18.272
4713,7,9,22.1,13.126,1.084,14.21,18.376
4714,7,10,22.4,13.159,1.111,14.27,18.423
4715,7,11,22.9,13.186,1.151,14.337,18.46
4716,7,12,23.5,13.442,1.223,14.665,18.818
4717,7,13,24.2,13.308,1.269,14.577,18.631
4718,7,14,25.0,13.223,1.322,14.546,18.513
4719,7,15,25.8,13.101,1.371,14.472,18.342
4720,7,16,26.5,13.111,1.429,14.54,18.356
4721,7,17,27.1,12.97,1.462,14.432,18.157
4722,7,18,27.6,12.821,1.482,14.303,17.949
4723,7,19,27.9,12.688,1.489,14.178,17.764
4724,7,20,28.0,12.618,1.489,14.107,17.665
4725,7,21,27.9,12.229,1.436,13.665,17.121
4726,7,22,27.6,12.506,1.446,13.952,17.509
4727,7,23,27.1,12.398,1.398,13.795,17.357
4728,7,0,26.5,12.593,1.373,13.966,17.63
4729,7,1,25.8,12.449,1.303,13.752,17.428
4730,7,2,25.0,12.366,1.237,13.603,17.313
4731,7,3,24.2,12.541,1.196,13.737,17.558
4732,7,4,23.5,12.521,1.139,13.661,17.53
4733,7,5,22.9,12.766,1.114,13.88,17.872
4734,7,6,22.4,12.847,1.084,13.932,17.986
4735,7,7,22.1,13.013,1.075,14.089,18.219
4736,7,8,22.0,12.931,1.06,13.992,18.104
4737,7,9,22.1,13.093,1.082,14.175,18.331
4738,7,10,22.4,13.015,1.099,14.113,18.221
4739,7,11,22.9,13.26,1.157,14.417,18.564
4740,7,12,23.5,13.255,1.206,14.461,18.556
4741,7,13,24.2,13.239,1.262,14.501,18.535
4742,7,14,25.0,13.151,1.315,14.467,18.412
4743,7,15,25.8,13.132,1.374,14.506,18.384
4744,7,16,26.5,13.171,1.436,14.607,18.439
4745,7,17,27.1,12.889,1.453,14.342,18.045
4746,7,18,27.6,12.832,1.483,14.315,17.965
4747,7,19,27.9,12.61,1.48,14.09,17.654
4748,7,20,28.0,12.539,1.48,14.019,17.555
4749,7,21,27.9,12.556,1.474,14.03,17.578
4750,7,22,27.6,12.596,1.456,14.051,17.634
4751,7,23,27.1,12.421,1.4,13.821,17.39
4752,7,0,26.5,12.41,1.353,13.763,17.374
4753,7,1,25.8,12.406,1.298,13.704,17.368
4754,7,2,25.0,12.432,1.243,13.675,17.404
4755,7,3,24.2,12.576,1.199,13.775,17.606
4756,7,4,23.5,12.476,1.135,13.612,17.467
4757,7,5,22.9,12.847,1.121,13.968,17.985
4758,7,6,22.4,12.752,1.076,13.828,17.852
4759,7,7,22.1,12.99,1.073,14.063,18.186
4760,7,8,22.0,12.883,1.056,13.94,18.037
4761,7,9,22.1,13.157,1.087,14.244,18.42
4762,7,10,22.4,13.218,1.116,14.334,18.506
4763,7,11,22.9,13.228,1.154,14.382,18.519
4764,7,12,23.5,13.103,1.192,14.296,18.345
4765,7,13,24.2,13.215,1.26,14.474,18.5
4766,7,14,25.0,13.033,1.303,14.336,18.246
4767,7,15,25.8,13.065,1.367,14.432,18.291
4768,7,16,26.5,13.113,1.429,14.543,18.359
4769,7,17,27.1,12.997,1.465,14.463,18.196
4770,7,18,27.6,12.82,1.482,14.302,17.948
4771,7,19,27.9,12.621,1.482,14.103,17.67
4772,7,20,28.0,12.69,1.497,14.188,17.767
4773,7,21,27.9,12.548,1.473,14.021,17.567
4774,7,22,27.6,12.253,1.416,13.669,17.154
4775,7,23,27.1,12.525,1.412,13.937,17.535
4776,7,0,26.5,12.431,1.355,13.786,17.404
4777,7,1,25.8,12.567,1.315,13.882,17.594
4778,7,2,25.0,12.376,1.238,13.613,17.326
4779,7,3,24.2,12.229,1.166,13.394,17.12
4780,7,4,23.5,12.654,1.151,13.805,17.715
4781,7,5,22.9,12.748,1.113,13.86,17.847
4782,7,6,22.4,12.649,1.068,13.717,17.709
4783,7,7,22.1,12.82,1.059,13.879,17.948
4784,7,8,22.0,13.286,1.089,14.375,18.6
4785,7,9,22.1,13.06,1.079,14.138,18.283
4786,7,10,22.4,13.224,1.116,14.341,18.514
4787,7,11,22.9,13.125,1.145,14.27,18.374
4788,7,12,23.5,12.994,1.182,14.176,18.191
4789,7,13,24.2,13.173,1.256,14.428,18.442
4790,7,14,25.0,13.125,1.312,14.437,18.375
4791,7,15,25.8,13.05,1.366,14.416,18.27
4792,7,16,26.5,12.999,1.417,14.416,18.199
4793,7,17,27.1,12.944,1.459,14.403,18.122
4794,7,18,27.6,12.803,1.48,14.283,17.924
4795,7,19,27.9,12.592,1.478,14.07,17.629
4796,7,20,28.0,12.675,1.496,14.17,17.744
4797,7,21,27.9,12.351,1.45,13.801,17.292
4798,7,22,27.6,12.28,1.419,13.7,17.192
4799,7,23,27.1,12.521,1.411,13.932,17.529
4800,7,0,26.5,12.484,1.361,13.845,17.478
4801,7,1,25.8,12.441,1.302,13.743,17.417
4802,7,2,25.0,12.346,1.235,13.58,17.284
4803,7,3,24.2,12.475,1.189,13.665,17.466
4804,7,4,23.5,12.6,1.147,13.746,17.639
4805,7,5,22.9,12.559,1.096,13.655,17.583
4806,7,6,22.4,12.744,1.076,13.82,17.842
4807,7,7,22.1,12.983,1.073,14.056,18.176
4808,7,8,22.0,13.153,1.079,14.232,18.414
4809,7,9,22.1,13.048,1.078,14.126,18.267
4810,7,10,22.4,13.227,1.116,14.343,18.518
4811,7,11,22.9,12.998,1.134,14.133,18.198
4812,7,12,23.5,13.269,1.207,14.476,18.576
4813,7,13,24.2,13.109,1.25,14.359,18.353
4814,7,14,25.0,13.182,1.318,14.5,18.455
4815,7,15,25.8,13.065,1.367,14.433,18.291
4816,7,16,26.5,13.142,1.433,14.575,18.399
4817,7,17,27.1,12.83,1.446,14.277,17.962
4818,7,18,27.6,12.881,1.489,14.37,18.033
4819,7,19,27.9,12.691,1.49,14.18,17.767
4820,7,20,28.0,12.61,1.488,14.098,17.654
4821,7,21,27.9,12.528,1.471,13.998,17.539
4822,7,22,27.6,12.401,1.433,13.834,17.361
4823,7,23,27.1,12.445,1.403,13.848,17.423
4824,7,0,26.5,12.427,1.355,13.782,17.398
4825,7,1,25.8,12.471,1.305,13.776,17.459
4826,7,2,25.0,12.494,1.249,13.743,17.491
4827,7,3,24.2,12.626,1.204,13.83,17.676
4828,7,4,23.5,12.718,1.157,13.876,17.806
4829,7,5,22.9,12.614,1.101,13.714,17.659
4830,7,6,22.4,12.905,1.089,13.994,18.067
4831,7,7,22.1,12.799,1.057,13.856,17.919
4832,7,8,22.0,13.069,1.072,14.141,18.297
4833,7,9,22.1,13.152,1.087,14.239,18.413
4834,7,10,22.4,12.96,1.094,14.054,18.144
4835,7,11,22.9,13.199,1.152,14.351,18.478
4836,7,12,23.5,13.156,1.197,14.353,18.418
4837,7,13,24.2,13.114,1.25,14.364,18.359
4838,7,14,25.0,13.286,1.329,14.615,18.601
4839,7,15,25.8,13.025,1.363,14.388,18.235
4840,7,16,26.5,12.93,1.409,14.339,18.102
4841,7,17,27.1,12.925,1.457,14.382,18.095
4842,7,18,27.6,12.887,1.49,14.376,18.041
4843,7,19,27.9,12.704,1.491,14.196,17.786
4844,7,20,28.0,12.743,1.504,14.246,17.84
4845,7,21,27.9,12.599,1.479,14.078,17.639
4846,7,22,27.6,12.267,1.418,13.685,17.174
4847,7,23,27.1,12.394,1.397,13.791,17.351
4848,7,0,26.5,12.377,1.349,13.727,17.328
4849,7,1,25.8,12.495,1.308,13.802,17.493
4850,7,2,25.0,12.223,1.222,13.445,17.112
4851,7,3,24.2,12.801,1.22,14.022,17.922
4852,7,4,23.5,12.679,1.154,13.833,17.751
4853,7,5,22.9,12.734,1.111,13.845,17.827
4854,7,6,22.4,12.936,1.092,14.028,18.111
4855,7,7,22.1,13.152,1.087,14.239,18.413
4856,7,8,22.0,13.098,1.074,14.172,18.337
4857,7,9,22.1,13.185,1.089,14.274,18.459
4858,7,10,22.4,13.164,1.111,14.275,18.43
4859,7,11,22.9,13.175,1.15,14.325,18.446
4860,7,12,23.5,13.155,1.197,14.352,18.417
4861,7,13,24.2,13.107,1.25,14.357,18.35
4862,7,14,25.0,13.083,1.308,14.391,18.316
4863,7,15,25.8,12.955,1.356,14.311,18.137
4864,7,16,26.5,13.003,1.417,14.42,18.204
4865,7,17,27.1,12.749,1.437,14.186,17.849
4866,7,18,27.6,12.837,1.484,14.321,17.972
4867,7,19,27.9,12.715,1.493,14.208,17.801
4868,7,20,28.0,12.641,1.492,14.132,17.697
4869,7,21,27.9,12.494,1.467,13.961,17.492
4870,7,22,27.6,12.793,1.479,14.272,17.91
4871,7,23,27.1,12.583,1.418,14.001,17.616
4872,7,0,26.5,12.309,1.342,13.651,17.233
4873,7,1,25.8,12.47,1.305,13.775,17.458
4874,7,2,25.0,12.424,1.242,13.667,17.394
4875,7,3,24.2,12.445,1.187,13.631,17.423
4876,7,4,23.5,12.492,1.137,13.629,17.489
4877,7,5,22.9,12.762,1.114,13.876,17.867
4878,7,6,22.4,12.75,1.076,13.826,17.85
4879,7,7,22.1,13.014,1.075,14.09,18.22
4880,7,8,22.0,13.11,1.075,14.185,18.354
4881,7,9,22.1,13.227,1.093,14.32,18.518
4882,7,10,22.4,13.066,1.103,14.169,18.292
4883,7,11,22.9,13.237,1.155,14.392,18.532
4884,7,12,23.5,13.266,1.207,14.473,18.572
4885,7,13,24.2,13.142,1.253,14.395,18.399
4886,7,14,25.0,13.074,1.307,14.381,18.304
4887,7,15,25.8,13.251,1.387,14.638,18.551
4888,7,16,26.5,13.033,1.421,14.454,18.246
4889,7,17,27.1,12.981,1.463,14.445,18.174
4890,7,18,27.6,12.736,1.472,14.208,17.83
4891,7,19,27.9,12.597,1.479,14.075,17.635
4892,7,20,28.0,12.569,1.483,14.052,17.597
4893,7,21,27.9,12.534,1.471,14.005,17.547
4894,7,22,27.6,12.379,1.431,13.81,17.33
4895,7,23,27.1,12.446,1.403,13.849,17.424
4896,7,0,26.5,12.265,1.337,13.602,17.171
4897,7,1,25.8,12.335,1.291,13.626,17.269
4898,7,2,25.0,12.552,1.255,13.807,17.573
4899,7,3,24.2,12.607,1.202,13.809,17.649
4900,7,4,23.5,12.587,1.145,13.732,17.621
4901,7,5,22.9,12.617,1.101,13.718,17.664
4902,7,6,22.4,12.715,1.073,13.789,17.802
4903,7,7,22.1,12.88,1.064,13.944,18.033
4904,7,8,22.0,13.075,1.072,14.147,18.305
4905,7,9,22.1,13.183,1.089,14.272,18.456
4906,7,10,22.4,13.102,1.106,14.207,18.342
4907,7,11,22.9,13.074,1.141,14.215,18.304
4908,7,12,23.5,13.23,1.204,14.433,18.521
4909,7,13,24.2,13.107,1.25,14.357,18.35
4910,7,14,25.0,13.099,1.31,14.409,18.339
4911,7,15,25.8,13.223,1.384,14.606,18.512
4912,7,16,26.5,13.093,1.427,14.52,18.33
4913,7,17,27.1,12.934,1.458,14.391,18.107
4914,7,18,27.6,12.691,1.467,14.158,17.767
4915,7,19,27.9,12.74,1.495,14.235,17.836
4916,7,20,28.0,12.732,1.502,14.235,17.825
4917,7,21,27.9,12.509,1.468,13.977,17.512
4918,7,22,27.6,12.62,1.459,14.079,17.668
4919,7,23,27.1,12.576,1.418,13.994,17.606
4920,7,0,26.5,12.6,1.373,13.973,17.64
4921,7,1,25.8,12.477,1.306,13.783,17.468
4922,7,2,25.0,12.544,1.254,13.798,17.561
4923,7,3,24.2,12.688,1.21,13.897,17.763
4924,7,4,23.5,12.671,1.153,13.824,17.739
4925,7,5,22.9,12.669,1.106,13.774,17.736
4926,7,6,22.4,12.773,1.078,13.852,17.883
4927,7,7,22.1,12.942,1.069,14.011,18.118
4928,7,8,22.0,12.881,1.056,13.938,18.034
4929,7,9,22.1,13.076,1.08,14.156,18.306
4930,7,10,22.4,13.261,1.119,14.38,18.565
4931,7,11,22.9,12.97,1.132,14.102,18.159
4932,7,12,23.5,13.356,1.215,14.572,18.699
4933,7,13,24.2,13.302,1.268,14.57,18.623
4934,7,14,25.0,13.105,1.311,14.416,18.347
4935,7,15,25.8,13.144,1.376,14.52,18.402
4936,7,16,26.5,13.011,1.418,14.429,18.215
4937,7,17,27.1,13.041,1.47,14.511,18.257
4938,7,18,27.6,12.916,1.493,14.409,18.083
4939,7,19,27.9,12.579,1.477,14.055,17.61
4940,7,20,28.0,12.685,1.497,14.181,17.758
4941,7,21,27.9,12.526,1.47,13.996,17.536
4942,7,22,27.6,12.493,1.444,13.938,17.491
4943,7,23,27.1,12.374,1.395,13.769,17.323
4944,7,0,26.5,12.608,1.374,13.983,17.652
4945,7,1,25.8,12.551,1.314,13.864,17.571
4946,7,2,25.0,12.411,1.241,13.652,17.376
4947,7,3,24.2,12.413,1.183,13.596,17.378
4948,7,4,23.5,12.587,1.145,13.733,17.622
4949,7,5,22.9,12.762,1.114,13.876,17.867
4950,7,6,22.4,12.842,1.084,13.926,17.979
4951,7,7,22.1,13.043,1.078,14.121,18.26
4952,7,8,22.0,13.089,1.073,14.163,18.325
4953,7,9,22.1,13.187,1.089,14.276,18.462
4954,7,10,22.4,13.184,1.113,14.297,18.457
4955,7,11,22.9,13.051,1.139,14.19,18.271
4956,7,12,23.5,13.183,1.2,14.383,18.456
4957,7,13,24.2,13.296,1.268,14.563,18.614
4958,7,14,25.0,13.146,1.315,14.461,18.404
4959,7,15,25.8,13.14,1.375,14.516,18.397
4960,7,16,26.5,12.979,1.415,14.393,18.17
4961,7,17,27.1,12.815,1.445,14.259,17.941
4962,7,18,27.6,12.806,1.48,14.286,17.928
4963,7,19,27.9,12.75,1.497,14.246,17.849
4964,7,20,28.0,12.56,1.482,14.042,17.584
4965,7,21,27.9,12.523,1.47,13.993,17.532
4966,7,22,27.6,12.391,1.432,13.823,17.348
4967,7,23,27.1,12.559,1.416,13.974,17.582
4968,7,0,26.5,12.404,1.352,13.756,17.366
4969,7,1,25.8,12.592,1.318,13.91,17.629
4970,7,2,25.0,12.638,1.264,13.902,17.693
4971,7,3,24.2,12.538,1.195,13.734,17.553
4972,7,4,23.5,12.525,1.14,13.665,17.535
4973,7,5,22.9,12.51,1.092,13.602,17.514
4974,7,6,22.4,12.671,1.07,13.741,17.739
4975,7,7,22.1,12.78,1.056,13.836,17.892
4976,7,8,22.0,13.148,1.078,14.226,18.408
4977,7,9,22.1,13.102,1.082,14.184,18.342
4978,7,10,22.4,13.19,1.113,14.304,18.466
4979,7,11,22.9,12.968,1.132,14.099,18.155
4980,7,12,23.5,13.083,1.191,14.273,18.316
4981,7,13,24.2,13.278,1.266,14.544,18.59
4982,7,14,25.0,13.18,1.318,14.498,18.452
4983,7,15,25.8,13.075,1.368,14.444,18.306
4984,7,16,26.5,13.067,1.424,14.491,18.294
4985,7,17,27.1,13.081,1.475,14.556,18.314
4986,7,18,27.6,12.796,1.479,14.275,17.915
4987,7,19,27.9,12.726,1.494,14.219,17.816
4988,7,20,28.0,12.645,1.492,14.137,17.703
4989,7,21,27.9,12.785,1.501,14.286,17.9
4990,7,22,27.6,12.275,1.419,13.694,17.185
4991,7,23,27.1,12.515,1.411,13.926,17.521
4992,7,0,26.5,12.422,1.354,13.776,17.391
4993,7,1,25.8,12.503,1.309,13.812,17.505
4994,7,2,25.0,12.419,1.242,13.661,17.387
4995,7,3,24.2,12.541,1.196,13.737,17.558
4996,7,4,23.5,12.697,1.155,13.852,17.776
4997,7,5,22.9,13.03,1.137,14.167,18.242
4998,7,6,22.4,12.899,1.089,13.988,18.059
4999,7,7,22.1,12.833,1.06,13.893,17.966
5000,7,8,22.0,12.968,1.063,14.031,18.155
5001,7,9,22.1,13.045,1.078,14.122,18.263
5002,7,10,22.4,12.972,1.095,14.067,18.16
5003,7,11,22.9,13.157,1.148,14.305,18.419
5004,7,12,23.5,13.276,1.208,14.484,18.586
5005,7,13,24.2,13.062,1.245,14.308,18.287
5006,7,14,25.0,13.256,1.326,14.582,18.558
5007,7,15,25.8,13.139,1.375,14.514,18.394
5008,7,16,26.5,12.937,1.41,14.347,18.112
5009,7,17,27.1,12.904,1.455,14.358,18.065
5010,7,18,27.6,12.978,1.5,14.478,18.169
5011,7,19,27.9,12.792,1.502,14.294,17.909
5012,7,20,28.0,12.627,1.49,14.117,17.678
5013,7,21,27.9,12.522,1.47,13.992,17.531
5014,7,22,27.6,12.493,1.444,13.937,17.49
5015,7,23,27.1,12.396,1.397,13.793,17.354
5016,7,0,26.5,12.223,1.332,13.555,17.112
5017,7,1,25.8,12.651,1.324,13.975,17.711
5018,7,2,25.0,12.501,1.25,13.751,17.501
5019,7,3,24.2,12.586,1.2,13.786,17.621
5020,7,4,23.5,12.62,1.148,13.769,17.668
5021,7,5,22.9,12.645,1.104,13.749,17.703
5022,7,6,22.4,12.8,1.08,13.88,17.919
5023,7,7,22.1,12.758,1.054,13.812,17.861
5024,7,8,22.0,13.238,1.086,14.324,18.533
5025,7,9,22.1,12.967,1.071,14.038,18.153
5026,7,10,22.4,13.048,1.101,14.149,18.267
5027,7,11,22.9,13.146,1.147,14.293,18.404
5028,7,12,23.5,13.332,1.213,14.545,18.664
5029,7,13,24.2,13.191,1.258,14.449,18.468
5030,7,14,25.0,13.028,1.303,14.33,18.239
5031,7,15,25.8,13.216,1.383,14.599,18.502
5032,7,16,26.5,13.084,1.426,14.51,18.317
5033,7,17,27.1,12.972,1.462,14.434,18.16
5034,7,18,27.6,12.89,1.49,14.38,18.046
5035,7,19,27.9,12.958,1.521,14.479,18.141
5036,7,20,28.0,12.844,1.516,14.36,17.982
5037,7,21,27.9,12.478,1.465,13.942,17.469
5038,7,22,27.6,12.648,1.462,14.109,17.707
5039,7,23,27.1,12.485,1.407,13.892,17.479
5040,8,0,26.5,12.616,1.375,13.991,17.662
5041,8,1,25.8,12.41,1.299,13.709,17.374
5042,8,2,25.0,12.601,1.26,13.861,17.641
5043,8,3,24.2,12.598,1.201,13.8,17.638
5044,8,4,23.5,12.843,1.169,14.012,17.98
5045,8,5,22.9,12.961,1.131,14.092,18.145
5046,8,6,22.4,12.747,1.076,13.823,17.846
5047,8,7,22.1,13.053,1.078,14.131,18.274
5048,8,8,22.0,13.261,1.087,14.348,18.565
5049,8,9,22.1,13.211,1.091,14.302,18.495
5050,8,10,22.4,13.364,1.128,14.492,18.71
5051,8,11,22.9,13.365,1.166,14.531,18.711
5052,8,12,23.5,13.377,1.217,14.595,18.728
5053,8,13,24.2,13.303,1.268,14.571,18.624
5054,8,14,25.0,13.169,1.317,14.486,18.437
5055,8,15,25.8,13.117,1.373,14.49,18.364
5056,8,16,26.5,13.22,1.441,14.661,18.508
5057,8,17,27.1,13.057,1.472,14.529,18.28
5058,8,18,27.6,12.941,1.496,14.436,18.117
5059,8,19,27.9,12.812,1.504,14.315,17.936
5060,8,20,28.0,12.73,1.502,14.232,17.822
5061,8,21,27.9,12.784,1.501,14.285,17.898
5062,8,22,27.6,12.584,1.455,14.039,17.618
5063,8,23,27.1,12.445,1.403,13.848,17.423
5064,8,0,26.5,12.64,1.378,14.018,17.696
5065,8,1,25.8,12.559,1.314,13.873,17.582
5066,8,2,25.0,12.621,1.262,13.883,17.67
5067,8,3,24.2,12.84,1.224,14.065,17.977
5068,8,4,23.5,12.758,1.161,13.919,17.861
5069,8,5,22.9,12.883,1.124,14.007,18.036
5070,8,6,22.4,12.837,1.084,13.92,17.971
5071,8,7,22.1,13.033,1.077,14.11,18.246
5072,8,8,22.0,13.21,1.083,14.293,18.494
5073,8,9,22.1,13.074,1.08,14.154,18.303
5074,8,10,22.4,13.311,1.124,14.435,18.636
5075,8,11,22.9,13.34,1.164,14.504,18.676
5076,8,12,23.5,13.347,1.215,14.562,18.686
5077,8,13,24.2,13.434,1.281,14.714,18.807
5078,8,14,25.0,13.325,1.332,14.657,18.654
5079,8,15,25.8,13.377,1.4,14.777,18.728
5080,8,16,26.5,13.05,1.422,14.472,18.269
5081,8,17,27.1,13.069,1.473,14.542,18.296
5082,8,18,27.6,12.963,1.498,14.461,18.148
5083,8,19,27.9,12.747,1.496,14.243,17.846
5084,8,20,28.0,12.856,1.517,14.373,17.998
5085,8,21,27.9,12.912,1.516,14.428,18.077
5086,8,22,27.6,12.616,1.458,14.075,17.663
5087,8,23,27.1,12.63,1.424,14.053,17.682
5088,8,0,26.5,12.574,1.371,13.945,17.604
5089,8,1,25.8,12.508,1.309,13.817,17.511
5090,8,2,25.0,12.436,1.244,13.679,17.41
5091,8,3,24.2,12.609,1.202,13.811,17.653
5092,8,4,23.5,12.621,1.149,13.77,17.669
5093,8,5,22.9,13.024,1.137,14.161,18.234
5094,8,6,22.4,12.943,1.093,14.036,18.12
5095,8,7,22.1,13.021,1.076,14.096,18.229
5096,8,8,22.0,13.238,1.085,14.323,18.533
5097,8,9,22.1,13.117,1.084,14.201,18.364
5098,8,10,22.4,13.214,1.115,14.33,18.5
5099,8,11,22.9,13.337,1.164,14.501,18.671
5100,8,12,23.5,13.446,1.224,14.67,18.824
5101,8,13,24.2,13.38,1.276,14.656,18.732
5102,8,14,25.0,13.316,1.332,14.648,18.642
5103,8,15,25.8,13.237,1.385,14.623,18.532
5104,8,16,26.5,13.189,1.438,14.626,18.464
5105,8,17,27.1,13.075,1.474,14.549,18.305
5106,8,18,27.6,12.852,1.485,14.337,17.992
5107,8,19,27.9,12.859,1.509,14.368,18.002
5108,8,20,28.0,12.653,1.493,14.146,17.714
5109,8,21,27.9,12.688,1.489,14.177,17.763
5110,8,22,27.6,12.57,1.453,14.023,17.598
5111,8,23,27.1,12.833,1.447,14.28,17.966
5112,8,0,26.5,12.562,1.369,13.931,17.587
5113,8,1,25.8,12.439,1.302,13.741,17.414
5114,8,2,25.0,12.605,1.26,13.865,17.646
5115,8,3,24.2,12.732,1.214,13.946,17.824
5116,8,4,23.5,12.928,1.176,14.104,18.099
5117,8,5,22.9,12.795,1.117,13.912,17.913
5118,8,6,22.4,12.796,1.08,13.876,17.915
5119,8,7,22.1,13.137,1.085,14.222,18.392
5120,8,8,22.0,13.011,1.067,14.078,18.215
5121,8,9,22.1,13.186,1.089,14.275,18.46
5122,8,10,22.4,13.265,1.12,14.385,18.571
5123,8,11,22.9,13.323,1.163,14.486,18.652
5124,8,12,23.5,13.412,1.221,14.633,18.777
5125,8,13,24.2,13.262,1.264,14.526,18.566
5126,8,14,25.0,13.264,1.326,14.59,18.569
5127,8,15,25.8,13.228,1.384,14.612,18.519
5128,8,16,26.5,13.164,1.435,14.599,18.429
5129,8,17,27.1,13.065,1.473,14.538,18.291
5130,8,18,27.6,12.998,1.502,14.501,18.197
5131,8,19,27.9,12.938,1.519,14.457,18.114
5132,8,20,28.0,12.799,1.51,14.31,17.919
5133,8,21,27.9,12.725,1.494,14.219,17.815
5134,8,22,27.6,12.46,1.44,13.9,17.444
5135,8,23,27.1,12.584,1.419,14.003,17.618
5136,8,0,26.5,12.614,1.375,13.989,17.659
5137,8,1,25.8,12.652,1.324,13.976,17.713
5138,8,2,25.0,12.549,1.255,13.804,17.568
5139,8,3,24.2,12.614,1.203,13.816,17.659
5140,8,4,23.5,12.703,1.156,13.859,17.784
5141,8,5,22.9,12.908,1.126,14.034,18.071
5142,8,6,22.4,13.058,1.102,14.16,18.281
5143,8,7,22.1,13.014,1.075,14.09,18.22
5144,8,8,22.0,13.24,1.086,14.325,18.536
5145,8,9,22.1,13.242,1.094,14.336,18.538
5146,8,10,22.4,13.279,1.121,14.4,18.59
5147,8,11,22.9,13.309,1.161,14.47,18.632
5148,8,12,23.5,13.418,1.221,14.639,18.785
5149,8,13,24.2,13.362,1.274,14.636,18.707
5150,8,14,25.0,13.519,1.352,14.871,18.926
5151,8,15,25.8,13.144,1.376,14.52,18.402
5152,8,16,26.5,13.201,1.439,14.64,18.481
5153,8,17,27.1,13.002,1.466,14.468,18.203
5154,8,18,27.6,12.868,1.487,14.355,18.015
5155,8,19,27.9,12.853,1.509,14.362,17.994
5156,8,20,28.0,12.774,1.507,14.281,17.884
5157,8,21,27.9,12.972,1.523,14.494,18.16
5158,8,22,27.6,12.6,1.456,14.056,17.639
5159,8,23,27.1,12.466,1.405,13.871,17.453
5160,8,0,26.5,12.593,1.373,13.966,17.63
5161,8,1,25.8,12.372,1.295,13.666,17.32
5162,8,2,25.0,12.609,1.261,13.87,17.652
5163,8,3,24.2,12.681,1.209,13.89,17.754
5164,8,4,23.5,12.84,1.168,14.008,17.976
5165,8,5,22.9,12.951,1.13,14.082,18.132
5166,8,6,22.4,12.904,1.089,13.993,18.066
5167,8,7,22.1,13.04,1.077,14.117,18.256
5168,8,8,22.0,13.072,1.072,14.144,18.301
5169,8,9,22.1,13.117,1.084,14.2,18.363
5170,8,10,22.4,13.322,1.125,14.447,18.651
5171,8,11,22.9,13.203,1.152,14.355,18.484
5172,8,12,23.5,13.302,1.21,14.512,18.622
5173,8,13,24.2,13.23,1.261,14.492,18.523
5174,8,14,25.0,13.346,1.335,14.681,18.685
5175,8,15,25.8,13.409,1.403,14.813,18.773
5176,8,16,26.5,13.019,1.419,14.438,18.226
5177,8,17,27.1,12.87,1.451,14.321,18.018
5178,8,18,27.6,12.942,1.496,14.438,18.119
5179,8,19,27.9,12.856,1.509,14.365,17.998
5180,8,20,28.0,12.782,1.508,14.29,17.895
5181,8,21,27.9,12.635,1.483,14.118,17.689
5182,8,22,27.6,12.598,1.456,14.054,17.637
5183,8,23,27.1,12.616,1.422,14.038,17.662
5184,8,0,26.5,12.67,1.381,14.051,17.738
5185,8,1,25.8,12.384,1.296,13.68,17.337
5186,8,2,25.0,12.581,1.258,13.839,17.614
5187,8,3,24.2,12.701,1.211,13.912,17.782
5188,8,4,23.5,12.668,1.153,13.821,17.736
5189,8,5,22.9,13.027,1.137,14.164,18.238
5190,8,6,22.4,12.891,1.088,13.979,18.047
5191,8,7,22.1,13.051,1.078,14.129,18.271
5192,8,8,22.0,13.204,1.083,14.287,18.486
5193,8,9,22.1,13.17,1.088,14.258,18.438
5194,8,10,22.4,13.106,1.106,14.213,18.349
5195,8,11,22.9,13.287,1.16,14.447,18.602
5196,8,12,23.5,13.446,1.224,14.67,18.825
5197,8,13,24.2,13.296,1.268,14.564,18.615
5198,8,14,25.0,13.206,1.321,14.527,18.489
5199,8,15,25.8,13.322,1.394,14.716,18.651
5200,8,16,26.5,13.116,1.43,14.545,18.362
5201,8,17,27.1,13.004,1.466,14.47,18.206
5202,8,18,27.6,12.969,1.499,14.469,18.157
5203,8,19,27.9,12.931,1.518,14.449,18.103
5204,8,20,28.0,12.998,1.534,14.532,18.198
5205,8,21,27.9,12.762,1.498,14.261,17.867
5206,8,22,27.6,12.734,1.472,14.206,17.828
5207,8,23,27.1,12.529,1.412,13.941,17.54
5208,8,0,26.5,12.463,1.359,13.822,17.449
5209,8,1,25.8,12.585,1.317,13.903,17.62
5210,8,2,25.0,12.629,1.263,13.892,17.68
5211,8,3,24.2,12.572,1.199,13.771,17.601
5212,8,4,23.5,12.743,1.16,13.902,17.84
5213,8,5,22.9,12.894,1.125,14.019,18.051
5214,8,6,22.4,12.991,1.097,14.087,18.187
5215,8,7,22.1,13.106,1.083,14.188,18.348
5216,8,8,22.0,13.178,1.081,14.259,18.449
5217,8,9,22.1,13.179,1.089,14.267,18.45
5218,8,10,22.4,13.24,1.118,14.357,18.536
5219,8,11,22.9,13.21,1.153,14.363,18.494
5220,8,12,23.5,13.522,1.23,14.752,18.93
5221,8,13,24.2,13.331,1.271,14.602,18.664
5222,8,14,25.0,13.269,1.327,14.595,18.576
5223,8,15,25.8,13.136,1.375,14.511,18.391
5224,8,16,26.5,13.442,1.465,14.908,18.819
5225,8,17,27.1,12.948,1.46,14.407,18.127
5226,8,18,27.6,12.912,1.492,14.404,18.076
5227,8,19,27.9,12.896,1.514,14.409,18.054
5228,8,20,28.0,12.82,1.513,14.333,17.948
5229,8,21,27.9,12.776,1.5,14.275,17.886
5230,8,22,27.6,12.799,1.479,14.278,17.918
5231,8,23,27.1,12.63,1.424,14.053,17.682
5232,8,0,26.5,12.46,1.358,13.818,17.444
5233,8,1,25.8,12.553,1.314,13.867,17.575
5234,8,2,25.0,12.649,1.265,13.914,17.708
5235,8,3,24.2,12.887,1.229,14.115,18.041
5236,8,4,23.5,12.62,1.148,13.769,17.669
5237,8,5,22.9,12.974,1.132,14.107,18.164
5238,8,6,22.4,12.973,1.095,14.068,18.162
5239,8,7,22.1,13.139,1.085,14.224,18.394
5240,8,8,22.0,13.139,1.077,14.216,18.394
5241,8,9,22.1,13.145,1.086,14.231,18.403
5242,8,10,22.4,13.366,1.128,14.494,18.713
5243,8,11,22.9,13.395,1.169,14.564,18.754
5244,8,12,23.5,13.44,1.223,14.663,18.817
5245,8,13,24.2,13.329,1.271,14.599,18.66
5246,8,14,25.0,13.231,1.323,14.554,18.524
5247,8,15,25.8,13.073,1.368,14.442,18.303
5248,8,16,26.5,13.231,1.442,14.673,18.523
5249,8,17,27.1,13.098,1.476,14.574,18.337
5250,8,18,27.6,12.858,1.486,14.344,18.001
5251,8,19,27.9,12.8,1.503,14.303,17.92
5252,8,20,28.0,12.714,1.5,14.214,17.799
5253,8,21,27.9,12.531,1.471,14.002,17.544
5254,8,22,27.6,12.536,1.449,13.985,17.551
5255,8,23,27.1,12.466,1.405,13.871,17.452
5256,8,0,26.5,12.525,1.365,13.89,17.535
5257,8,1,25.8,12.505,1.309,13.814,17.507
5258,8,2,25.0,12.455,1.246,13.701,17.437
5259,8,3,24.2,12.882,1.228,14.11,18.035
5260,8,4,23.5,12.885,1.173,14.058,18.04
5261,8,5,22.9,12.776,1.115,13.891,17.886
5262,8,6,22.4,12.982,1.096,14.078,18.175
5263,8,7,22.1,13.097,1.082,14.179,18.336
5264,8,8,22.0,13.268,1.088,14.356,18.575
5265,8,9,22.1,13.147,1.086,14.234,18.406
5266,8,10,22.4,13.4,1.131,14.531,18.76
5267,8,11,22.9,13.275,1.159,14.434,18.585
5268,8,12,23.5,13.21,1.202,14.412,18.493
5269,8,13,24.2,13.402,1.278,14.68,18.763
5270,8,14,25.0,13.42,1.342,14.762,18.788
5271,8,15,25.8,13.488,1.412,14.9,18.883
5272,8,16,26.5,13.029,1.42,14.449,18.24
5273,8,17,27.1,13.125,1.48,14.605,18.375
5274,8,18,27.6,12.914,1.493,14.406,18.079
5275,8,19,27.9,12.932,1.518,14.45,18.105
5276,8,20,28.0,12.613,1.488,14.102,17.658
5277,8,21,27.9,12.553,1.474,14.027,17.575
5278,8,22,27.6,12.54,1.45,13.99,17.557
5279,8,23,27.1,12.587,1.419,14.006,17.622
5280,8,0,26.5,12.502,1.363,13.864,17.503
5281,8,1,25.8,12.645,1.323,13.968,17.703
5282,8,2,25.0,12.721,1.272,13.993,17.809
5283,8,3,24.2,12.74,1.215,13.954,17.836
5284,8,4,23.5,12.922,1.176,14.098,18.091
5285,8,5,22.9,12.896,1.125,14.021,18.054
5286,8,6,22.4,12.833,1.083,13.916,17.966
5287,8,7,22.1,13.191,1.09,14.281,18.468
5288,8,8,22.0,13.088,1.073,14.162,18.324
5289,8,9,22.1,13.32,1.1,14.421,18.649
5290,8,10,22.4,13.448,1.135,14.584,18.828
5291,8,11,22.9,13.376,1.167,14.543,18.726
5292,8,12,23.5,13.194,1.201,14.394,18.471
5293,8,13,24.2,13.238,1.262,14.5,18.533
5294,8,14,25.0,13.423,1.342,14.766,18.793
5295,8,15,25.8,13.212,1.383,14.595,18.497
5296,8,16,26.5,13.157,1.434,14.591,18.42
5297,8,17,27.1,13.131,1.48,14.611,18.383
5298,8,18,27.6,13.024,1.505,14.53,18.234
5299,8,19,27.9,12.882,1.512,14.394,18.035
5300,8,20,28.0,12.739,1.503,14.243,17.835
5301,8,21,27.9,12.648,1.485,14.133,17.708
5302,8,22,27.6,12.704,1.468,14.172,17.785
5303,8,23,27.1,12.635,1.424,14.059,17.688
5304,8,0,26.5,12.54,1.367,13.907,17.556
5305,8,1,25.8,12.687,1.328,14.015,17.762
5306,8,2,25.0,12.605,1.261,13.866,17.647
5307,8,3,24.2,12.595,1.201,13.795,17.632
5308,8,4,23.5,12.684,1.154,13.839,17.758
5309,8,5,22.9,12.756,1.113,13.869,17.859
5310,8,6,22.4,12.927,1.091,14.019,18.098
5311,8,7,22.1,13.179,1.089,14.267,18.45
5312,8,8,22.0,13.068,1.072,14.14,18.296
5313,8,9,22.1,13.248,1.094,14.343,18.547
5314,8,10,22.4,13.225,1.116,14.342,18.516
5315,8,11,22.9,13.304,1.161,14.465,18.625
5316,8,12,23.5,13.192,1.2,14.393,18.469
5317,8,13,24.2,13.308,1.269,14.577,18.631
5318,8,14,25.0,13.272,1.327,14.599,18.58
5319,8,15,25.8,13.283,1.39,14.674,18.597
5320,8,16,26.5,13.171,1.436,14.607,18.44
5321,8,17,27.1,12.935,1.458,14.393,18.109
5322,8,18,27.6,13.063,1.51,14.573,18.288
5323,8,19,27.9,12.875,1.511,14.386,18.025
5324,8,20,28.0,12.78,1.508,14.288,17.892
5325,8,21,27.9,12.679,1.488,14.167,17.75
5326,8,22,27.6,12.566,1.453,14.019,17.593
5327,8,23,27.1,12.601,1.42,14.021,17.641
5328,8,0,26.5,12.613,1.375,13.988,17.659
5329,8,1,25.8,12.404,1.298,13.703,17.366
5330,8,2,25.0,12.564,1.256,13.821,17.59
5331,8,3,24.2,12.654,1.206,13.861,17.716
5332,8,4,23.5,12.786,1.164,13.949,17.9
5333,8,5,22.9,12.973,1.132,14.105,18.163
5334,8,6,22.4,12.877,1.087,13.964,18.028
5335,8,7,22.1,13.005,1.074,14.08,18.207
5336,8,8,22.0,13.098,1.074,14.172,18.337
5337,8,9,22.1,13.149,1.086,14.235,18.409
5338,8,10,22.4,13.256,1.119,14.375,18.559
5339,8,11,22.9,13.407,1.17,14.577,18.77
5340,8,12,23.5,13.238,1.205,14.442,18.533
5341,8,13,24.2,13.373,1.275,14.648,18.722
5342,8,14,25.0,13.121,1.312,14.433,18.369
5343,8,15,25.8,13.173,1.379,14.552,18.443
5344,8,16,26.5,13.116,1.43,14.546,18.362
5345,8,17,27.1,13.223,1.491,14.713,18.512
5346,8,18,27.6,12.927,1.494,14.421,18.098
5347,8,19,27.9,12.634,1.483,14.117,17.687
5348,8,20,28.0,12.56,1.482,14.042,17.584
5349,8,21,27.9,12.683,1.489,14.172,17.756
5350,8,22,27.6,12.679,1.466,14.145,17.751
5351,8,23,27.1,12.617,1.422,14.039,17.663
5352,8,0,26.5,12.583,1.372,13.954,17.616
5353,8,1,25.8,12.695,1.329,14.024,17.774
5354,8,2,25.0,12.564,1.256,13.82,17.59
5355,8,3,24.2,12.769,1.217,13.987,17.877
5356,8,4,23.5,12.597,1.146,13.743,17.636
5357,8,5,22.9,12.763,1.114,13.877,17.869
5358,8,6,22.4,12.774,1.078,13.852,17.883
5359,8,7,22.1,13.028,1.076,14.104,18.239
5360,8,8,22.0,13.144,1.078,14.222,18.402
5361,8,9,22.1,13.241,1.094,14.335,18.537
5362,8,10,22.4,13.297,1.122,14.42,18.616
5363,8,11,22.9,13.237,1.155,14.392,18.532
5364,8,12,23.5,13.324,1.212,14.537,18.654
5365,8,13,24.2,13.18,1.257,14.437,18.452
5366,8,14,25.0,13.427,1.343,14.77,18.798
5367,8,15,25.8,13.199,1.381,14.58,18.479
5368,8,16,26.5,13.1,1.428,14.528,18.34
5369,8,17,27.1,13.214,1.49,14.704,18.5
5370,8,18,27.6,12.83,1.483,14.313,17.962
5371,8,19,27.9,12.741,1.496,14.237,17.838
5372,8,20,28.0,12.651,1.493,14.143,17.711
5373,8,21,27.9,12.673,1.488,14.161,17.742
5374,8,22,27.6,12.661,1.463,14.125,17.726
5375,8,23,27.1,12.653,1.426,14.079,17.714
5376,8,0,26.5,12.823,1.398,14.221,17.952
5377,8,1,25.8,12.354,1.293,13.647,17.296
5378,8,2,25.0,12.679,1.268,13.947,17.75
5379,8,3,24.2,12.624,1.204,13.828,17.674
5380,8,4,23.5,12.702,1.156,13.857,17.782
5381,8,5,22.9,12.792,1.116,13.908,17.909
5382,8,6,22.4,12.864,1.086,13.95,18.009
5383,8,7,22.1,13.224,1.092,14.316,18.513
5384,8,8,22.0,13.233,1.085,14.318,18.526
5385,8,9,22.1,13.232,1.093,14.325,18.524
5386,8,10,22.4,13.426,1.133,14.56,18.797
5387,8,11,22.9,13.179,1.15,14.329,18.45
5388,8,12,23.5,13.21,1.202,14.412,18.494
5389,8,13,24.2,13.112,1.25,14.362,18.357
5390,8,14,25.0,13.221,1.322,14.543,18.51
5391,8,15,25.8,13.246,1.386,14.632,18.544
5392,8,16,26.5,13.159,1.434,14.593,18.423
5393,8,17,27.1,13.07,1.473,14.543,18.298
5394,8,18,27.6,12.813,1.481,14.295,17.939
5395,8,19,27.9,12.934,1.518,14.453,18.108
5396,8,20,28.0,12.784,1.509,14.293,17.898
5397,8,21,27.9,12.753,1.497,14.25,17.854
5398,8,22,27.6,12.429,1.437,13.865,17.4
5399,8,23,27.1,12.61,1.422,14.032,17.654
5400,8,0,26.5,12.447,1.357,13.804,17.426
5401,8,1,25.8,12.539,1.312,13.852,17.555
5402,8,2,25.0,12.671,1.267,13.939,17.74
5403,8,3,24.2,12.689,1.21,13.899,17.764
5404,8,4,23.5,12.675,1.153,13.829,17.745
5405,8,5,22.9,12.855,1.122,13.976,17.996
5406,8,6,22.4,12.801,1.081,13.882,17.922
5407,8,7,22.1,13.17,1.088,14.258,18.438
5408,8,8,22.0,13.128,1.077,14.205,18.38
5409,8,9,22.1,13.341,1.102,14.443,18.678
5410,8,10,22.4,13.238,1.117,14.356,18.534
5411,8,11,22.9,13.278,1.159,14.436,18.589
5412,8,12,23.5,13.267,1.207,14.474,18.573
5413,8,13,24.2,13.418,1.279,14.697,18.785
5414,8,14,25.0,13.22,1.322,14.542,18.508
5415,8,15,25.8,13.294,1.391,14.685,18.611
5416,8,16,26.5,13.111,1.429,14.54,18.355
5417,8,17,27.1,12.858,1.449,14.307,18.001
5418,8,18,27.6,12.898,1.491,14.388,18.057
5419,8,19,27.9,12.736,1.495,14.231,17.83
5420,8,20,28.0,12.764,1.506,14.27,17.869
5421,8,21,27.9,12.561,1.474,14.035,17.585
5422,8,22,27.6,12.711,1.469,14.18,17.795
5423,8,23,27.1,12.57,1.417,13.987,17.598
5424,8,0,26.5,12.548,1.368,13.916,17.567
5425,8,1,25.8,12.645,1.323,13.968,17.703
5426,8,2,25.0,12.714,1.271,13.986,17.8
5427,8,3,24.2,12.678,1.209,13.886,17.749
5428,8,4,23.5,12.683,1.154,13.837,17.756
5429,8,5,22.9,12.677,1.106,13.783,17.747
5430,8,6,22.4,12.886,1.088,13.974,18.04
5431,8,7,22.1,12.993,1.073,14.067,18.191
5432,8,8,22.0,13.16,1.079,14.239,18.423
5433,8,9,22.1,13.195,1.09,14.285,18.473
5434,8,10,22.4,13.36,1.128,14.488,18.704
5435,8,11,22.9,13.269,1.158,14.427,18.576
5436,8,12,23.5,13.337,1.214,14.551,18.672
5437,8,13,24.2,13.448,1.282,14.731,18.828
5438,8,14,25.0,13.325,1.333,14.658,18.655
5439,8,15,25.8,13.223,1.384,14.607,18.513
5440,8,16,26.5,13.089,1.427,14.515,18.324
5441,8,17,27.1,12.992,1.465,14.456,18.189
5442,8,18,27.6,12.869,1.488,14.357,18.017
5443,8,19,27.9,12.8,1.503,14.302,17.92
5444,8,20,28.0,12.836,1.515,14.35,17.97
5445,8,21,27.9,12.658,1.486,14.143,17.721
5446,8,22,27.6,12.483,1.443,13.926,17.476
5447,8,23,27.1,12.756,1.438,14.194,17.858
5448,8,0,26.5,12.598,1.373,13.971,17.637
5449,8,1,25.8,12.438,1.302,13.74,17.414
5450,8,2,25.0,12.574,1.257,13.831,17.603
5451,8,3,24.2,12.691,1.21,13.901,17.767
5452,8,4,23.5,12.931,1.177,14.107,18.103
5453,8,5,22.9,12.743,1.112,13.855,17.84
5454,8,6,22.4,13.052,1.102,14.154,18.273
5455,8,7,22.1,13.195,1.09,14.285,18.473
5456,8,8,22.0,13.086,1.073,14.159,18.32
5457,8,9,22.1,13.202,1.091,14.292,18.482
5458,8,10,22.4,13.187,1.113,14.301,18.462
5459,8,11,22.9,13.31,1.162,14.471,18.633
5460,8,12,23.5,13.34,1.214,14.553,18.675
5461,8,13,24.2,13.396,1.277,14.673,18.754
5462,8,14,25.0,13.4,1.34,14.74,18.76
5463,8,15,25.8,13.155,1.377,14.531,18.416
5464,8,16,26.5,12.952,1.412,14.364,18.133
5465,8,17,27.1,13.053,1.471,14.524,18.274
5466,8,18,27.6,12.984,1.501,14.485,18.177
5467,8,19,27.9,12.879,1.512,14.391,18.03
5468,8,20,28.0,12.728,1.502,14.229,17.819
5469,8,21,27.9,12.692,1.49,14.182,17.769
5470,8,22,27.6,12.77,1.476,14.246,17.877
5471,8,23,27.1,12.617,1.422,14.04,17.664
5472,8,0,26.5,12.529,1.366,13.894,17.54
5473,8,1,25.8,12.529,1.311,13.84,17.541
5474,8,2,25.0,12.601,1.26,13.861,17.641
5475,8,3,24.2,12.843,1.225,14.068,17.981
5476,8,4,23.5,12.742,1.16,13.901,17.839
5477,8,5,22.9,12.852,1.122,13.974,17.993
5478,8,6,22.4,12.906,1.089,13.996,18.069
5479,8,7,22.1,13.165,1.088,14.253,18.431
5480,8,8,22.0,13.345,1.094,14.439,18.683
5481,8,9,22.1,13.274,1.097,14.371,18.584
5482,8,10,22.4,13.299,1.123,14.422,18.619
5483,8,11,22.9,13.334,1.164,14.497,18.667
5484,8,12,23.5,13.105,1.193,14.297,18.347
5485,8,13,24.2,13.404,1.278,14.682,18.766
5486,8,14,25.0,13.305,1.33,14.635,18.626
5487,8,15,25.8,13.272,1.389,14.661,18.581
5488,8,16,26.5,13.078,1.425,14.503,18.309
5489,8,17,27.1,13.017,1.467,14.484,18.223
5490,8,18,27.6,12.913,1.493,14.406,18.079
5491,8,19,27.9,12.956,1.521,14.477,18.139
5492,8,20,28.0,12.722,1.501,14.224,17.811
5493,8,21,27.9,12.888,1.513,14.401,18.043
5494,8,22,27.6,12.661,1.463,14.125,17.725
5495,8,23,27.1,12.452,1.404,13.855,17.432
5496,8,0,26.5,12.553,1.368,13.921,17.574
5497,8,1,25.8,12.514,1.31,13.824,17.52
5498,8,2,25.0,12.399,1.24,13.638,17.358
5499,8,3,24.2,12.84,1.224,14.064,17.976
5500,8,4,23.5,12.831,1.168,13.998,17.963
5501,8,5,22.9,12.907,1.126,14.034,18.07
5502,8,6,22.4,12.971,1.095,14.066,18.16
5503,8,7,22.1,12.917,1.067,13.984,18.084
5504,8,8,22.0,13.101,1.074,14.175,18.341
5505,8,9,22.1,13.314,1.1,14.413,18.639
5506,8,10,22.4,13.186,1.113,14.299,18.46
5507,8,11,22.9,13.077,1.141,14.218,18.307
5508,8,12,23.5,13.32,1.212,14.533,18.649
5509,8,13,24.2,13.316,1.27,14.585,18.642
5510,8,14,25.0,13.305,1.33,14.635,18.627
5511,8,15,25.8,13.302,1.392,14.694,18.623
5512,8,16,26.5,13.213,1.44,14.653,18.498
5513,8,17,27.1,13.081,1.475,14.556,18.313
5514,8,18,27.6,13.074,1.511,14.585,18.304
5515,8,19,27.9,12.702,1.491,14.193,17.783
5516,8,20,28.0,12.811,1.512,14.322,17.935
5517,8,21,27.9,12.742,1.496,14.238,17.839
5518,8,22,27.6,12.494,1.444,13.938,17.492
5519,8,23,27.1,12.429,1.401,13.83,17.4
5520,8,0,26.5,12.491,1.362,13.853,17.488
5521,8,1,25.8,12.513,1.31,13.823,17.518
5522,8,2,25.0,12.693,1.269,13.963,17.771
5523,8,3,24.2,12.618,1.203,13.821,17.666
5524,8,4,23.5,12.675,1.153,13.828,17.744
5525,8,5,22.9,12.793,1.116,13.909,17.91
5526,8,6,22.4,13.066,1.103,14.169,18.293
5527,8,7,22.1,13.056,1.079,14.135,18.279
5528,8,8,22.0,13.131,1.077,14.208,18.383
5529,8,9,22.1,13.218,1.092,14.31,18.506
5530,8,10,22.4,13.42,1.133,14.553,18.788
5531,8,11,22.9,13.255,1.157,14.412,18.557
5532,8,12,23.5,13.475,1.226,14.701,18.865
5533,8,13,24.2,13.351,1.273,14.624,18.691
5534,8,14,25.0,13.275,1.328,14.603,18.585
5535,8,15,25.8,13.479,1.411,14.89,18.871
5536,8,16,26.5,13.043,1.422,14.465,18.261
5537,8,17,27.1,13.02,1.468,14.487,18.228
5538,8,18,27.6,12.831,1.483,14.314,17.964
5539,8,19,27.9,12.949,1.52,14.469,18.129
5540,8,20,28.0,12.929,1.526,14.455,18.101
5541,8,21,27.9,12.847,1.508,14.355,17.985
5542,8,22,27.6,12.74,1.473,14.213,17.837
5543,8,23,27.1,12.559,1.416,13.975,17.583
5544,8,0,26.5,12.529,1.366,13.895,17.541
5545,8,1,25.8,12.412,1.299,13.711,17.377
5546,8,2,25.0,12.822,1.282,14.104,17.95
5547,8,3,24.2,12.727,1.213,13.94,17.817
5548,8,4,23.5,12.711,1.157,13.868,17.795
5549,8,5,22.9,12.987,1.133,14.12,18.181
5550,8,6,22.4,12.857,1.085,13.943,18.0
5551,8,7,22.1,13.096,1.082,14.178,18.334
5552,8,8,22.0,13.132,1.077,14.208,18.384
5553,8,9,22.1,13.293,1.098,14.391,18.611
5554,8,10,22.4,13.285,1.121,14.406,18.599
5555,8,11,22.9,13.185,1.151,14.336,18.459
5556,8,12,23.5,13.351,1.215,14.566,18.691
5557,8,13,24.2,13.435,1.281,14.716,18.809
5558,8,14,25.0,13.288,1.329,14.617,18.603
5559,8,15,25.8,13.307,1.393,14.7,18.63
5560,8,16,26.5,13.044,1.422,14.466,18.262
5561,8,17,27.1,13.053,1.471,14.524,18.274
5562,8,18,27.6,12.892,1.49,14.382,18.049
5563,8,19,27.9,12.929,1.518,14.446,18.1
5564,8,20,28.0,12.763,1.506,14.269,17.869
5565,8,21,27.9,12.749,1.497,14.245,17.848
5566,8,22,27.6,12.727,1.471,14.198,17.817
5567,8,23,27.1,12.648,1.426,14.074,17.708
5568,8,0,26.5,12.593,1.373,13.966,17.631
5569,8,1,25.8,12.479,1.306,13.785,17.471
5570,8,2,25.0,12.618,1.262,13.879,17.665
5571,8,3,24.2,12.626,1.204,13.83,17.677
5572,8,4,23.5,12.726,1.158,13.884,17.816
5573,8,5,22.9,12.817,1.119,13.935,17.943
5574,8,6,22.4,12.857,1.085,13.942,17.999
5575,8,7,22.1,12.859,1.062,13.922,18.003
5576,8,8,22.0,13.082,1.073,14.155,18.315
5577,8,9,22.1,13.249,1.095,14.343,18.548
5578,8,10,22.4,13.156,1.111,14.267,18.419
5579,8,11,22.9,13.332,1.163,14.495,18.664
5580,8,12,23.5,13.533,1.232,14.765,18.946
5581,8,13,24.2,13.432,1.281,14.713,18.805
5582,8,14,25.0,13.455,1.346,14.801,18.838
5583,8,15,25.8,13.268,1.389,14.657,18.576
5584,8,16,26.5,13.266,1.446,14.712,18.572
5585,8,17,27.1,12.983,1.464,14.446,18.176
5586,8,18,27.6,12.89,1.49,14.38,18.046
5587,8,19,27.9,12.58,1.477,14.057,17.612
5588,8,20,28.0,12.879,1.52,14.399,18.03
5589,8,21,27.9,12.834,1.507,14.34,17.967
5590,8,22,27.6,12.563,1.452,14.015,17.588
5591,8,23,27.1,12.554,1.415,13.969,17.575
5592,8,0,26.5,12.491,1.361,13.852,17.487
5593,8,1,25.8,12.617,1.321,13.938,17.664
5594,8,2,25.0,12.73,1.273,14.004,17.823
5595,8,3,24.2,12.505,1.192,13.698,17.508
5596,8,4,23.5,12.801,1.165,13.966,17.922
5597,8,5,22.9,12.826,1.119,13.946,17.957
5598,8,6,22.4,12.966,1.094,14.06,18.152
5599,8,7,22.1,13.101,1.082,14.183,18.341
5600,8,8,22.0,13.13,1.077,14.207,18.382
5601,8,9,22.1,13.219,1.092,14.311,18.507
5602,8,10,22.4,13.27,1.12,14.39,18.578
5603,8,11,22.9,13.427,1.172,14.599,18.798
5604,8,12,23.5,13.385,1.218,14.603,18.739
5605,8,13,24.2,13.352,1.273,14.625,18.693
5606,8,14,25.0,13.164,1.316,14.48,18.43
5607,8,15,25.8,13.191,1.381,14.572,18.468
5608,8,16,26.5,13.239,1.443,14.682,18.534
5609,8,17,27.1,13.059,1.472,14.531,18.282
5610,8,18,27.6,13.02,1.505,14.526,18.229
5611,8,19,27.9,13.031,1.53,14.56,18.243
5612,8,20,28.0,12.864,1.518,14.382,18.01
5613,8,21,27.9,12.689,1.49,14.179,17.765
5614,8,22,27.6,12.567,1.453,14.019,17.594
5615,8,23,27.1,12.324,1.389,13.713,17.253
5616,8,0,26.5,12.549,1.368,13.917,17.569
5617,8,1,25.8,12.547,1.313,13.86,17.565
5618,8,2,25.0,12.657,1.266,13.923,17.72
5619,8,3,24.2,12.664,1.207,13.872,17.73
5620,8,4,23.5,12.728,1.158,13.886,17.819
5621,8,5,22.9,12.676,1.106,13.782,17.746
5622,8,6,22.4,12.861,1.086,13.946,18.005
5623,8,7,22.1,13.103,1.082,14.185,18.344
5624,8,8,22.0,13.32,1.092,14.413,18.649
5625,8,9,22.1,13.22,1.092,14.312,18.507
5626,8,10,22.4,13.324,1.125,14.449,18.653
5627,8,11,22.9,13.425,1.172,14.597,18.795
5628,8,12,23.5,13.262,1.207,14.469,18.567
5629,8,13,24.2,13.367,1.274,14.641,18.713
5630,8,14,25.0,13.217,1.322,14.539,18.504
5631,8,15,25.8,13.316,1.394,14.709,18.642
5632,8,16,26.5,13.164,1.435,14.599,18.43
5633,8,17,27.1,13.085,1.475,14.56,18.319
5634,8,18,27.6,12.876,1.488,14.365,18.027
5635,8,19,27.9,12.925,1.517,14.442,18.095
5636,8,20,28.0,12.969,1.53,14.499,18.156
5637,8,21,27.9,12.579,1.477,14.056,17.611
5638,8,22,27.6,12.584,1.455,14.039,17.618
5639,8,23,27.1,12.602,1.421,14.023,17.643
5640,8,0,26.5,12.645,1.378,14.023,17.702
5641,8,1,25.8,12.523,1.311,13.834,17.532
5642,8,2,25.0,12.335,1.233,13.568,17.269
5643,8,3,24.2,12.816,1.222,14.038,17.942
5644,8,4,23.5,12.836,1.168,14.004,17.971
5645,8,5,22.9,12.68,1.107,13.786,17.752
5646,8,6,22.4,12.894,1.088,13.982,18.051
5647,8,7,22.1,13.212,1.091,14.303,18.497
5648,8,8,22.0,13.294,1.09,14.384,18.611
5649,8,9,22.1,13.323,1.101,14.424,18.653
5650,8,10,22.4,13.274,1.12,14.394,18.583
5651,8,11,22.9,13.338,1.164,14.502,18.674
5652,8,12,23.5,13.33,1.213,14.543,18.662
5653,8,13,24.2,13.443,1.282,14.724,18.82
5654,8,14,25.0,13.204,1.32,14.524,18.485
5655,8,15,25.8,13.149,1.376,14.525,18.408
5656,8,16,26.5,13.25,1.444,14.694,18.55
5657,8,17,27.1,13.051,1.471,14.522,18.271
5658,8,18,27.6,13.092,1.513,14.606,18.329
5659,8,19,27.9,12.787,1.501,14.288,17.902
5660,8,20,28.0,12.755,1.505,14.26,17.857
5661,8,21,27.9,12.587,1.478,14.065,17.622
5662,8,22,27.6,12.619,1.459,14.077,17.666
5663,8,23,27.1,12.431,1.401,13.833,17.404
5664,8,0,26.5,12.517,1.364,13.882,17.524
5665,8,1,25.8,12.436,1.301,13.737,17.41
5666,8,2,25.0,12.687,1.269,13.956,17.762
5667,8,3,24.2,12.751,1.216,13.967,17.852
5668,8,4,23.5,12.587,1.145,13.733,17.622
5669,8,5,22.9,12.987,1.133,14.121,18.182
5670,8,6,22.4,13.204,1.115,14.319,18.486
5671,8,7,22.1,13.06,1.079,14.139,18.284
5672,8,8,22.0,13.085,1.073,14.158,18.319
5673,8,9,22.1,13.512,1.116,14.628,18.917
5674,8,10,22.4,13.159,1.111,14.27,18.423
5675,8,11,22.9,13.332,1.164,14.495,18.665
5676,8,12,23.5,13.361,1.216,14.577,18.706
5677,8,13,24.2,13.464,1.284,14.748,18.85
5678,8,14,25.0,13.327,1.333,14.66,18.658
5679,8,15,25.8,13.179,1.379,14.559,18.451
5680,8,16,26.5,13.054,1.423,14.477,18.275
5681,8,17,27.1,13.021,1.468,14.489,18.229
5682,8,18,27.6,12.854,1.486,14.34,17.995
5683,8,19,27.9,12.859,1.509,14.368,18.002
5684,8,20,28.0,12.704,1.499,14.203,17.785
5685,8,21,27.9,12.53,1.471,14.001,17.542
5686,8,22,27.6,12.743,1.473,14.216,17.841
5687,8,23,27.1,12.529,1.412,13.942,17.541
5688,8,0,26.5,12.439,1.356,13.795,17.415
5689,8,1,25.8,12.562,1.315,13.877,17.587
5690,8,2,25.0,12.625,1.262,13.887,17.675
5691,8,3,24.2,12.505,1.192,13.697,17.507
5692,8,4,23.5,12.793,1.164,13.958,17.911
5693,8,5,22.9,12.749,1.113,13.862,17.849
5694,8,6,22.4,13.126,1.108,14.234,18.376
5695,8,7,22.1,13.108,1.083,14.19,18.351
5696,8,8,22.0,13.109,1.075,14.184,18.352
5697,8,9,22.1,13.155,1.087,14.242,18.417
5698,8,10,22.4,13.281,1.121,14.402,18.593
5699,8,11,22.9,13.391,1.169,14.56,18.748
5700,8,12,23.5,13.341,1.214,14.555,18.677
5701,8,13,24.2,13.308,1.269,14.577,18.632
5702,8,14,25.0,13.297,1.33,14.627,18.616
5703,8,15,25.8,13.169,1.378,14.547,18.437
5704,8,16,26.5,13.115,1.429,14.544,18.36
5705,8,17,27.1,12.847,1.448,14.295,17.985
5706,8,18,27.6,13.052,1.509,14.561,18.273
5707,8,19,27.9,12.884,1.512,14.396,18.037
5708,8,20,28.0,12.683,1.497,14.179,17.756
5709,8,21,27.9,12.87,1.511,14.38,18.017
5710,8,22,27.6,12.627,1.459,14.086,17.677
5711,8,23,27.1,12.476,1.406,13.882,17.466
5712,8,0,26.5,12.652,1.379,14.031,17.712
5713,8,1,25.8,12.619,1.321,13.94,17.667
5714,8,2,25.0,12.657,1.266,13.923,17.72
5715,8,3,24.2,12.637,1.205,13.842,17.692
5716,8,4,23.5,12.805,1.165,13.971,17.927
5717,8,5,22.9,12.828,1.12,13.947,17.959
5718,8,6,22.4,13.01,1.098,14.108,18.214
5719,8,7,22.1,12.865,1.063,13.927,18.01
5720,8,8,22.0,13.105,1.075,14.18,18.348
5721,8,9,22.1,13.402,1.107,14.509,18.762
5722,8,10,22.4,13.214,1.115,14.33,18.5
5723,8,11,22.9,13.27,1.158,14.428,18.577
5724,8,12,23.5,13.298,1.21,14.509,18.618
5725,8,13,24.2,13.208,1.259,14.468,18.492
5726,8,14,25.0,13.07,1.307,14.377,18.298
5727,8,15,25.8,13.206,1.382,14.588,18.489
5728,8,16,26.5,13.162,1.435,14.597,18.427
5729,8,17,27.1,13.05,1.471,14.521,18.27
5730,8,18,27.6,12.94,1.496,14.436,18.116
5731,8,19,27.9,12.858,1.509,14.368,18.002
5732,8,20,28.0,12.863,1.518,14.38,18.008
5733,8,21,27.9,12.661,1.486,14.147,17.725
5734,8,22,27.6,12.561,1.452,14.012,17.585
5735,8,23,27.1,12.551,1.415,13.966,17.571
5736,8,0,26.5,12.624,1.376,14.0,17.673
5737,8,1,25.8,12.72,1.331,14.052,17.808
5738,8,2,25.0,12.555,1.256,13.811,17.577
5739,8,3,24.2,12.69,1.21,13.899,17.765
5740,8,4,23.5,12.794,1.164,13.958,17.912
5741,8,5,22.9,12.755,1.113,13.868,17.857
5742,8,6,22.4,12.957,1.094,14.05,18.139
5743,8,7,22.1,12.909,1.066,13.975,18.072
5744,8,8,22.0,12.972,1.064,14.036,18.161
5745,8,9,22.1,13.266,1.096,14.362,18.572
5746,8,10,22.4,13.253,1.119,14.371,18.554
5747,8,11,22.9,13.35,1.165,14.515,18.69
5748,8,12,23.5,13.341,1.214,14.555,18.678
5749,8,13,24.2,13.232,1.262,14.494,18.525
5750,8,14,25.0,13.287,1.329,14.615,18.601
5751,8,15,25.8,13.106,1.372,14.478,18.348
5752,8,16,26.5,13.288,1.448,14.736,18.603
5753,8,17,27.1,12.92,1.456,14.376,18.087
5754,8,18,27.6,12.935,1.495,14.43,18.109
5755,8,19,27.9,12.75,1.497,14.246,17.85
5756,8,20,28.0,12.817,1.512,14.33,17.944
5757,8,21,27.9,12.647,1.485,14.131,17.705
5758,8,22,27.6,12.566,1.452,14.019,17.593
5759,8,23,27.1,12.664,1.428,14.092,17.73
5760,9,0,27.0,12.701,1.423,14.124,17.782
5761,9,1,26.3,12.763,1.374,14.137,17.869
5762,9,2,25.5,12.653,1.303,13.956,17.714
5763,9,3,24.7,12.673,1.246,13.919,17.742
5764,9,4,24.0,12.905,1.213,14.118,18.067
5765,9,5,23.4,12.957,1.17,14.127,18.14
5766,9,6,22.9,13.154,1.15,14.303,18.415
5767,9,7,22.6,13.185,1.129,14.313,18.458
5768,9,8,22.5,13.308,1.131,14.439,18.631
5769,9,9,22.6,13.206,1.131,14.337,18.489
5770,9,10,22.9,13.62,1.191,14.81,19.068
5771,9,11,23.4,13.454,1.215,14.668,18.835
5772,9,12,24.0,13.553,1.274,14.827,18.975
5773,9,13,24.7,13.387,1.316,14.703,18.741
5774,9,14,25.5,13.462,1.387,14.848,18.847
5775,9,15,26.3,13.238,1.425,14.664,18.534
5776,9,16,27.0,13.332,1.493,14.826,18.665
5777,9,17,27.6,13.157,1.523,14.68,18.42
5778,9,18,28.1,13.094,1.553,14.647,18.331
5779,9,19,28.4,13.059,1.572,14.631,18.283
5780,9,20,28.5,12.771,1.545,14.317,17.88
5781,9,21,28.4,12.745,1.534,14.279,17.843
5782,9,22,28.1,12.797,1.518,14.314,17.915
5783,9,23,27.6,12.921,1.495,14.417,18.09
5784,9,0,27.0,12.684,1.421,14.105,17.758
5785,9,1,26.3,12.771,1.375,14.146,17.879
5786,9,2,25.5,12.74,1.312,14.052,17.836
5787,9,3,24.7,13.007,1.279,14.287,18.21
5788,9,4,24.0,12.72,1.196,13.915,17.808
5789,9,5,23.4,12.999,1.173,14.172,18.198
5790,9,6,22.9,12.928,1.13,14.058,18.1
5791,9,7,22.6,12.942,1.108,14.05,18.119
5792,9,8,22.5,13.317,1.132,14.449,18.644
5793,9,9,22.6,13.383,1.146,14.528,18.736
5794,9,10,22.9,13.403,1.172,14.574,18.764
5795,9,11,23.4,13.46,1.215,14.675,18.843
5796,9,12,24.0,13.793,1.297,15.09,19.311
5797,9,13,24.7,13.444,1.322,14.767,18.822
5798,9,14,25.5,13.482,1.389,14.871,18.875
5799,9,15,26.3,13.304,1.432,14.736,18.625
5800,9,16,27.0,13.317,1.491,14.808,18.644
5801,9,17,27.6,13.169,1.524,14.693,18.436
5802,9,18,28.1,13.05,1.548,14.597,18.27
5803,9,19,28.4,13.171,1.586,14.757,18.44
5804,9,20,28.5,13.012,1.574,14.587,18.217
5805,9,21,28.4,12.827,1.544,14.371,17.958
5806,9,22,28.1,12.52,1.485,14.005,17.529
5807,9,23,27.6,12.675,1.467,14.142,17.746
5808,9,0,27.0,12.968,1.452,14.421,18.156
5809,9,1,26.3,12.688,1.366,14.055,17.764
5810,9,2,25.5,12.861,1.325,14.186,18.006
5811,9,3,24.7,12.957,1.274,14.232,18.14
5812,9,4,24.0,12.916,1.214,14.131,18.083
5813,9,5,23.4,12.905,1.165,14.07,18.067
5814,9,6,22.9,12.847,1.123,13.97,17.986
5815,9,7,22.6,13.261,1.135,14.396,18.565
5816,9,8,22.5,13.206,1.122,14.328,18.488
5817,9,9,22.6,13.386,1.146,14.532,18.741
5818,9,10,22.9,13.306,1.163,14.469,18.628
5819,9,11,23.4,13.444,1.214,14.657,18.821
5820,9,12,24.0,13.487,1.268,14.755,18.882
5821,9,13,24.7,13.497,1.327,14.824,18.896
5822,9,14,25.5,13.32,1.372,14.691,18.647
5823,9,15,26.3,13.488,1.452,14.94,18.884
5824,9,16,27.0,13.228,1.481,14.709,18.519
5825,9,17,27.6,13.025,1.507,14.532,18.235
5826,9,18,28.1,13.08,1.551,14.631,18.312
5827,9,19,28.4,12.993,1.564,14.557,18.19
5828,9,20,28.5,12.911,1.562,14.473,18.075
5829,9,21,28.4,12.949,1.559,14.508,18.129
5830,9,22,28.1,12.727,1.509,14.236,17.818
5831,9,23,27.6,12.7,1.47,14.169,17.779
5832,9,0,27.0,12.588,1.41,13.998,17.623
5833,9,1,26.3,12.794,1.377,14.171,17.911
5834,9,2,25.5,12.769,1.315,14.084,17.877
5835,9,3,24.7,12.771,1.256,14.027,17.88
5836,9,4,24.0,12.704,1.194,13.898,17.786
5837,9,5,23.4,13.134,1.186,14.319,18.387
5838,9,6,22.9,12.968,1.134,14.102,18.155
5839,9,7,22.6,13.133,1.124,14.258,18.387
5840,9,8,22.5,13.323,1.132,14.456,18.652
5841,9,9,22.6,13.249,1.134,14.383,18.549
5842,9,10,22.9,13.282,1.161,14.443,18.594
5843,9,11,23.4,13.258,1.197,14.455,18.561
5844,9,12,24.0,13.556,1.274,14.83,18.978
5845,9,13,24.7,13.416,1.319,14.735,18.782
5846,9,14,25.5,13.724,1.414,15.137,19.213
5847,9,15,26.3,13.269,1.429,14.698,18.577
5848,9,16,27.0,13.195,1.478,14.673,18.473
5849,9,17,27.6,13.136,1.52,14.656,18.39
5850,9,18,28.1,13.115,1.555,14.671,18.361
5851,9,19,28.4,12.942,1.558,14.5,18.119
5852,9,20,28.5,12.956,1.568,14.523,18.138
5853,9,21,28.4,12.715,1.531,14.246,17.801
5854,9,22,28.1,12.613,1.496,14.108,17.658
5855,9,23,27.6,12.532,1.45,13.982,17.544
5856,9,0,27.0,12.476,1.397,13.873,17.466
5857,9,1,26.3,12.66,1.363,14.023,17.724
5858,9,2,25.5,12.721,1.31,14.031,17.809
5859,9,3,24.7,12.75,1.254,14.004,17.85
5860,9,4,24.0,13.019,1.224,14.243,18.226
5861,9,5,23.4,13.112,1.184,14.296,18.357
5862,9,6,22.9,13.057,1.141,14.199,18.28
5863,9,7,22.6,13.013,1.114,14.127,18.218
5864,9,8,22.5,13.231,1.125,14.355,18.523
5865,9,9,22.6,13.309,1.139,14.448,18.632
5866,9,10,22.9,13.365,1.168,14.534,18.711
5867,9,11,23.4,13.4,1.21,14.61,18.761
5868,9,12,24.0,13.418,1.261,14.68,18.786
5869,9,13,24.7,13.432,1.321,14.752,18.804
5870,9,14,25.5,13.367,1.377,14.744,18.714
5871,9,15,26.3,13.389,1.441,14.831,18.745
5872,9,16,27.0,13.323,1.492,14.816,18.653
5873,9,17,27.6,13.101,1.516,14.618,18.342
5874,9,18,28.1,13.218,1.568,14.786,18.505
5875,9,19,28.4,12.891,1.552,14.443,18.048
5876,9,20,28.5,12.733,1.541,14.273,17.826
5877,9,21,28.4,12.851,1.547,14.398,17.992
5878,9,22,28.1,12.669,1.502,14.171,17.737
5879,9,23,27.6,12.744,1.475,14.218,17.841
5880,9,0,27.0,12.458,1.395,13.853,17.441
5881,9,1,26.3,12.851,1.384,14.234,17.991
5882,9,2,25.5,12.818,1.32,14.138,17.945
5883,9,3,24.7,12.663,1.245,13.908,17.728
5884,9,4,24.0,12.747,1.198,13.945,17.845
5885,9,5,23.4,13.156,1.188,14.344,18.419
5886,9,6,22.9,13.017,1.138,14.155,18.224
5887,9,7,22.6,13.109,1.122,14.231,18.353
5888,9,8,22.5,13.061,1.11,14.171,18.285
5889,9,9,22.6,13.334,1.142,14.475,18.667
5890,9,10,22.9,13.408,1.172,14.58,18.772
5891,9,11,23.4,13.542,1.222,14.764,18.959
5892,9,12,24.0,13.344,1.254,14.598,18.681
5893,9,13,24.7,13.318,1.31,14.628,18.646
5894,9,14,25.5,13.476,1.388,14.864,18.867
5895,9,15,26.3,13.469,1.45,14.919,18.857
5896,9,16,27.0,13.13,1.471,14.601,18.382
5897,9,17,27.6,13.301,1.539,14.84,18.621
5898,9,18,28.1,13.095,1.553,14.648,18.333
5899,9,19,28.4,13.098,1.577,14.675,18.338
5900,9,20,28.5,12.888,1.559,14.447,18.043
5901,9,21,28.4,12.561,1.512,14.073,17.585
5902,9,22,28.1,12.736,1.51,14.246,17.83
5903,9,23,27.6,12.818,1.483,14.301,17.945
5904,9,0,27.0,12.609,1.412,14.021,17.652
5905,9,1,26.3,12.673,1.364,14.037,17.742
5906,9,2,25.5,12.733,1.312,14.045,17.826
5907,9,3,24.7,12.523,1.232,13.755,17.533
5908,9,4,24.0,13.062,1.228,14.289,18.286
5909,9,5,23.4,12.899,1.164,14.064,18.059
5910,9,6,22.9,13.141,1.149,14.29,18.398
5911,9,7,22.6,13.184,1.129,14.313,18.457
5912,9,8,22.5,13.413,1.14,14.553,18.778
5913,9,9,22.6,13.409,1.148,14.557,18.773
5914,9,10,22.9,13.408,1.172,14.58,18.771
5915,9,11,23.4,13.381,1.208,14.589,18.733
5916,9,12,24.0,13.563,1.275,14.838,18.989
5917,9,13,24.7,13.283,1.306,14.589,18.596
5918,9,14,25.5,13.496,1.39,14.886,18.894
5919,9,15,26.3,13.259,1.427,14.686,18.562
5920,9,16,27.0,13.413,1.502,14.915,18.778
5921,9,17,27.6,13.209,1.529,14.737,18.492
5922,9,18,28.1,13.155,1.56,14.715,18.417
5923,9,19,28.4,12.997,1.565,14.562,18.196
5924,9,20,28.5,12.719,1.539,14.258,17.807
5925,9,21,28.4,12.727,1.532,14.259,17.818
5926,9,22,28.1,12.818,1.52,14.338,17.945
5927,9,23,27.6,12.728,1.473,14.201,17.82
5928,9,0,27.0,12.816,1.435,14.252,17.943
5929,9,1,26.3,12.752,1.373,14.125,17.853
5930,9,2,25.5,12.654,1.303,13.958,17.716
5931,9,3,24.7,12.734,1.252,13.986,17.827
5932,9,4,24.0,12.905,1.213,14.118,18.067
5933,9,5,23.4,12.758,1.152,13.91,17.861
5934,9,6,22.9,13.258,1.159,14.417,18.562
5935,9,7,22.6,13.237,1.133,14.37,18.531
5936,9,8,22.5,13.41,1.14,14.55,18.774
5937,9,9,22.6,13.211,1.131,14.342,18.495
5938,9,10,22.9,13.555,1.185,14.74,18.978
5939,9,11,23.4,13.693,1.236,14.93,19.171
5940,9,12,24.0,13.352,1.255,14.607,18.692
5941,9,13,24.7,13.547,1.332,14.88,18.966
5942,9,14,25.5,13.431,1.383,14.815,18.804
5943,9,15,26.3,13.214,1.423,14.637,18.5
5944,9,16,27.0,13.337,1.494,14.83,18.671
5945,9,17,27.6,13.276,1.536,14.812,18.586
5946,9,18,28.1,13.031,1.545,14.576,18.243
5947,9,19,28.4,13.106,1.578,14.684,18.348
5948,9,20,28.5,12.728,1.54,14.268,17.819
5949,9,21,28.4,12.664,1.525,14.188,17.729
5950,9,22,28.1,12.764,1.514,14.278,17.87
5951,9,23,27.6,12.714,1.471,14.185,17.8
5952,9,0,27.0,12.627,1.414,14.041,17.677
5953,9,1,26.3,12.793,1.377,14.17,17.91
5954,9,2,25.5,12.804,1.319,14.123,17.925
5955,9,3,24.7,12.899,1.269,14.168,18.059
5956,9,4,24.0,12.882,1.211,14.093,18.035
5957,9,5,23.4,13.05,1.178,14.228,18.269
5958,9,6,22.9,13.046,1.14,14.187,18.265
5959,9,7,22.6,13.398,1.147,14.545,18.757
5960,9,8,22.5,13.206,1.123,14.329,18.488
5961,9,9,22.6,13.579,1.163,14.742,19.011
5962,9,10,22.9,13.435,1.174,14.609,18.808
5963,9,11,23.4,13.333,1.204,14.536,18.666
5964,9,12,24.0,13.62,1.28,14.901,19.069
5965,9,13,24.7,13.483,1.326,14.809,18.876
5966,9,14,25.5,13.516,1.392,14.908,18.923
5967,9,15,26.3,13.491,1.452,14.943,18.887
5968,9,16,27.0,13.321,1.492,14.813,18.649
5969,9,17,27.6,13.133,1.52,14.653,18.387
5970,9,18,28.1,13.188,1.564,14.752,18.464
5971,9,19,28.4,12.989,1.564,14.553,18.185
5972,9,20,28.5,12.963,1.569,14.532,18.148
5973,9,21,28.4,12.598,1.517,14.114,17.637
5974,9,22,28.1,12.795,1.517,14.313,17.914
5975,9,23,27.6,12.648,1.464,14.111,17.707
5976,9,0,27.0,12.864,1.441,14.304,18.009
5977,9,1,26.3,12.774,1.375,14.149,17.883
5978,9,2,25.5,12.775,1.316,14.091,17.885
5979,9,3,24.7,12.862,1.265,14.127,18.007
5980,9,4,24.0,12.795,1.203,13.997,17.913
5981,9,5,23.4,13.152,1.187,14.339,18.412
5982,9,6,22.9,13.29,1.162,14.452,18.606
5983,9,7,22.6,13.232,1.133,14.365,18.525
5984,9,8,22.5,13.446,1.143,14.589,18.825
5985,9,9,22.6,13.312,1.14,14.451,18.636
5986,9,10,22.9,13.351,1.167,14.518,18.692
5987,9,11,23.4,13.474,1.216,14.691,18.864
5988,9,12,24.0,13.527,1.272,14.799,18.938
5989,9,13,24.7,13.431,1.321,14.752,18.803
5990,9,14,25.5,13.485,1.389,14.874,18.879
5991,9,15,26.3,13.399,1.443,14.842,18.759
5992,9,16,27.0,13.187,1.477,14.664,18.462
5993,9,17,27.6,13.244,1.533,14.777,18.542
5994,9,18,28.1,13.177,1.563,14.74,18.448
5995,9,19,28.4,13.006,1.566,14.572,18.209
5996,9,20,28.5,13.01,1.574,14.584,18.214
5997,9,21,28.4,12.691,1.528,14.219,17.768
5998,9,22,28.1,12.798,1.518,14.315,17.917
5999,9,23,27.6,12.595,1.458,14.052,17.632
6000,9,0,27.0,12.587,1.41,13.996,17.621
6001,9,1,26.3,12.648,1.362,14.01,17.708
6002,9,2,25.5,12.657,1.304,13.96,17.719
6003,9,3,24.7,12.758,1.255,14.013,17.862
6004,9,4,24.0,12.873,1.21,14.083,18.022
6005,9,5,23.4,13.073,1.18,14.253,18.302
6006,9,6,22.9,13.059,1.141,14.2,18.282
6007,9,7,22.6,13.034,1.116,14.15,18.248
6008,9,8,22.5,13.401,1.139,14.54,18.762
6009,9,9,22.6,13.285,1.137,14.422,18.599
6010,9,10,22.9,13.425,1.174,14.599,18.795
6011,9,11,23.4,13.515,1.22,14.735,18.921
6012,9,12,24.0,13.504,1.269,14.773,18.905
6013,9,13,24.7,13.58,1.335,14.915,19.012
6014,9,14,25.5,13.479,1.388,14.867,18.87
6015,9,15,26.3,13.282,1.43,14.712,18.595
6016,9,16,27.0,13.505,1.513,15.018,18.907
6017,9,17,27.6,13.212,1.529,14.741,18.497
6018,9,18,28.1,13.076,1.551,14.627,18.307
6019,9,19,28.4,13.086,1.575,14.661,18.32
6020,9,20,28.5,12.919,1.563,14.483,18.087
6021,9,21,28.4,12.853,1.547,14.4,17.994
6022,9,22,28.1,13.0,1.542,14.542,18.2
6023,9,23,27.6,12.684,1.468,14.152,17.758
6024,9,0,27.0,12.666,1.419,14.085,17.733
6025,9,1,26.3,12.723,1.37,14.093,17.813
6026,9,2,25.5,12.858,1.324,14.182,18.001
6027,9,3,24.7,12.663,1.245,13.908,17.728
6028,9,4,24.0,12.698,1.194,13.892,17.777
6029,9,5,23.4,12.931,1.167,14.098,18.103
6030,9,6,22.9,12.928,1.13,14.058,18.099
6031,9,7,22.6,13.15,1.126,14.276,18.41
6032,9,8,22.5,13.338,1.134,14.471,18.673
6033,9,9,22.6,13.28,1.137,14.416,18.591
6034,9,10,22.9,13.288,1.162,14.45,18.604
6035,9,11,23.4,13.477,1.217,14.694,18.868
6036,9,12,24.0,13.57,1.276,14.845,18.998
6037,9,13,24.7,13.301,1.308,14.609,18.621
6038,9,14,25.5,13.513,1.392,14.905,18.918
6039,9,15,26.3,13.45,1.448,14.898,18.83
6040,9,16,27.0,13.383,1.499,14.882,18.736
6041,9,17,27.6,13.314,1.541,14.855,18.64
6042,9,18,28.1,13.311,1.579,14.89,18.636
6043,9,19,28.4,12.954,1.559,14.513,18.135
6044,9,20,28.5,12.906,1.562,14.467,18.068
6045,9,21,28.4,12.772,1.538,14.309,17.88
6046,9,22,28.1,12.751,1.512,14.263,17.851
6047,9,23,27.6,12.865,1.489,14.354,18.011
6048,9,0,27.0,12.564,1.407,13.971,17.589
6049,9,1,26.3,12.625,1.359,13.985,17.676
6050,9,2,25.5,12.889,1.328,14.216,18.044
6051,9,3,24.7,12.915,1.27,14.185,18.081
6052,9,4,24.0,12.858,1.209,14.067,18.002
6053,9,5,23.4,13.075,1.18,14.255,18.305
6054,9,6,22.9,13.125,1.147,14.272,18.375
6055,9,7,22.6,13.343,1.142,14.485,18.68
6056,9,8,22.5,13.295,1.13,14.425,18.613
6057,9,9,22.6,13.471,1.153,14.624,18.86
6058,9,10,22.9,13.695,1.197,14.892,19.173
6059,9,11,23.4,13.53,1.221,14.751,18.942
6060,9,12,24.0,13.489,1.268,14.756,18.884
6061,9,13,24.7,13.542,1.332,14.874,18.959
6062,9,14,25.5,13.394,1.38,14.774,18.752
6063,9,15,26.3,13.607,1.465,15.072,19.05
6064,9,16,27.0,13.305,1.49,14.795,18.627
6065,9,17,27.6,13.165,1.524,14.689,18.431
6066,9,18,28.1,13.007,1.543,14.55,18.21
6067,9,19,28.4,13.099,1.577,14.676,18.339
6068,9,20,28.5,12.981,1.571,14.552,18.174
6069,9,21,28.4,12.763,1.537,14.3,17.869
6070,9,22,28.1,12.808,1.519,14.327,17.932
6071,9,23,27.6,12.561,1.454,14.014,17.585
6072,9,0,27.0,12.717,1.424,14.141,17.803
6073,9,1,26.3,12.757,1.373,14.13,17.86
6074,9,2,25.5,12.922,1.331,14.252,18.09
6075,9,3,24.7,12.736,1.252,13.989,17.831
6076,9,4,24.0,12.767,1.2,13.967,17.873
6077,9,5,23.4,12.9,1.164,14.064,18.06
6078,9,6,22.9,12.957,1.133,14.09,18.14
6079,9,7,22.6,13.326,1.141,14.467,18.657
6080,9,8,22.5,13.442,1.143,14.585,18.819
6081,9,9,22.6,13.401,1.147,14.548,18.761
6082,9,10,22.9,13.553,1.185,14.738,18.974
6083,9,11,23.4,13.484,1.217,14.701,18.877
6084,9,12,24.0,13.474,1.267,14.741,18.864
6085,9,13,24.7,13.437,1.321,14.758,18.812
6086,9,14,25.5,13.4,1.38,14.78,18.76
6087,9,15,26.3,13.214,1.423,14.636,18.499
6088,9,16,27.0,13.314,1.491,14.805,18.639
6089,9,17,27.6,13.189,1.526,14.715,18.464
6090,9,18,28.1,13.165,1.561,14.727,18.432
6091,9,19,28.4,12.999,1.565,14.563,18.198
6092,9,20,28.5,12.878,1.558,14.437,18.03
6093,9,21,28.4,12.726,1.532,14.258,17.817
6094,9,22,28.1,12.758,1.513,14.271,17.861
6095,9,23,27.6,12.785,1.48,14.265,17.9
6096,9,0,27.0,12.584,1.409,13.993,17.617
6097,9,1,26.3,12.72,1.369,14.09,17.808
6098,9,2,25.5,12.774,1.316,14.09,17.884
6099,9,3,24.7,12.741,1.253,13.994,17.838
6100,9,4,24.0,12.836,1.207,14.042,17.97
6101,9,5,23.4,13.012,1.175,14.187,18.217
6102,9,6,22.9,12.978,1.134,14.112,18.169
6103,9,7,22.6,13.228,1.132,14.36,18.519
6104,9,8,22.5,13.198,1.122,14.32,18.477
6105,9,9,22.6,13.475,1.154,14.629,18.865
6106,9,10,22.9,13.665,1.194,14.859,19.131
6107,9,11,23.4,13.384,1.208,14.592,18.738
6108,9,12,24.0,13.537,1.272,14.81,18.952
6109,9,13,24.7,13.398,1.318,14.715,18.757
6110,9,14,25.5,13.535,1.394,14.929,18.949
6111,9,15,26.3,13.242,1.426,14.668,18.539
6112,9,16,27.0,13.335,1.494,14.829,18.669
6113,9,17,27.6,13.105,1.517,14.622,18.347
6114,9,18,28.1,13.07,1.55,14.62,18.298
6115,9,19,28.4,12.886,1.551,14.437,18.041
6116,9,20,28.5,12.977,1.57,14.547,18.167
6117,9,21,28.4,12.73,1.532,14.262,17.821
6118,9,22,28.1,12.806,1.519,14.325,17.928
6119,9,23,27.6,12.677,1.467,14.144,17.748
6120,9,0,27.0,12.687,1.421,14.108,17.761
6121,9,1,26.3,12.726,1.37,14.096,17.817
6122,9,2,25.5,12.675,1.305,13.98,17.744
6123,9,3,24.7,12.834,1.262,14.096,17.968
6124,9,4,24.0,13.048,1.226,14.274,18.267
6125,9,5,23.4,12.911,1.166,14.077,18.076
6126,9,6,22.9,13.208,1.155,14.363,18.491
6127,9,7,22.6,13.342,1.142,14.485,18.679
6128,9,8,22.5,13.206,1.122,14.328,18.488
6129,9,9,22.6,13.223,1.132,14.355,18.512
6130,9,10,22.9,13.461,1.177,14.638,18.846
6131,9,11,23.4,13.416,1.211,14.627,18.782
6132,9,12,24.0,13.67,1.285,14.956,19.139
6133,9,13,24.7,13.474,1.325,14.799,18.863
6134,9,14,25.5,13.351,1.375,14.726,18.691
6135,9,15,26.3,13.254,1.427,14.681,18.555
6136,9,16,27.0,13.396,1.5,14.897,18.755
6137,9,17,27.6,13.135,1.52,14.656,18.39
6138,9,18,28.1,13.095,1.553,14.648,18.333
6139,9,19,28.4,13.085,1.575,14.66,18.319
6140,9,20,28.5,12.846,1.554,14.401,17.985
6141,9,21,28.4,12.809,1.542,14.351,17.932
6142,9,22,28.1,12.749,1.512,14.261,17.849
6143,9,23,27.6,12.78,1.479,14.259,17.892
6144,9,0,27.0,12.757,1.429,14.186,17.86
6145,9,1,26.3,12.69,1.366,14.056,17.765
6146,9,2,25.5,12.757,1.314,14.071,17.86
6147,9,3,24.7,12.776,1.256,14.032,17.886
6148,9,4,24.0,12.747,1.198,13.945,17.845
6149,9,5,23.4,13.015,1.175,14.19,18.221
6150,9,6,22.9,13.28,1.161,14.441,18.592
6151,9,7,22.6,13.104,1.122,14.226,18.346
6152,9,8,22.5,13.21,1.123,14.333,18.494
6153,9,9,22.6,13.282,1.137,14.419,18.594
6154,9,10,22.9,13.503,1.18,14.684,18.905
6155,9,11,23.4,13.515,1.22,14.735,18.921
6156,9,12,24.0,13.468,1.266,14.734,18.855
6157,9,13,24.7,13.378,1.316,14.694,18.73
6158,9,14,25.5,13.44,1.384,14.825,18.816
6159,9,15,26.3,13.212,1.422,14.635,18.497
6160,9,16,27.0,13.302,1.49,14.791,18.622
6161,9,17,27.6,13.28,1.537,14.817,18.592
6162,9,18,28.1,12.966,1.538,14.503,18.152
6163,9,19,28.4,12.836,1.545,14.381,17.97
6164,9,20,28.5,13.052,1.579,14.632,18.273
6165,9,21,28.4,12.752,1.535,14.287,17.853
6166,9,22,28.1,12.864,1.526,14.39,18.01
6167,9,23,27.6,12.696,1.469,14.165,17.775
6168,9,0,27.0,12.682,1.42,14.102,17.755
6169,9,1,26.3,12.755,1.373,14.129,17.858
6170,9,2,25.5,12.662,1.304,13.967,17.727
6171,9,3,24.7,12.826,1.261,14.088,17.957
6172,9,4,24.0,12.856,1.209,14.065,17.999
6173,9,5,23.4,12.857,1.161,14.018,18.0
6174,9,6,22.9,13.125,1.147,14.272,18.375
6175,9,7,22.6,13.166,1.127,14.293,18.433
6176,9,8,22.5,13.272,1.128,14.4,18.58
6177,9,9,22.6,13.248,1.134,14.382,18.547
6178,9,10,22.9,13.59,1.188,14.778,19.026
6179,9,11,23.4,13.558,1.224,14.782,18.981
6180,9,12,24.0,13.58,1.277,14.857,19.012
6181,9,13,24.7,13.44,1.322,14.761,18.816
6182,9,14,25.5,13.258,1.366,14.624,18.561
6183,9,15,26.3,13.564,1.46,15.024,18.989
6184,9,16,27.0,13.281,1.487,14.769,18.594
6185,9,17,27.6,13.118,1.518,14.636,18.365
6186,9,18,28.1,13.133,1.557,14.69,18.386
6187,9,19,28.4,13.106,1.578,14.684,18.348
6188,9,20,28.5,12.892,1.56,14.452,18.049
6189,9,21,28.4,12.941,1.558,14.499,18.117
6190,9,22,28.1,12.859,1.525,14.384,18.003
6191,9,23,27.6,12.604,1.459,14.063,17.645
6192,9,0,27.0,12.631,1.415,14.045,17.683
6193,9,1,26.3,12.807,1.379,14.186,17.93
6194,9,2,25.5,12.48,1.285,13.765,17.471
6195,9,3,24.7,12.798,1.259,14.057,17.918
6196,9,4,24.0,12.751,1.199,13.95,17.852
6197,9,5,23.4,12.942,1.168,14.11,18.118
6198,9,6,22.9,13.061,1.142,14.203,18.285
6199,9,7,22.6,13.157,1.126,14.283,18.419
6200,9,8,22.5,13.232,1.125,14.357,18.525
6201,9,9,22.6,13.259,1.135,14.394,18.562
6202,9,10,22.9,13.66,1.194,14.854,19.124
6203,9,11,23.4,13.657,1.233,14.89,19.12
6204,9,12,24.0,13.367,1.257,14.624,18.714
6205,9,13,24.7,13.628,1.34,14.969,19.08
6206,9,14,25.5,13.391,1.379,14.77,18.748
6207,9,15,26.3,13.382,1.441,14.822,18.734
6208,9,16,27.0,13.281,1.487,14.768,18.593
6209,9,17,27.6,13.127,1.519,14.646,18.377
6210,9,18,28.1,13.189,1.564,14.753,18.465
6211,9,19,28.4,13.002,1.565,14.567,18.203
6212,9,20,28.5,12.847,1.554,14.401,17.986
6213,9,21,28.4,12.683,1.527,14.21,17.756
6214,9,22,28.1,12.661,1.502,14.163,17.726
6215,9,23,27.6,12.547,1.452,14.0,17.566
6216,9,0,27.0,12.699,1.422,14.122,17.779
6217,9,1,26.3,12.592,1.356,13.948,17.629
6218,9,2,25.5,12.724,1.311,14.035,17.814
6219,9,3,24.7,12.95,1.274,14.224,18.13
6220,9,4,24.0,13.014,1.223,14.238,18.22
6221,9,5,23.4,12.986,1.172,14.158,18.18
6222,9,6,22.9,13.082,1.144,14.226,18.315
6223,9,7,22.6,13.381,1.146,14.526,18.733
6224,9,8,22.5,13.339,1.134,14.473,18.675
6225,9,9,22.6,13.336,1.142,14.478,18.67
6226,9,10,22.9,13.288,1.162,14.45,18.604
6227,9,11,23.4,13.51,1.22,14.729,18.913
6228,9,12,24.0,13.567,1.275,14.842,18.993
6229,9,13,24.7,13.407,1.318,14.726,18.77
6230,9,14,25.5,13.46,1.386,14.847,18.844
6231,9,15,26.3,13.332,1.435,14.768,18.665
6232,9,16,27.0,13.269,1.486,14.755,18.576
6233,9,17,27.6,12.944,1.498,14.442,18.121
6234,9,18,28.1,13.069,1.55,14.619,18.296
6235,9,19,28.4,13.086,1.575,14.662,18.321
6236,9,20,28.5,12.831,1.553,14.384,17.964
6237,9,21,28.4,12.818,1.543,14.362,17.946
6238,9,22,28.1,12.675,1.503,14.178,17.745
6239,9,23,27.6,12.748,1.475,14.223,17.847
6240,9,0,27.0,12.677,1.42,14.096,17.747
6241,9,1,26.3,12.618,1.358,13.976,17.665
6242,9,2,25.5,12.884,1.327,14.211,18.038
6243,9,3,24.7,12.906,1.269,14.175,18.069
6244,9,4,24.0,12.834,1.206,14.04,17.968
6245,9,5,23.4,13.039,1.177,14.216,18.255
6246,9,6,22.9,13.145,1.149,14.294,18.403
6247,9,7,22.6,13.257,1.135,14.392,18.559
6248,9,8,22.5,13.118,1.115,14.233,18.365
6249,9,9,22.6,13.469,1.153,14.622,18.857
6250,9,10,22.9,13.374,1.169,14.543,18.724
6251,9,11,23.4,13.434,1.213,14.647,18.808
6252,9,12,24.0,13.747,1.292,15.04,19.246
6253,9,13,24.7,13.5,1.328,14.828,18.901
6254,9,14,25.5,13.392,1.379,14.772,18.749
6255,9,15,26.3,13.148,1.416,14.564,18.407
6256,9,16,27.0,13.426,1.504,14.93,18.797
6257,9,17,27.6,13.058,1.511,14.569,18.281
6258,9,18,28.1,12.991,1.541,14.531,18.187
6259,9,19,28.4,12.956,1.56,14.516,18.139
6260,9,20,28.5,13.036,1.577,14.614,18.251
6261,9,21,28.4,12.891,1.552,14.442,18.047
6262,9,22,28.1,12.735,1.51,14.245,17.829
6263,9,23,27.6,12.742,1.475,14.217,17.839
6264,9,0,27.0,12.638,1.415,14.054,17.693
6265,9,1,26.3,12.726,1.37,14.096,17.816
6266,9,2,25.5,12.758,1.314,14.072,17.861
6267,9,3,24.7,12.91,1.27,14.18,18.074
6268,9,4,24.0,12.991,1.221,14.212,18.188
6269,9,5,23.4,13.039,1.177,14.216,18.254
6270,9,6,22.9,13.055,1.141,14.196,18.277
6271,9,7,22.6,13.267,1.136,14.403,18.573
6272,9,8,22.5,13.278,1.129,14.407,18.589
6273,9,9,22.6,13.26,1.135,14.396,18.565
6274,9,10,22.9,13.391,1.171,14.561,18.747
6275,9,11,23.4,13.479,1.217,14.695,18.87
6276,9,12,24.0,13.575,1.276,14.851,19.005
6277,9,13,24.7,13.452,1.323,14.775,18.833
6278,9,14,25.5,13.31,1.371,14.681,18.634
6279,9,15,26.3,13.374,1.44,14.814,18.724
6280,9,16,27.0,13.299,1.489,14.788,18.618
6281,9,17,27.6,13.211,1.529,14.74,18.496
6282,9,18,28.1,13.183,1.563,14.746,18.456
6283,9,19,28.4,13.091,1.576,14.667,18.328
6284,9,20,28.5,12.835,1.553,14.388,17.969
6285,9,21,28.4,12.752,1.535,14.287,17.852
6286,9,22,28.1,12.647,1.5,14.147,17.705
6287,9,23,27.6,12.781,1.479,14.261,17.894
6288,9,0,27.0,12.843,1.438,14.281,17.98
6289,9,1,26.3,12.68,1.365,14.045,17.752
6290,9,2,25.5,12.727,1.311,14.037,17.817
6291,9,3,24.7,12.96,1.274,14.234,18.144
6292,9,4,24.0,12.945,1.217,14.162,18.123
6293,9,5,23.4,13.033,1.177,14.209,18.246
6294,9,6,22.9,12.972,1.134,14.106,18.161
6295,9,7,22.6,13.26,1.135,14.396,18.565
6296,9,8,22.5,13.194,1.122,14.316,18.472
6297,9,9,22.6,13.255,1.135,14.39,18.557
6298,9,10,22.9,13.396,1.171,14.567,18.755
6299,9,11,23.4,13.412,1.211,14.622,18.776
6300,9,12,24.0,13.461,1.265,14.727,18.846
6301,9,13,24.7,13.326,1.311,14.637,18.657
6302,9,14,25.5,13.527,1.393,14.92,18.938
6303,9,15,26.3,13.481,1.451,14.933,18.874
6304,9,16,27.0,13.093,1.466,14.559,18.33
6305,9,17,27.6,13.29,1.538,14.828,18.607
6306,9,18,28.1,13.01,1.543,14.553,18.214
6307,9,19,28.4,13.075,1.574,14.649,18.305
6308,9,20,28.5,12.888,1.559,14.447,18.043
6309,9,21,28.4,12.816,1.543,14.359,17.943
6310,9,22,28.1,12.732,1.51,14.242,17.825
6311,9,23,27.6,12.833,1.485,14.318,17.966
6312,9,0,27.0,12.574,1.408,13.983,17.604
6313,9,1,26.3,12.772,1.375,14.147,17.881
6314,9,2,25.5,12.861,1.325,14.186,18.005
6315,9,3,24.7,12.885,1.267,14.152,18.039
6316,9,4,24.0,13.127,1.234,14.361,18.378
6317,9,5,23.4,12.936,1.168,14.104,18.111
6318,9,6,22.9,13.187,1.153,14.339,18.461
6319,9,7,22.6,13.182,1.129,14.31,18.455
6320,9,8,22.5,13.411,1.14,14.551,18.775
6321,9,9,22.6,13.368,1.144,14.512,18.715
6322,9,10,22.9,13.392,1.171,14.563,18.749
6323,9,11,23.4,13.601,1.228,14.829,19.041
6324,9,12,24.0,13.434,1.263,14.697,18.808
6325,9,13,24.7,13.329,1.311,14.64,18.661
6326,9,14,25.5,13.379,1.378,14.757,18.731
6327,9,15,26.3,13.431,1.446,14.876,18.803
6328,9,16,27.0,13.426,1.504,14.93,18.797
6329,9,17,27.6,13.204,1.528,14.732,18.485
6330,9,18,28.1,13.223,1.568,14.791,18.512
6331,9,19,28.4,12.853,1.547,14.401,17.995
6332,9,20,28.5,12.85,1.555,14.405,17.99
6333,9,21,28.4,12.784,1.539,14.323,17.898
6334,9,22,28.1,12.739,1.511,14.25,17.835
6335,9,23,27.6,12.72,1.472,14.192,17.808
6336,9,0,27.0,12.767,1.43,14.197,17.874
6337,9,1,26.3,12.667,1.364,14.031,17.734
6338,9,2,25.5,12.765,1.315,14.079,17.871
6339,9,3,24.7,12.809,1.26,14.068,17.932
6340,9,4,24.0,12.802,1.203,14.005,17.923
6341,9,5,23.4,12.978,1.172,14.149,18.169
6342,9,6,22.9,13.077,1.143,14.22,18.307
6343,9,7,22.6,13.176,1.128,14.304,18.446
6344,9,8,22.5,13.29,1.13,14.42,18.607
6345,9,9,22.6,13.376,1.145,14.521,18.727
6346,9,10,22.9,13.388,1.17,14.558,18.743
6347,9,11,23.4,13.598,1.227,14.825,19.037
6348,9,12,24.0,13.367,1.256,14.623,18.713
6349,9,13,24.7,13.398,1.318,14.716,18.757
6350,9,14,25.5,13.709,1.412,15.121,19.193
6351,9,15,26.3,13.265,1.428,14.693,18.571
6352,9,16,27.0,13.152,1.473,14.625,18.413
6353,9,17,27.6,13.266,1.535,14.801,18.572
6354,9,18,28.1,12.883,1.528,14.411,18.036
6355,9,19,28.4,12.966,1.561,14.527,18.152
6356,9,20,28.5,13.109,1.586,14.695,18.353
6357,9,21,28.4,12.659,1.524,14.183,17.722
6358,9,22,28.1,12.553,1.489,14.041,17.574
6359,9,23,27.6,12.562,1.454,14.015,17.586
6360,9,0,27.0,12.788,1.432,14.22,17.903
6361,9,1,26.3,12.824,1.381,14.205,17.954
6362,9,2,25.5,12.7,1.308,14.008,17.779
6363,9,3,24.7,12.882,1.267,14.148,18.034
6364,9,4,24.0,13.034,1.225,14.259,18.247
6365,9,5,23.4,13.168,1.189,14.357,18.435
6366,9,6,22.9,13.066,1.142,14.208,18.293
6367,9,7,22.6,12.962,1.11,14.072,18.147
6368,9,8,22.5,13.205,1.122,14.328,18.487
6369,9,9,22.6,13.326,1.141,14.467,18.656
6370,9,10,22.9,13.405,1.172,14.577,18.767
6371,9,11,23.4,13.451,1.214,14.666,18.832
6372,9,12,24.0,13.596,1.278,14.874,19.034
6373,9,13,24.7,13.598,1.337,14.935,19.037
6374,9,14,25.5,13.414,1.382,14.795,18.779
6375,9,15,26.3,13.478,1.451,14.93,18.87
6376,9,16,27.0,13.323,1.492,14.815,18.652
6377,9,17,27.6,13.199,1.527,14.726,18.479
6378,9,18,28.1,13.182,1.563,14.745,18.454
6379,9,19,28.4,12.996,1.565,14.561,18.195
6380,9,20,28.5,13.1,1.585,14.685,18.34
6381,9,21,28.4,12.669,1.525,14.195,17.737
6382,9,22,28.1,12.699,1.506,14.205,17.779
6383,9,23,27.6,12.699,1.47,14.169,17.778
6384,9,0,27.0,12.742,1.427,14.169,17.839
6385,9,1,26.3,12.838,1.382,14.221,17.974
6386,9,2,25.5,12.748,1.313,14.061,17.848
6387,9,3,24.7,12.671,1.246,13.917,17.739
6388,9,4,24.0,12.979,1.22,14.199,18.17
6389,9,5,23.4,13.065,1.179,14.244,18.291
6390,9,6,22.9,12.897,1.127,14.024,18.055
6391,9,7,22.6,13.192,1.129,14.322,18.469
6392,9,8,22.5,13.128,1.116,14.244,18.38
6393,9,9,22.6,13.302,1.139,14.441,18.623
6394,9,10,22.9,13.341,1.166,14.507,18.677
6395,9,11,23.4,13.551,1.223,14.774,18.972
6396,9,12,24.0,13.495,1.269,14.764,18.893
6397,9,13,24.7,13.342,1.312,14.654,18.678
6398,9,14,25.5,13.519,1.392,14.911,18.927
6399,9,15,26.3,13.225,1.424,14.649,18.515
6400,9,16,27.0,13.32,1.492,14.812,18.648
6401,9,17,27.6,13.111,1.517,14.628,18.356
6402,9,18,28.1,13.054,1.548,14.602,18.276
6403,9,19,28.4,13.04,1.57,14.609,18.256
6404,9,20,28.5,12.947,1.567,14.513,18.125
6405,9,21,28.4,12.947,1.559,14.506,18.126
6406,9,22,28.1,12.743,1.511,14.254,17.84
6407,9,23,27.6,12.742,1.475,14.217,17.839
6408,9,0,27.0,12.654,1.417,14.072,17.716
6409,9,1,26.3,12.73,1.37,14.1,17.822
6410,9,2,25.5,12.795,1.318,14.113,17.913
6411,9,3,24.7,12.803,1.259,14.062,17.925
6412,9,4,24.0,12.714,1.195,13.909,17.8
6413,9,5,23.4,13.022,1.176,14.198,18.231
6414,9,6,22.9,13.127,1.147,14.275,18.378
6415,9,7,22.6,13.125,1.124,14.248,18.374
6416,9,8,22.5,13.159,1.119,14.277,18.422
6417,9,9,22.6,13.516,1.157,14.673,18.923
6418,9,10,22.9,13.48,1.178,14.658,18.872
6419,9,11,23.4,13.447,1.214,14.661,18.826
6420,9,12,24.0,13.37,1.257,14.627,18.718
6421,9,13,24.7,13.388,1.317,14.705,18.743
6422,9,14,25.5,13.561,1.397,14.958,18.986
6423,9,15,26.3,13.382,1.441,14.823,18.735
6424,9,16,27.0,13.232,1.482,14.714,18.525
6425,9,17,27.6,13.244,1.533,14.776,18.541
6426,9,18,28.1,13.009,1.543,14.552,18.213
6427,9,19,28.4,13.139,1.582,14.721,18.395
6428,9,20,28.5,13.03,1.577,14.606,18.242
6429,9,21,28.4,12.767,1.537,14.303,17.873
6430,9,22,28.1,12.688,1.505,14.193,17.763
6431,9,23,27.6,12.45,1.441,13.891,17.43
6432,9,0,27.0,12.55,1.406,13.956,17.57
6433,9,1,26.3,12.578,1.354,13.932,17.609
6434,9,2,25.5,12.764,1.315,14.079,17.87
6435,9,3,24.7,12.781,1.257,14.037,17.893
6436,9,4,24.0,12.76,1.199,13.959,17.864
6437,9,5,23.4,12.961,1.17,14.131,18.146
6438,9,6,22.9,13.141,1.149,14.29,18.398
6439,9,7,22.6,13.245,1.134,14.379,18.543
6440,9,8,22.5,13.097,1.113,14.211,18.336
6441,9,9,22.6,13.356,1.143,14.499,18.698
6442,9,10,22.9,13.293,1.162,14.455,18.61
6443,9,11,23.4,13.56,1.224,14.785,18.985
6444,9,12,24.0,13.562,1.275,14.837,18.987
6445,9,13,24.7,13.38,1.316,14.696,18.733
6446,9,14,25.5,13.354,1.376,14.73,18.696
6447,9,15,26.3,13.322,1.434,14.757,18.651
6448,9,16,27.0,13.062,1.463,14.525,18.287
6449,9,17,27.6,13.226,1.531,14.757,18.517
6450,9,18,28.1,13.064,1.549,14.613,18.289
6451,9,19,28.4,13.086,1.575,14.662,18.321
6452,9,20,28.5,12.785,1.547,14.332,17.899
6453,9,21,28.4,12.751,1.535,14.286,17.852
6454,9,22,28.1,12.6,1.494,14.094,17.64
6455,9,23,27.6,12.611,1.459,14.071,17.656
6456,9,0,27.0,12.58,1.409,13.989,17.612
6457,9,1,26.3,12.811,1.379,14.19,17.936
6458,9,2,25.5,12.681,1.306,13.987,17.753
6459,9,3,24.7,12.826,1.261,14.087,17.956
6460,9,4,24.0,12.856,1.209,14.065,17.999
6461,9,5,23.4,12.862,1.161,14.023,18.007
6462,9,6,22.9,13.074,1.143,14.217,18.304
6463,9,7,22.6,13.252,1.135,14.387,18.553
6464,9,8,22.5,13.166,1.119,14.286,18.433
6465,9,9,22.6,13.45,1.151,14.601,18.829
6466,9,10,22.9,13.346,1.167,14.513,18.684
6467,9,11,23.4,13.422,1.212,14.634,18.791
6468,9,12,24.0,13.537,1.272,14.809,18.951
6469,9,13,24.7,13.404,1.318,14.722,18.765
6470,9,14,25.5,13.435,1.384,14.819,18.809
6471,9,15,26.3,13.337,1.436,14.773,18.672
6472,9,16,27.0,13.3,1.49,14.79,18.62
6473,9,17,27.6,12.954,1.499,14.454,18.136
6474,9,18,28.1,12.908,1.531,14.439,18.071
6475,9,19,28.4,13.051,1.571,14.622,18.271
6476,9,20,28.5,12.998,1.573,14.571,18.198
6477,9,21,28.4,12.722,1.532,14.254,17.811
6478,9,22,28.1,12.726,1.509,14.236,17.817
6479,9,23,27.6,12.741,1.474,14.216,17.837
6480,10,0,28.0,12.9,1.522,14.422,18.06
6481,10,1,27.3,12.641,1.437,14.078,17.698
6482,10,2,26.5,12.795,1.395,14.19,17.913
6483,10,3,25.7,12.913,1.347,14.261,18.079
6484,10,4,25.0,13.099,1.31,14.409,18.339
6485,10,5,24.4,13.374,1.288,14.662,18.724
6486,10,6,23.9,13.204,1.233,14.438,18.486
6487,10,7,23.6,13.189,1.208,14.398,18.465
6488,10,8,23.5,13.466,1.225,14.691,18.852
6489,10,9,23.6,13.64,1.25,14.89,19.096
6490,10,10,23.9,13.582,1.269,14.85,19.014
6491,10,11,24.4,13.52,1.302,14.821,18.928
6492,10,12,25.0,13.72,1.372,15.092,19.208
6493,10,13,25.7,13.677,1.427,15.104,19.148
6494,10,14,26.5,13.468,1.468,14.936,18.856
6495,10,15,27.3,13.546,1.54,15.086,18.964
6496,10,16,28.0,13.525,1.596,15.121,18.936
6497,10,17,28.6,13.448,1.637,15.085,18.827
6498,10,18,29.1,13.221,1.647,14.868,18.509
6499,10,19,29.4,13.089,1.654,14.743,18.324
6500,10,20,29.5,13.152,1.67,14.822,18.412
6501,10,21,29.4,12.826,1.621,14.447,17.956
6502,10,22,29.1,12.927,1.611,14.538,18.098
6503,10,23,28.6,12.707,1.547,14.254,17.79
6504,10,0,28.0,12.937,1.527,14.464,18.112
6505,10,1,27.3,12.818,1.457,14.275,17.945
6506,10,2,26.5,13.01,1.418,14.429,18.215
6507,10,3,25.7,12.996,1.356,14.352,18.194
6508,10,4,25.0,12.907,1.291,14.197,18.069
6509,10,5,24.4,13.267,1.277,14.544,18.574
6510,10,6,23.9,13.382,1.25,14.632,18.735
6511,10,7,23.6,13.418,1.229,14.647,18.785
6512,10,8,23.5,13.35,1.215,14.564,18.689
6513,10,9,23.6,13.477,1.235,14.712,18.868
6514,10,10,23.9,13.585,1.269,14.855,19.02
6515,10,11,24.4,13.54,1.304,14.844,18.956
6516,10,12,25.0,13.793,1.379,15.173,19.311
6517,10,13,25.7,13.625,1.422,15.047,19.075
6518,10,14,26.5,13.301,1.45,14.75,18.621
6519,10,15,27.3,13.542,1.539,15.081,18.959
6520,10,16,28.0,13.391,1.58,14.971,18.747
6521,10,17,28.6,13.322,1.622,14.944,18.651
6522,10,18,29.1,13.19,1.643,14.834,18.467
6523,10,19,29.4,13.205,1.669,14.874,18.487
6524,10,20,29.5,13.141,1.669,14.81,18.397
6525,10,21,29.4,12.975,1.64,14.615,18.165
6526,10,22,29.1,12.85,1.601,14.451,17.99
6527,10,23,28.6,12.84,1.563,14.403,17.976
6528,10,0,28.0,12.832,1.514,14.347,17.965
6529,10,1,27.3,12.764,1.451,14.214,17.869
6530,10,2,26.5,12.942,1.411,14.352,18.118
6531,10,3,25.7,12.993,1.356,14.348,18.19
6532,10,4,25.0,13.183,1.318,14.501,18.456
6533,10,5,24.4,13.25,1.276,14.526,18.55
6534,10,6,23.9,13.159,1.229,14.388,18.422
6535,10,7,23.6,13.412,1.229,14.641,18.777
6536,10,8,23.5,13.331,1.213,14.544,18.663
6537,10,9,23.6,13.577,1.244,14.821,19.008
6538,10,10,23.9,13.519,1.263,14.782,18.927
6539,10,11,24.4,13.508,1.3,14.809,18.912
6540,10,12,25.0,13.652,1.365,15.017,19.113
6541,10,13,25.7,13.343,1.392,14.735,18.68
6542,10,14,26.5,13.396,1.46,14.856,18.754
6543,10,15,27.3,13.49,1.533,15.023,18.886
6544,10,16,28.0,13.434,1.585,15.019,18.807
6545,10,17,28.6,13.293,1.618,14.911,18.61
6546,10,18,29.1,13.069,1.628,14.698,18.297
6547,10,19,29.4,13.043,1.648,14.691,18.26
6548,10,20,29.5,13.068,1.66,14.728,18.295
6549,10,21,29.4,13.005,1.644,14.648,18.207
6550,10,22,29.1,12.882,1.605,14.487,18.035
6551,10,23,28.6,12.96,1.578,14.537,18.144
6552,10,0,28.0,12.87,1.519,14.389,18.018
6553,10,1,27.3,12.769,1.451,14.221,17.877
6554,10,2,26.5,12.856,1.401,14.257,17.998
6555,10,3,25.7,12.806,1.336,14.143,17.929
6556,10,4,25.0,13.018,1.302,14.32,18.225
6557,10,5,24.4,13.236,1.274,14.51,18.53
6558,10,6,23.9,13.296,1.242,14.538,18.614
6559,10,7,23.6,13.47,1.234,14.704,18.858
6560,10,8,23.5,13.395,1.219,14.614,18.754
6561,10,9,23.6,13.642,1.25,14.892,19.099
6562,10,10,23.9,13.552,1.266,14.817,18.972
6563,10,11,24.4,13.758,1.324,15.082,19.261
6564,10,12,25.0,13.622,1.362,14.984,19.071
6565,10,13,25.7,13.681,1.428,15.109,19.154
6566,10,14,26.5,13.718,1.495,15.214,19.206
6567,10,15,27.3,13.489,1.533,15.022,18.884
6568,10,16,28.0,13.448,1.587,15.034,18.827
6569,10,17,28.6,13.459,1.638,15.097,18.842
6570,10,18,29.1,13.214,1.646,14.86,18.5
6571,10,19,29.4,12.992,1.642,14.635,18.189
6572,10,20,29.5,13.243,1.682,14.925,18.54
6573,10,21,29.4,12.9,1.63,14.53,18.06
6574,10,22,29.1,12.899,1.607,14.507,18.059
6575,10,23,28.6,12.96,1.578,14.537,18.143
6576,10,0,28.0,12.77,1.507,14.276,17.877
6577,10,1,27.3,12.743,1.448,14.192,17.84
6578,10,2,26.5,12.909,1.407,14.316,18.073
6579,10,3,25.7,12.767,1.332,14.1,17.874
6580,10,4,25.0,13.0,1.3,14.3,18.2
6581,10,5,24.4,13.149,1.266,14.415,18.409
6582,10,6,23.9,13.2,1.233,14.433,18.48
6583,10,7,23.6,13.176,1.207,14.383,18.446
6584,10,8,23.5,13.585,1.236,14.821,19.019
6585,10,9,23.6,13.518,1.238,14.757,18.926
6586,10,10,23.9,13.714,1.281,14.995,19.2
6587,10,11,24.4,13.585,1.308,14.892,19.018
6588,10,12,25.0,13.536,1.354,14.89,18.951
6589,10,13,25.7,13.637,1.423,15.06,19.092
6590,10,14,26.5,13.549,1.477,15.026,18.969
6591,10,15,27.3,13.39,1.522,14.912,18.746
6592,10,16,28.0,13.573,1.602,15.174,19.002
6593,10,17,28.6,13.268,1.615,14.883,18.575
6594,10,18,29.1,13.043,1.625,14.668,18.261
6595,10,19,29.4,13.257,1.676,14.933,18.56
6596,10,20,29.5,12.978,1.648,14.627,18.17
6597,10,21,29.4,12.886,1.629,14.515,18.04
6598,10,22,29.1,12.707,1.583,14.29,17.79
6599,10,23,28.6,13.018,1.585,14.603,18.225
6600,10,0,28.0,12.702,1.499,14.2,17.782
6601,10,1,27.3,12.85,1.46,14.31,17.99
6602,10,2,26.5,12.975,1.414,14.389,18.165
6603,10,3,25.7,12.989,1.355,14.344,18.184
6604,10,4,25.0,13.023,1.302,14.325,18.232
6605,10,5,24.4,12.954,1.247,14.202,18.136
6606,10,6,23.9,13.146,1.228,14.374,18.405
6607,10,7,23.6,13.349,1.223,14.572,18.688
6608,10,8,23.5,13.347,1.215,14.562,18.686
6609,10,9,23.6,13.528,1.239,14.768,18.939
6610,10,10,23.9,13.639,1.274,14.913,19.095
6611,10,11,24.4,13.707,1.32,15.026,19.19
6612,10,12,25.0,13.501,1.35,14.852,18.902
6613,10,13,25.7,13.83,1.443,15.273,19.362
6614,10,14,26.5,13.648,1.488,15.135,19.107
6615,10,15,27.3,13.508,1.535,15.043,18.911
6616,10,16,28.0,13.535,1.597,15.132,18.948
6617,10,17,28.6,13.567,1.651,15.218,18.993
6618,10,18,29.1,13.083,1.63,14.713,18.317
6619,10,19,29.4,13.102,1.656,14.758,18.343
6620,10,20,29.5,12.791,1.624,14.415,17.907
6621,10,21,29.4,12.966,1.639,14.605,18.152
6622,10,22,29.1,12.92,1.61,14.53,18.088
6623,10,23,28.6,12.84,1.563,14.403,17.976
6624,10,0,28.0,12.765,1.506,14.271,17.871
6625,10,1,27.3,12.639,1.437,14.076,17.695
6626,10,2,26.5,12.921,1.408,14.329,18.089
6627,10,3,25.7,13.092,1.366,14.458,18.329
6628,10,4,25.0,12.97,1.297,14.267,18.158
6629,10,5,24.4,13.169,1.268,14.436,18.436
6630,10,6,23.9,13.07,1.221,14.291,18.299
6631,10,7,23.6,13.376,1.225,14.601,18.726
6632,10,8,23.5,13.386,1.218,14.605,18.741
6633,10,9,23.6,13.432,1.231,14.662,18.804
6634,10,10,23.9,13.495,1.261,14.755,18.893
6635,10,11,24.4,13.571,1.307,14.878,19.0
6636,10,12,25.0,13.662,1.366,15.029,19.127
6637,10,13,25.7,13.479,1.406,14.886,18.871
6638,10,14,26.5,13.531,1.475,15.006,18.944
6639,10,15,27.3,13.504,1.535,15.039,18.905
6640,10,16,28.0,13.316,1.571,14.887,18.642
6641,10,17,28.6,13.51,1.645,15.154,18.914
6642,10,18,29.1,13.142,1.637,14.779,18.399
6643,10,19,29.4,13.058,1.65,14.708,18.281
6644,10,20,29.5,12.931,1.642,14.573,18.103
6645,10,21,29.4,13.127,1.659,14.786,18.377
6646,10,22,29.1,12.939,1.612,14.551,18.114
6647,10,23,28.6,12.75,1.552,14.302,17.85
6648,10,0,28.0,12.941,1.527,14.468,18.118
6649,10,1,27.3,12.864,1.462,14.326,18.01
6650,10,2,26.5,12.909,1.407,14.316,18.073
6651,10,3,25.7,12.912,1.347,14.26,18.077
6652,10,4,25.0,12.954,1.295,14.249,18.135
6653,10,5,24.4,13.158,1.267,14.425,18.422
6654,10,6,23.9,13.173,1.23,14.403,18.442
6655,10,7,23.6,13.512,1.238,14.749,18.916
6656,10,8,23.5,13.299,1.21,14.509,18.618
6657,10,9,23.6,13.661,1.252,14.913,19.126
6658,10,10,23.9,13.56,1.267,14.826,18.984
6659,10,11,24.4,13.64,1.313,14.954,19.097
6660,10,12,25.0,13.707,1.371,15.078,19.19
6661,10,13,25.7,13.548,1.414,14.961,18.967
6662,10,14,26.5,13.657,1.489,15.146,19.12
6663,10,15,27.3,13.237,1.505,14.742,18.532
6664,10,16,28.0,13.354,1.576,14.929,18.695
6665,10,17,28.6,13.238,1.611,14.849,18.533
6666,10,18,29.1,13.102,1.632,14.734,18.343
6667,10,19,29.4,13.103,1.656,14.759,18.344
6668,10,20,29.5,13.067,1.66,14.727,18.294
6669,10,21,29.4,13.017,1.645,14.662,18.224
6670,10,22,29.1,12.908,1.608,14.516,18.071
6671,10,23,28.6,12.777,1.555,14.333,17.888
6672,10,0,28.0,12.867,1.518,14.386,18.014
6673,10,1,27.3,12.856,1.461,14.318,17.999
6674,10,2,26.5,12.977,1.415,14.392,18.168
6675,10,3,25.7,13.024,1.359,14.383,18.234
6676,10,4,25.0,13.032,1.303,14.335,18.245
6677,10,5,24.4,13.035,1.255,14.29,18.249
6678,10,6,23.9,13.162,1.229,14.391,18.427
6679,10,7,23.6,13.275,1.216,14.491,18.585
6680,10,8,23.5,13.394,1.219,14.613,18.752
6681,10,9,23.6,13.535,1.24,14.775,18.949
6682,10,10,23.9,13.642,1.274,14.917,19.099
6683,10,11,24.4,13.605,1.31,14.915,19.048
6684,10,12,25.0,13.626,1.363,14.988,19.076
6685,10,13,25.7,13.625,1.422,15.047,19.075
6686,10,14,26.5,13.519,1.474,14.993,18.927
6687,10,15,27.3,13.415,1.525,14.94,18.781
6688,10,16,28.0,13.25,1.564,14.814,18.55
6689,10,17,28.6,13.26,1.614,14.875,18.565
6690,10,18,29.1,13.275,1.654,14.928,18.584
6691,10,19,29.4,13.054,1.65,14.704,18.276
6692,10,20,29.5,13.005,1.652,14.657,18.207
6693,10,21,29.4,12.993,1.642,14.636,18.191
6694,10,22,29.1,12.936,1.612,14.547,18.11
6695,10,23,28.6,12.736,1.55,14.286,17.83
6696,10,0,28.0,12.93,1.526,14.456,18.102
6697,10,1,27.3,12.957,1.473,14.429,18.139
6698,10,2,26.5,12.771,1.392,14.163,17.879
6699,10,3,25.7,12.864,1.342,14.207,18.01
6700,10,4,25.0,13.148,1.315,14.463,18.407
6701,10,5,24.4,13.11,1.262,14.372,18.354
6702,10,6,23.9,13.005,1.215,14.22,18.207
6703,10,7,23.6,13.19,1.208,14.398,18.466
6704,10,8,23.5,13.401,1.219,14.62,18.761
6705,10,9,23.6,13.392,1.227,14.618,18.748
6706,10,10,23.9,13.53,1.264,14.793,18.941
6707,10,11,24.4,13.614,1.311,14.924,19.059
6708,10,12,25.0,13.77,1.377,15.147,19.278
6709,10,13,25.7,13.582,1.417,14.999,19.014
6710,10,14,26.5,13.678,1.491,15.169,19.149
6711,10,15,27.3,13.651,1.552,15.202,19.111
6712,10,16,28.0,13.569,1.601,15.17,18.997
6713,10,17,28.6,13.358,1.626,14.985,18.702
6714,10,18,29.1,13.031,1.624,14.654,18.243
6715,10,19,29.4,13.171,1.665,14.835,18.439
6716,10,20,29.5,13.134,1.668,14.802,18.387
6717,10,21,29.4,12.939,1.635,14.574,18.114
6718,10,22,29.1,13.058,1.627,14.685,18.281
6719,10,23,28.6,12.93,1.574,14.504,18.102
6720,10,0,28.0,12.887,1.521,14.408,18.042
6721,10,1,27.3,12.953,1.472,14.425,18.134
6722,10,2,26.5,12.917,1.408,14.325,18.084
6723,10,3,25.7,12.697,1.325,14.022,17.776
6724,10,4,25.0,12.979,1.298,14.277,18.171
6725,10,5,24.4,13.244,1.275,14.519,18.542
6726,10,6,23.9,13.147,1.228,14.375,18.405
6727,10,7,23.6,13.308,1.219,14.527,18.631
6728,10,8,23.5,13.321,1.212,14.533,18.65
6729,10,9,23.6,13.686,1.254,14.94,19.161
6730,10,10,23.9,13.739,1.283,15.022,19.235
6731,10,11,24.4,13.522,1.302,14.824,18.931
6732,10,12,25.0,13.639,1.364,15.003,19.094
6733,10,13,25.7,13.543,1.413,14.956,18.96
6734,10,14,26.5,13.632,1.486,15.118,19.085
6735,10,15,27.3,13.559,1.541,15.1,18.982
6736,10,16,28.0,13.507,1.594,15.101,18.91
6737,10,17,28.6,13.363,1.627,14.99,18.708
6738,10,18,29.1,13.521,1.685,15.205,18.929
6739,10,19,29.4,13.022,1.646,14.668,18.23
6740,10,20,29.5,12.858,1.633,14.491,18.001
6741,10,21,29.4,12.907,1.631,14.539,18.07
6742,10,22,29.1,12.727,1.586,14.312,17.818
6743,10,23,28.6,12.695,1.545,14.24,17.773
6744,10,0,28.0,12.73,1.502,14.233,17.822
6745,10,1,27.3,12.752,1.449,14.201,17.852
6746,10,2,26.5,12.788,1.394,14.182,17.903
6747,10,3,25.7,12.999,1.356,14.355,18.198
6748,10,4,25.0,12.978,1.298,14.276,18.17
6749,10,5,24.4,13.107,1.262,14.368,18.349
6750,10,6,23.9,13.317,1.244,14.561,18.643
6751,10,7,23.6,13.253,1.214,14.468,18.555
6752,10,8,23.5,13.399,1.219,14.619,18.759
6753,10,9,23.6,13.544,1.241,14.785,18.962
6754,10,10,23.9,13.377,1.25,14.626,18.727
6755,10,11,24.4,13.372,1.287,14.659,18.721
6756,10,12,25.0,13.659,1.366,15.025,19.122
6757,10,13,25.7,13.66,1.425,15.085,19.124
6758,10,14,26.5,13.777,1.502,15.279,19.288
6759,10,15,27.3,13.524,1.537,15.061,18.933
6760,10,16,28.0,13.508,1.594,15.102,18.911
6761,10,17,28.6,13.31,1.62,14.931,18.635
6762,10,18,29.1,13.257,1.652,14.909,18.56
6763,10,19,29.4,13.291,1.68,14.971,18.608
6764,10,20,29.5,12.816,1.628,14.444,17.943
6765,10,21,29.4,12.988,1.642,14.63,18.183
6766,10,22,29.1,13.097,1.632,14.729,18.336
6767,10,23,28.6,12.872,1.567,14.439,18.021
6768,10,0,28.0,12.996,1.533,14.529,18.194
6769,10,1,27.3,12.781,1.453,14.234,17.893
6770,10,2,26.5,12.88,1.404,14.284,18.033
6771,10,3,25.7,12.95,1.351,14.301,18.13
6772,10,4,25.0,12.807,1.281,14.088,17.93
6773,10,5,24.4,13.008,1.252,14.26,18.211
6774,10,6,23.9,13.118,1.225,14.343,18.365
6775,10,7,23.6,13.412,1.229,14.641,18.777
6776,10,8,23.5,13.513,1.23,14.743,18.918
6777,10,9,23.6,13.54,1.24,14.781,18.956
6778,10,10,23.9,13.653,1.275,14.929,19.115
6779,10,11,24.4,13.594,1.309,14.903,19.032
6780,10,12,25.0,13.744,1.374,15.119,19.242
6781,10,13,25.7,13.611,1.42,15.032,19.056
6782,10,14,26.5,13.577,1.48,15.057,19.007
6783,10,15,27.3,13.481,1.532,15.014,18.874
6784,10,16,28.0,13.494,1.592,15.086,18.892
6785,10,17,28.6,13.288,1.618,14.905,18.603
6786,10,18,29.1,13.325,1.66,14.985,18.655
6787,10,19,29.4,13.011,1.644,14.656,18.216
6788,10,20,29.5,12.919,1.641,14.56,18.087
6789,10,21,29.4,13.015,1.645,14.66,18.222
6790,10,22,29.1,12.875,1.604,14.479,18.025
6791,10,23,28.6,12.799,1.558,14.357,17.918
6792,10,0,28.0,12.919,1.524,14.444,18.087
6793,10,1,27.3,12.783,1.453,14.236,17.897
6794,10,2,26.5,12.864,1.402,14.266,18.009
6795,10,3,25.7,13.087,1.365,14.452,18.321
6796,10,4,25.0,13.183,1.318,14.501,18.456
6797,10,5,24.4,13.282,1.279,14.56,18.595
6798,10,6,23.9,13.199,1.233,14.432,18.479
6799,10,7,23.6,13.453,1.232,14.686,18.834
6800,10,8,23.5,13.331,1.213,14.544,18.663
6801,10,9,23.6,13.417,1.229,14.646,18.784
6802,10,10,23.9,13.336,1.246,14.582,18.67
6803,10,11,24.4,13.778,1.326,15.104,19.289
6804,10,12,25.0,13.538,1.354,14.891,18.953
6805,10,13,25.7,13.598,1.419,15.017,19.037
6806,10,14,26.5,13.48,1.469,14.949,18.872
6807,10,15,27.3,13.577,1.543,15.121,19.008
6808,10,16,28.0,13.388,1.58,14.968,18.743
6809,10,17,28.6,13.199,1.607,14.806,18.479
6810,10,18,29.1,13.271,1.653,14.925,18.58
6811,10,19,29.4,12.981,1.641,14.622,18.174
6812,10,20,29.5,12.945,1.644,14.589,18.123
6813,10,21,29.4,12.736,1.61,14.346,17.83
6814,10,22,29.1,12.741,1.587,14.329,17.838
6815,10,23,28.6,12.862,1.566,14.427,18.007
6816,10,0,28.0,12.634,1.491,14.125,17.688
6817,10,1,27.3,12.696,1.443,14.139,17.774
6818,10,2,26.5,12.883,1.404,14.288,18.037
6819,10,3,25.7,12.892,1.345,14.238,18.049
6820,10,4,25.0,13.228,1.323,14.551,18.519
6821,10,5,24.4,13.308,1.281,14.589,18.631
6822,10,6,23.9,13.14,1.227,14.368,18.397
6823,10,7,23.6,13.386,1.226,14.612,18.74
6824,10,8,23.5,13.501,1.229,14.729,18.901
6825,10,9,23.6,13.448,1.232,14.68,18.827
6826,10,10,23.9,13.421,1.254,14.675,18.79
6827,10,11,24.4,13.609,1.31,14.92,19.053
6828,10,12,25.0,13.607,1.361,14.967,19.05
6829,10,13,25.7,13.567,1.416,14.983,18.994
6830,10,14,26.5,13.615,1.484,15.099,19.061
6831,10,15,27.3,13.433,1.527,14.96,18.806
6832,10,16,28.0,13.31,1.571,14.881,18.635
6833,10,17,28.6,13.341,1.624,14.965,18.677
6834,10,18,29.1,13.266,1.653,14.919,18.572
6835,10,19,29.4,13.007,1.644,14.651,18.21
6836,10,20,29.5,13.122,1.666,14.788,18.37
6837,10,21,29.4,12.77,1.614,14.384,17.877
6838,10,22,29.1,12.826,1.598,14.424,17.956
6839,10,23,28.6,12.818,1.56,14.379,17.945
6840,10,0,28.0,12.767,1.506,14.273,17.874
6841,10,1,27.3,12.787,1.453,14.241,17.902
6842,10,2,26.5,13.071,1.425,14.495,18.299
6843,10,3,25.7,12.862,1.342,14.204,18.006
6844,10,4,25.0,13.273,1.327,14.6,18.582
6845,10,5,24.4,13.168,1.268,14.436,18.436
6846,10,6,23.9,13.236,1.236,14.473,18.531
6847,10,7,23.6,13.378,1.226,14.603,18.729
6848,10,8,23.5,13.679,1.245,14.923,19.15
6849,10,9,23.6,13.409,1.228,14.637,18.772
6850,10,10,23.9,13.459,1.257,14.716,18.842
6851,10,11,24.4,13.535,1.303,14.838,18.949
6852,10,12,25.0,13.627,1.363,14.99,19.078
6853,10,13,25.7,13.438,1.402,14.84,18.813
6854,10,14,26.5,13.573,1.479,15.053,19.002
6855,10,15,27.3,13.677,1.555,15.232,19.148
6856,10,16,28.0,13.441,1.586,15.027,18.817
6857,10,17,28.6,13.301,1.619,14.92,18.621
6858,10,18,29.1,13.165,1.64,14.806,18.432
6859,10,19,29.4,13.214,1.67,14.885,18.5
6860,10,20,29.5,12.946,1.644,14.59,18.125
6861,10,21,29.4,13.131,1.66,14.791,18.384
6862,10,22,29.1,13.077,1.629,14.706,18.308
6863,10,23,28.6,12.87,1.567,14.436,18.018
6864,10,0,28.0,12.829,1.514,14.343,17.961
6865,10,1,27.3,12.947,1.472,14.419,18.126
6866,10,2,26.5,12.993,1.416,14.409,18.19
6867,10,3,25.7,12.866,1.342,14.209,18.013
6868,10,4,25.0,12.976,1.298,14.274,18.167
6869,10,5,24.4,12.992,1.251,14.243,18.189
6870,10,6,23.9,13.268,1.239,14.508,18.575
6871,10,7,23.6,13.397,1.227,14.624,18.755
6872,10,8,23.5,13.291,1.209,14.5,18.607
6873,10,9,23.6,13.462,1.233,14.696,18.847
6874,10,10,23.9,13.436,1.255,14.691,18.811
6875,10,11,24.4,13.521,1.302,14.822,18.929
6876,10,12,25.0,13.679,1.368,15.047,19.151
6877,10,13,25.7,13.537,1.412,14.95,18.952
6878,10,14,26.5,13.541,1.476,15.017,18.957
6879,10,15,27.3,13.345,1.517,14.862,18.683
6880,10,16,28.0,13.444,1.586,15.031,18.822
6881,10,17,28.6,13.326,1.622,14.948,18.656
6882,10,18,29.1,13.154,1.639,14.793,18.416
6883,10,19,29.4,13.106,1.656,14.762,18.348
6884,10,20,29.5,13.047,1.657,14.704,18.266
6885,10,21,29.4,12.865,1.626,14.491,18.011
6886,10,22,29.1,12.736,1.587,14.323,17.83
6887,10,23,28.6,13.025,1.585,14.61,18.234
6888,10,0,28.0,12.767,1.507,14.274,17.874
6889,10,1,27.3,12.834,1.459,14.293,17.968
6890,10,2,26.5,12.985,1.415,14.4,18.179
6891,10,3,25.7,13.3,1.388,14.687,18.619
6892,10,4,25.0,12.904,1.29,14.195,18.066
6893,10,5,24.4,13.17,1.268,14.437,18.437
6894,10,6,23.9,13.157,1.229,14.385,18.419
6895,10,7,23.6,13.276,1.216,14.492,18.587
6896,10,8,23.5,13.354,1.215,14.569,18.695
6897,10,9,23.6,13.395,1.227,14.622,18.753
6898,10,10,23.9,13.567,1.267,14.834,18.994
6899,10,11,24.4,13.463,1.296,14.759,18.848
6900,10,12,25.0,13.719,1.372,15.091,19.206
6901,10,13,25.7,13.616,1.421,15.037,19.062
6902,10,14,26.5,13.613,1.484,15.097,19.058
6903,10,15,27.3,13.461,1.53,14.991,18.846
6904,10,16,28.0,13.389,1.58,14.969,18.745
6905,10,17,28.6,13.359,1.626,14.985,18.702
6906,10,18,29.1,13.111,1.633,14.744,18.355
6907,10,19,29.4,13.089,1.654,14.743,18.324
6908,10,20,29.5,12.943,1.644,14.587,18.12
6909,10,21,29.4,12.858,1.625,14.483,18.001
6910,10,22,29.1,12.673,1.579,14.251,17.742
6911,10,23,28.6,12.978,1.58,14.558,18.169
6912,10,0,28.0,12.762,1.506,14.268,17.867
6913,10,1,27.3,12.96,1.473,14.433,18.144
6914,10,2,26.5,12.99,1.416,14.406,18.187
6915,10,3,25.7,12.818,1.337,14.156,17.945
6916,10,4,25.0,12.92,1.292,14.212,18.088
6917,10,5,24.4,13.381,1.288,14.669,18.733
6918,10,6,23.9,13.402,1.252,14.654,18.763
6919,10,7,23.6,13.327,1.221,14.548,18.658
6920,10,8,23.5,13.451,1.224,14.675,18.832
6921,10,9,23.6,13.445,1.232,14.677,18.823
6922,10,10,23.9,13.614,1.272,14.886,19.06
6923,10,11,24.4,13.539,1.303,14.842,18.954
6924,10,12,25.0,13.421,1.342,14.763,18.789
6925,10,13,25.7,13.478,1.406,14.885,18.87
6926,10,14,26.5,13.573,1.479,15.052,19.002
6927,10,15,27.3,13.395,1.522,14.917,18.753
6928,10,16,28.0,13.419,1.583,15.002,18.787
6929,10,17,28.6,13.223,1.61,14.832,18.512
6930,10,18,29.1,13.149,1.638,14.787,18.409
6931,10,19,29.4,13.21,1.67,14.879,18.494
6932,10,20,29.5,13.054,1.658,14.711,18.275
6933,10,21,29.4,12.946,1.636,14.582,18.124
6934,10,22,29.1,12.972,1.616,14.588,18.16
6935,10,23,28.6,12.892,1.569,14.461,18.049
6936,10,0,28.0,12.975,1.531,14.506,18.165
6937,10,1,27.3,12.798,1.455,14.253,17.917
6938,10,2,26.5,12.841,1.4,14.24,17.977
6939,10,3,25.7,12.817,1.337,14.154,17.943
6940,10,4,25.0,12.986,1.299,14.285,18.18
6941,10,5,24.4,13.221,1.273,14.494,18.509
6942,10,6,23.9,13.357,1.248,14.605,18.7
6943,10,7,23.6,13.426,1.23,14.656,18.796
6944,10,8,23.5,13.246,1.205,14.452,18.545
6945,10,9,23.6,13.616,1.247,14.864,19.063
6946,10,10,23.9,13.387,1.251,14.638,18.742
6947,10,11,24.4,13.7,1.319,15.019,19.181
6948,10,12,25.0,13.587,1.359,14.946,19.022
6949,10,13,25.7,13.681,1.427,15.108,19.153
6950,10,14,26.5,13.438,1.465,14.902,18.813
6951,10,15,27.3,13.625,1.549,15.174,19.075
6952,10,16,28.0,13.279,1.567,14.846,18.591
6953,10,17,28.6,13.263,1.614,14.878,18.568
6954,10,18,29.1,13.127,1.636,14.763,18.378
6955,10,19,29.4,12.949,1.637,14.586,18.129
6956,10,20,29.5,13.038,1.656,14.694,18.254
6957,10,21,29.4,13.127,1.659,14.786,18.378
6958,10,22,29.1,13.15,1.638,14.789,18.41
6959,10,23,28.6,12.854,1.565,14.418,17.995
6960,10,0,28.0,12.942,1.527,14.469,18.119
6961,10,1,27.3,12.867,1.462,14.33,18.014
6962,10,2,26.5,12.934,1.41,14.343,18.107
6963,10,3,25.7,12.912,1.347,14.26,18.077
6964,10,4,25.0,13.048,1.305,14.353,18.268
6965,10,5,24.4,13.178,1.269,14.447,18.45
6966,10,6,23.9,13.169,1.23,14.4,18.437
6967,10,7,23.6,13.322,1.22,14.543,18.651
6968,10,8,23.5,13.42,1.221,14.641,18.788
6969,10,9,23.6,13.591,1.245,14.836,19.027
6970,10,10,23.9,13.464,1.258,14.722,18.85
6971,10,11,24.4,13.605,1.31,14.915,19.048
6972,10,12,25.0,13.815,1.382,15.197,19.341
6973,10,13,25.7,13.727,1.432,15.159,19.218
6974,10,14,26.5,13.706,1.494,15.2,19.188
6975,10,15,27.3,13.51,1.536,15.046,18.914
6976,10,16,28.0,13.458,1.588,15.046,18.841
6977,10,17,28.6,13.43,1.635,15.065,18.802
6978,10,18,29.1,13.383,1.667,15.051,18.737
6979,10,19,29.4,12.929,1.634,14.564,18.101
6980,10,20,29.5,12.897,1.638,14.535,18.056
6981,10,21,29.4,13.078,1.653,14.73,18.309
6982,10,22,29.1,12.856,1.602,14.458,17.998
6983,10,23,28.6,12.777,1.555,14.332,17.888
6984,10,0,28.0,12.705,1.499,14.204,17.787
6985,10,1,27.3,12.788,1.454,14.242,17.904
6986,10,2,26.5,12.743,1.389,14.132,17.841
6987,10,3,25.7,13.156,1.373,14.528,18.418
6988,10,4,25.0,13.027,1.303,14.329,18.237
6989,10,5,24.4,13.119,1.263,14.382,18.366
6990,10,6,23.9,13.286,1.241,14.527,18.601
6991,10,7,23.6,13.426,1.23,14.656,18.797
6992,10,8,23.5,13.52,1.23,14.751,18.928
6993,10,9,23.6,13.615,1.247,14.863,19.061
6994,10,10,23.9,13.508,1.262,14.77,18.911
6995,10,11,24.4,13.581,1.307,14.888,19.013
6996,10,12,25.0,13.701,1.37,15.071,19.181
6997,10,13,25.7,13.558,1.415,14.972,18.981
6998,10,14,26.5,13.57,1.479,15.05,18.999
6999,10,15,27.3,13.548,1.54,15.088,18.967
7000,10,16,28.0,13.504,1.593,15.098,18.906
7001,10,17,28.6,13.152,1.601,14.753,18.413
7002,10,18,29.1,13.299,1.657,14.956,18.618
7003,10,19,29.4,13.101,1.656,14.757,18.342
7004,10,20,29.5,13.1,1.664,14.763,18.339
7005,10,21,29.4,13.024,1.646,14.67,18.234
7006,10,22,29.1,13.044,1.625,14.67,18.262
7007,10,23,28.6,12.979,1.58,14.559,18.171
7008,10,0,28.0,12.965,1.53,14.495,18.151
7009,10,1,27.3,12.988,1.476,14.465,18.184
7010,10,2,26.5,12.913,1.407,14.32,18.078
7011,10,3,25.7,12.95,1.351,14.301,18.13
7012,10,4,25.0,13.116,1.312,14.428,18.363
7013,10,5,24.4,13.198,1.271,14.468,18.477
7014,10,6,23.9,13.196,1.233,14.429,18.475
7015,10,7,23.6,13.37,1.225,14.595,18.719
7016,10,8,23.5,13.422,1.221,14.644,18.791
7017,10,9,23.6,13.422,1.23,14.652,18.791
7018,10,10,23.9,13.7,1.28,14.98,19.18
7019,10,11,24.4,13.616,1.311,14.927,19.063
7020,10,12,25.0,13.829,1.383,15.212,19.361
7021,10,13,25.7,13.448,1.403,14.851,18.827
7022,10,14,26.5,13.515,1.473,14.988,18.921
7023,10,15,27.3,13.511,1.536,15.047,18.916
7024,10,16,28.0,13.539,1.598,15.137,18.955
7025,10,17,28.6,13.37,1.627,14.997,18.718
7026,10,18,29.1,13.258,1.652,14.91,18.562
7027,10,19,29.4,13.012,1.645,14.656,18.217
7028,10,20,29.5,12.913,1.64,14.553,18.078
7029,10,21,29.4,12.979,1.64,14.619,18.171
7030,10,22,29.1,12.747,1.588,14.335,17.846
7031,10,23,28.6,12.791,1.557,14.348,17.907
7032,10,0,28.0,12.881,1.52,14.4,18.033
7033,10,1,27.3,12.746,1.449,14.194,17.844
7034,10,2,26.5,13.044,1.422,14.466,18.262
7035,10,3,25.7,13.069,1.364,14.433,18.297
7036,10,4,25.0,12.872,1.287,14.159,18.02
7037,10,5,24.4,13.031,1.255,14.286,18.244
7038,10,6,23.9,12.999,1.214,14.213,18.198
7039,10,7,23.6,13.252,1.214,14.466,18.552
7040,10,8,23.5,13.502,1.229,14.731,18.903
7041,10,9,23.6,13.466,1.234,14.7,18.853
7042,10,10,23.9,13.617,1.272,14.889,19.064
7043,10,11,24.4,13.458,1.296,14.754,18.842
7044,10,12,25.0,13.704,1.37,15.074,19.185
7045,10,13,25.7,13.555,1.414,14.969,18.977
7046,10,14,26.5,13.572,1.479,15.052,19.001
7047,10,15,27.3,13.499,1.534,15.033,18.898
7048,10,16,28.0,13.299,1.569,14.868,18.618
7049,10,17,28.6,13.215,1.609,14.823,18.501
7050,10,18,29.1,13.324,1.66,14.984,18.654
7051,10,19,29.4,13.164,1.664,14.828,18.43
7052,10,20,29.5,13.134,1.668,14.802,18.387
7053,10,21,29.4,12.979,1.64,14.62,18.171
7054,10,22,29.1,12.898,1.607,14.505,18.057
7055,10,23,28.6,12.671,1.542,14.214,17.74
7056,10,0,28.0,12.803,1.511,14.314,17.925
7057,10,1,27.3,12.841,1.46,14.301,17.978
7058,10,2,26.5,13.079,1.426,14.505,18.311
7059,10,3,25.7,13.015,1.358,14.373,18.222
7060,10,4,25.0,13.182,1.318,14.501,18.455
7061,10,5,24.4,13.184,1.269,14.454,18.458
7062,10,6,23.9,13.156,1.229,14.385,18.419
7063,10,7,23.6,13.342,1.222,14.564,18.678
7064,10,8,23.5,13.449,1.224,14.673,18.829
7065,10,9,23.6,13.414,1.229,14.643,18.78
7066,10,10,23.9,13.532,1.264,14.797,18.945
7067,10,11,24.4,13.59,1.308,14.898,19.026
7068,10,12,25.0,13.785,1.378,15.163,19.299
7069,10,13,25.7,13.402,1.398,14.801,18.763
7070,10,14,26.5,13.692,1.492,15.184,19.168
7071,10,15,27.3,13.414,1.525,14.939,18.78
7072,10,16,28.0,13.288,1.568,14.857,18.604
7073,10,17,28.6,13.448,1.637,15.085,18.827
7074,10,18,29.1,13.3,1.657,14.958,18.621
7075,10,19,29.4,13.25,1.675,14.925,18.55
7076,10,20,29.5,13.109,1.665,14.774,18.353
7077,10,21,29.4,13.153,1.662,14.815,18.414
7078,10,22,29.1,12.939,1.612,14.552,18.115
7079,10,23,28.6,12.828,1.562,14.39,17.96
7080,10,0,28.0,12.865,1.518,14.383,18.011
7081,10,1,27.3,12.968,1.474,14.442,18.156
7082,10,2,26.5,12.806,1.396,14.201,17.928
7083,10,3,25.7,12.881,1.344,14.226,18.034
7084,10,4,25.0,12.998,1.3,14.298,18.197
7085,10,5,24.4,12.914,1.243,14.157,18.08
7086,10,6,23.9,13.241,1.237,14.478,18.538
7087,10,7,23.6,13.141,1.204,14.345,18.398
7088,10,8,23.5,13.431,1.222,14.653,18.803
7089,10,9,23.6,13.594,1.245,14.84,19.032
7090,10,10,23.9,13.523,1.263,14.786,18.933
7091,10,11,24.4,13.778,1.326,15.105,19.29
7092,10,12,25.0,13.478,1.348,14.826,18.869
7093,10,13,25.7,13.73,1.433,15.162,19.222
7094,10,14,26.5,13.638,1.487,15.125,19.094
7095,10,15,27.3,13.336,1.516,14.852,18.671
7096,10,16,28.0,13.697,1.616,15.313,19.175
7097,10,17,28.6,13.324,1.622,14.945,18.653
7098,10,18,29.1,13.14,1.637,14.777,18.395
7099,10,19,29.4,12.984,1.641,14.625,18.177
7100,10,20,29.5,13.007,1.652,14.659,18.21
7101,10,21,29.4,12.934,1.635,14.569,18.108
7102,10,22,29.1,12.894,1.606,14.5,18.051
7103,10,23,28.6,12.814,1.56,14.374,17.94
7104,10,0,28.0,12.894,1.521,14.415,18.051
7105,10,1,27.3,12.805,1.455,14.261,17.927
7106,10,2,26.5,12.69,1.383,14.073,17.766
7107,10,3,25.7,12.932,1.349,14.281,18.104
7108,10,4,25.0,12.792,1.279,14.071,17.909
7109,10,5,24.4,13.16,1.267,14.427,18.424
7110,10,6,23.9,13.129,1.226,14.356,18.381
7111,10,7,23.6,13.346,1.223,14.569,18.685
7112,10,8,23.5,13.557,1.234,14.791,18.98
7113,10,9,23.6,13.413,1.229,14.642,18.778
7114,10,10,23.9,13.677,1.278,14.955,19.148
7115,10,11,24.4,13.567,1.306,14.873,18.994
7116,10,12,25.0,13.799,1.38,15.179,19.319
7117,10,13,25.7,13.574,1.416,14.99,19.004
7118,10,14,26.5,13.487,1.47,14.957,18.882
7119,10,15,27.3,13.577,1.543,15.12,19.007
7120,10,16,28.0,13.382,1.579,14.961,18.735
7121,10,17,28.6,13.246,1.612,14.858,18.544
7122,10,18,29.1,13.179,1.642,14.822,18.451
7123,10,19,29.4,13.12,1.658,14.778,18.368
7124,10,20,29.5,13.163,1.672,14.835,18.428
7125,10,21,29.4,12.753,1.612,14.365,17.855
7126,10,22,29.1,12.886,1.605,14.491,18.04
7127,10,23,28.6,12.906,1.571,14.478,18.069
7128,10,0,28.0,12.85,1.516,14.366,17.99
7129,10,1,27.3,12.975,1.475,14.45,18.165
7130,10,2,26.5,12.876,1.404,14.28,18.027
7131,10,3,25.7,12.928,1.349,14.277,18.1
7132,10,4,25.0,13.088,1.309,14.397,18.323
7133,10,5,24.4,13.135,1.264,14.399,18.388
7134,10,6,23.9,13.188,1.232,14.42,18.464
7135,10,7,23.6,13.382,1.226,14.608,18.734
7136,10,8,23.5,13.36,1.216,14.576,18.705
7137,10,9,23.6,13.447,1.232,14.679,18.825
7138,10,10,23.9,13.518,1.263,14.781,18.925
7139,10,11,24.4,13.746,1.323,15.069,19.244
7140,10,12,25.0,13.302,1.33,14.632,18.623
7141,10,13,25.7,13.65,1.424,15.074,19.11
7142,10,14,26.5,13.574,1.48,15.054,19.004
7143,10,15,27.3,13.34,1.516,14.856,18.676
7144,10,16,28.0,13.457,1.588,15.045,18.839
7145,10,17,28.6,13.378,1.628,15.006,18.729
7146,10,18,29.1,13.286,1.655,14.942,18.601
7147,10,19,29.4,12.859,1.625,14.485,18.003
7148,10,20,29.5,13.166,1.672,14.838,18.432
7149,10,21,29.4,12.873,1.627,14.5,18.022
7150,10,22,29.1,12.952,1.614,14.566,18.133
7151,10,23,28.6,12.918,1.572,14.491,18.085
7152,10,0,28.0,12.743,1.504,14.246,17.84
7153,10,1,27.3,12.91,1.467,14.377,18.074
7154,10,2,26.5,12.845,1.4,14.245,17.983
7155,10,3,25.7,12.74,1.329,14.069,17.835
7156,10,4,25.0,13.146,1.315,14.46,18.404
7157,10,5,24.4,13.047,1.256,14.303,18.266
7158,10,6,23.9,13.142,1.228,14.369,18.399
7159,10,7,23.6,13.29,1.218,14.507,18.606
7160,10,8,23.5,13.453,1.224,14.677,18.834
7161,10,9,23.6,13.502,1.237,14.739,18.903
7162,10,10,23.9,13.626,1.273,14.899,19.076
7163,10,11,24.4,13.477,1.297,14.774,18.867
7164,10,12,25.0,13.55,1.355,14.905,18.97
7165,10,13,25.7,13.599,1.419,15.018,19.039
7166,10,14,26.5,13.761,1.5,15.261,19.265
7167,10,15,27.3,13.496,1.534,15.03,18.895
7168,10,16,28.0,13.534,1.597,15.131,18.948
7169,10,17,28.6,13.334,1.623,14.957,18.667
7170,10,18,29.1,13.179,1.642,14.821,18.45
7171,10,19,29.4,13.1,1.656,14.756,18.34
7172,10,20,29.5,13.012,1.653,14.665,18.217
7173,10,21,29.4,13.007,1.644,14.651,18.21
7174,10,22,29.1,13.021,1.622,14.643,18.23
7175,10,23,28.6,12.88,1.568,14.448,18.032
7176,10,0,28.0,12.949,1.528,14.477,18.129
7177,10,1,27.3,12.747,1.449,14.196,17.846
7178,10,2,26.5,12.842,1.4,14.242,17.979
7179,10,3,25.7,12.874,1.343,14.218,18.024
7180,10,4,25.0,13.06,1.306,14.366,18.284
7181,10,5,24.4,13.089,1.26,14.349,18.324
7182,10,6,23.9,13.3,1.242,14.543,18.62
7183,10,7,23.6,13.237,1.213,14.45,18.532
7184,10,8,23.5,13.43,1.222,14.652,18.802
7185,10,9,23.6,13.577,1.244,14.82,19.007
7186,10,10,23.9,13.364,1.248,14.613,18.71
7187,10,11,24.4,13.823,1.331,15.153,19.352
7188,10,12,25.0,13.596,1.36,14.955,19.034
7189,10,13,25.7,13.408,1.399,14.807,18.771
7190,10,14,26.5,13.587,1.481,15.068,19.021
7191,10,15,27.3,13.511,1.536,15.047,18.916
7192,10,16,28.0,13.417,1.583,15.001,18.784
7193,10,17,28.6,13.429,1.635,15.064,18.801
7194,10,18,29.1,13.302,1.657,14.959,18.623
7195,10,19,29.4,13.154,1.663,14.817,18.416
7196,10,20,29.5,13.074,1.66,14.734,18.303
7197,10,21,29.4,12.936,1.635,14.571,18.111
7198,10,22,29.1,13.061,1.627,14.688,18.286
7199,10,23,28.6,12.696,1.545,14.242,17.774
7200,11,0,29.0,12.977,1.609,14.586,18.167
7201,11,1,28.3,12.983,1.554,14.536,18.176
7202,11,2,27.5,13.098,1.506,14.604,18.337
7203,11,3,26.7,12.996,1.434,14.43,18.194
7204,11,4,26.0,12.989,1.377,14.366,18.184
7205,11,5,25.4,13.276,1.358,14.633,18.586
7206,11,6,24.9,13.392,1.331,14.723,18.748
7207,11,7,24.6,13.616,1.329,14.945,19.063
7208,11,8,24.5,13.437,1.303,14.74,18.812
7209,11,9,24.6,13.763,1.343,15.106,19.268
7210,11,10,24.9,13.948,1.387,15.334,19.527
7211,11,11,25.4,13.713,1.402,15.116,19.198
7212,11,12,26.0,13.635,1.445,15.081,19.09
7213,11,13,26.7,13.71,1.513,15.223,19.194
7214,11,14,27.5,13.712,1.577,15.289,19.197
7215,11,15,28.3,13.704,1.64,15.343,19.185
7216,11,16,29.0,13.505,1.675,15.18,18.907
7217,11,17,29.6,13.623,1.74,15.363,19.072
7218,11,18,30.1,13.252,1.731,14.983,18.553
7219,11,19,30.4,13.086,1.732,14.818,18.32
7220,11,20,30.5,13.274,1.765,15.039,18.583
7221,11,21,30.4,12.853,1.702,14.554,17.994
7222,11,22,30.1,12.996,1.697,14.693,18.194
7223,11,23,29.6,13.288,1.697,14.985,18.603
7224,11,0,29.0,12.962,1.607,14.569,18.146
7225,11,1,28.3,12.864,1.539,14.404,18.01
7226,11,2,27.5,13.011,1.496,14.507,18.215
7227,11,3,26.7,13.075,1.443,14.518,18.305
7228,11,4,26.0,13.179,1.397,14.576,18.451
7229,11,5,25.4,13.326,1.363,14.689,18.657
7230,11,6,24.9,13.26,1.318,14.578,18.564
7231,11,7,24.6,13.636,1.331,14.967,19.091
7232,11,8,24.5,13.589,1.318,14.907,19.024
7233,11,9,24.6,13.72,1.339,15.059,19.208
7234,11,10,24.9,13.648,1.357,15.005,19.107
7235,11,11,25.4,13.88,1.419,15.299,19.431
7236,11,12,26.0,13.739,1.456,15.195,19.234
7237,11,13,26.7,13.779,1.52,15.299,19.29
7238,11,14,27.5,13.618,1.566,15.184,19.065
7239,11,15,28.3,13.547,1.621,15.168,18.966
7240,11,16,29.0,13.633,1.69,15.323,19.086
7241,11,17,29.6,13.423,1.714,15.138,18.792
7242,11,18,30.1,13.278,1.734,15.012,18.59
7243,11,19,30.4,13.196,1.747,14.942,18.474
7244,11,20,30.5,13.233,1.76,14.993,18.526
7245,11,21,30.4,13.017,1.723,14.741,18.224
7246,11,22,30.1,13.005,1.698,14.703,18.207
7247,11,23,29.6,12.978,1.658,14.636,18.169
7248,11,0,29.0,12.771,1.584,14.355,17.879
7249,11,1,28.3,12.829,1.535,14.364,17.961
7250,11,2,27.5,13.05,1.501,14.551,18.27
7251,11,3,26.7,13.006,1.435,14.442,18.209
7252,11,4,26.0,13.269,1.406,14.675,18.576
7253,11,5,25.4,13.357,1.366,14.723,18.699
7254,11,6,24.9,13.436,1.336,14.771,18.81
7255,11,7,24.6,13.649,1.332,14.982,19.109
7256,11,8,24.5,13.556,1.315,14.871,18.978
7257,11,9,24.6,13.712,1.338,15.05,19.197
7258,11,10,24.9,13.652,1.357,15.01,19.113
7259,11,11,25.4,13.996,1.431,15.428,19.595
7260,11,12,26.0,13.963,1.48,15.443,19.548
7261,11,13,26.7,13.752,1.517,15.269,19.253
7262,11,14,27.5,13.749,1.581,15.331,19.249
7263,11,15,28.3,13.783,1.649,15.432,19.296
7264,11,16,29.0,13.549,1.68,15.229,18.969
7265,11,17,29.6,13.402,1.712,15.114,18.762
7266,11,18,30.1,13.451,1.757,15.208,18.831
7267,11,19,30.4,13.268,1.756,15.024,18.575
7268,11,20,30.5,13.181,1.753,14.935,18.454
7269,11,21,30.4,12.997,1.721,14.717,18.195
7270,11,22,30.1,12.845,1.677,14.522,17.983
7271,11,23,29.6,13.0,1.66,14.66,18.2
7272,11,0,29.0,13.053,1.619,14.672,18.275
7273,11,1,28.3,12.954,1.55,14.504,18.135
7274,11,2,27.5,13.16,1.513,14.673,18.424
7275,11,3,26.7,13.01,1.436,14.445,18.214
7276,11,4,26.0,13.058,1.384,14.442,18.281
7277,11,5,25.4,13.253,1.355,14.609,18.554
7278,11,6,24.9,13.355,1.328,14.683,18.698
7279,11,7,24.6,13.544,1.322,14.867,18.962
7280,11,8,24.5,13.487,1.308,14.795,18.881
7281,11,9,24.6,13.784,1.345,15.129,19.298
7282,11,10,24.9,13.908,1.383,15.29,19.471
7283,11,11,25.4,13.747,1.406,15.153,19.246
7284,11,12,26.0,13.89,1.472,15.362,19.445
7285,11,13,26.7,13.645,1.506,15.151,19.103
7286,11,14,27.5,13.818,1.589,15.407,19.346
7287,11,15,28.3,13.752,1.646,15.397,19.253
7288,11,16,29.0,13.65,1.693,15.343,19.111
7289,11,17,29.6,13.466,1.72,15.186,18.852
7290,11,18,30.1,13.068,1.707,14.775,18.295
7291,11,19,30.4,13.196,1.747,14.943,18.474
7292,11,20,30.5,13.101,1.742,14.843,18.341
7293,11,21,30.4,12.982,1.719,14.701,18.175
7294,11,22,30.1,13.029,1.701,14.73,18.24
7295,11,23,29.6,12.934,1.652,14.587,18.108
7296,11,0,29.0,12.88,1.597,14.477,18.032
7297,11,1,28.3,12.871,1.54,14.411,18.019
7298,11,2,27.5,12.945,1.489,14.434,18.123
7299,11,3,26.7,13.192,1.456,14.648,18.469
7300,11,4,26.0,13.097,1.388,14.485,18.336
7301,11,5,25.4,13.208,1.351,14.559,18.492
7302,11,6,24.9,13.318,1.324,14.642,18.645
7303,11,7,24.6,13.501,1.318,14.819,18.902
7304,11,8,24.5,13.61,1.32,14.93,19.054
7305,11,9,24.6,13.343,1.302,14.645,18.68
7306,11,10,24.9,13.813,1.373,15.186,19.338
7307,11,11,25.4,13.895,1.421,15.316,19.452
7308,11,12,26.0,13.66,1.448,15.107,19.123
7309,11,13,26.7,13.654,1.507,15.16,19.115
7310,11,14,27.5,13.666,1.572,15.237,19.132
7311,11,15,28.3,13.572,1.624,15.195,19.0
7312,11,16,29.0,13.586,1.685,15.271,19.021
7313,11,17,29.6,13.273,1.695,14.968,18.582
7314,11,18,30.1,13.252,1.731,14.982,18.553
7315,11,19,30.4,13.414,1.776,15.19,18.779
7316,11,20,30.5,13.07,1.738,14.809,18.299
7317,11,21,30.4,13.204,1.748,14.953,18.486
7318,11,22,30.1,13.052,1.704,14.756,18.273
7319,11,23,29.6,12.795,1.634,14.43,17.914
7320,11,0,29.0,13.026,1.615,14.642,18.237
7321,11,1,28.3,12.965,1.551,14.516,18.15
7322,11,2,27.5,12.971,1.492,14.463,18.159
7323,11,3,26.7,13.105,1.446,14.551,18.347
7324,11,4,26.0,13.211,1.4,14.611,18.495
7325,11,5,25.4,13.331,1.363,14.694,18.663
7326,11,6,24.9,13.481,1.34,14.822,18.874
7327,11,7,24.6,13.508,1.319,14.827,18.911
7328,11,8,24.5,13.427,1.302,14.729,18.797
7329,11,9,24.6,13.6,1.328,14.927,19.04
7330,11,10,24.9,14.005,1.392,15.397,19.607
7331,11,11,25.4,13.823,1.414,15.237,19.353
7332,11,12,26.0,14.001,1.484,15.486,19.602
7333,11,13,26.7,13.89,1.533,15.423,19.447
7334,11,14,27.5,13.735,1.58,15.315,19.229
7335,11,15,28.3,13.677,1.637,15.314,19.148
7336,11,16,29.0,13.56,1.681,15.242,18.985
7337,11,17,29.6,13.294,1.698,14.992,18.611
7338,11,18,30.1,13.365,1.745,15.111,18.712
7339,11,19,30.4,13.381,1.771,15.152,18.733
7340,11,20,30.5,13.103,1.743,14.846,18.345
7341,11,21,30.4,13.121,1.737,14.858,18.37
7342,11,22,30.1,13.102,1.711,14.813,18.342
7343,11,23,29.6,12.885,1.646,14.531,18.04
7344,11,0,29.0,12.918,1.602,14.519,18.085
7345,11,1,28.3,12.875,1.541,14.415,18.024
7346,11,2,27.5,12.934,1.487,14.422,18.108
7347,11,3,26.7,12.951,1.429,14.38,18.132
7348,11,4,26.0,13.073,1.386,14.459,18.302
7349,11,5,25.4,13.402,1.371,14.772,18.763
7350,11,6,24.9,13.272,1.319,14.591,18.581
7351,11,7,24.6,13.48,1.316,14.796,18.872
7352,11,8,24.5,13.514,1.311,14.825,18.919
7353,11,9,24.6,13.765,1.344,15.109,19.271
7354,11,10,24.9,13.842,1.376,15.218,19.379
7355,11,11,25.4,13.837,1.415,15.252,19.372
7356,11,12,26.0,13.795,1.462,15.257,19.313
7357,11,13,26.7,13.728,1.515,15.243,19.219
7358,11,14,27.5,13.592,1.563,15.155,19.028
7359,11,15,28.3,13.841,1.656,15.498,19.378
7360,11,16,29.0,13.488,1.673,15.161,18.883
7361,11,17,29.6,13.534,1.729,15.262,18.947
7362,11,18,30.1,13.47,1.759,15.229,18.857
7363,11,19,30.4,13.204,1.748,14.952,18.486
7364,11,20,30.5,13.267,1.765,15.031,18.574
7365,11,21,30.4,13.157,1.742,14.898,18.419
7366,11,22,30.1,13.189,1.722,14.912,18.465
7367,11,23,29.6,12.929,1.651,14.581,18.101
7368,11,0,29.0,12.834,1.591,14.426,17.968
7369,11,1,28.3,12.926,1.547,14.473,18.096
7370,11,2,27.5,13.037,1.499,14.537,18.252
7371,11,3,26.7,13.086,1.444,14.53,18.32
7372,11,4,26.0,13.124,1.391,14.515,18.373
7373,11,5,25.4,13.069,1.337,14.406,18.297
7374,11,6,24.9,13.411,1.333,14.744,18.775
7375,11,7,24.6,13.665,1.334,14.998,19.13
7376,11,8,24.5,13.611,1.32,14.931,19.055
7377,11,9,24.6,13.708,1.338,15.046,19.191
7378,11,10,24.9,13.768,1.369,15.137,19.275
7379,11,11,25.4,13.791,1.41,15.201,19.307
7380,11,12,26.0,13.858,1.469,15.327,19.401
7381,11,13,26.7,13.79,1.522,15.312,19.307
7382,11,14,27.5,13.68,1.573,15.253,19.151
7383,11,15,28.3,13.568,1.623,15.191,18.995
7384,11,16,29.0,13.539,1.679,15.218,18.955
7385,11,17,29.6,13.499,1.724,15.223,18.898
7386,11,18,30.1,13.332,1.741,15.073,18.665
7387,11,19,30.4,13.291,1.76,15.051,18.608
7388,11,20,30.5,13.207,1.757,14.964,18.49
7389,11,21,30.4,13.163,1.743,14.906,18.429
7390,11,22,30.1,13.145,1.717,14.861,18.403
7391,11,23,29.6,12.984,1.658,14.643,18.178
7392,11,0,29.0,12.832,1.591,14.423,17.965
7393,11,1,28.3,12.942,1.549,14.49,18.119
7394,11,2,27.5,13.021,1.497,14.518,18.229
7395,11,3,26.7,12.897,1.423,14.32,18.055
7396,11,4,26.0,13.302,1.41,14.712,18.623
7397,11,5,25.4,13.274,1.358,14.632,18.584
7398,11,6,24.9,13.402,1.332,14.734,18.762
7399,11,7,24.6,13.604,1.328,14.932,19.046
7400,11,8,24.5,13.501,1.31,14.811,18.902
7401,11,9,24.6,13.705,1.338,15.042,19.186
7402,11,10,24.9,13.7,1.362,15.062,19.18
7403,11,11,25.4,13.732,1.404,15.137,19.225
7404,11,12,26.0,13.687,1.451,15.138,19.162
7405,11,13,26.7,13.917,1.536,15.453,19.484
7406,11,14,27.5,13.673,1.572,15.246,19.143
7407,11,15,28.3,13.717,1.641,15.358,19.204
7408,11,16,29.0,13.377,1.659,15.035,18.727
7409,11,17,29.6,13.585,1.735,15.321,19.02
7410,11,18,30.1,13.469,1.759,15.228,18.856
7411,11,19,30.4,13.27,1.757,15.026,18.577
7412,11,20,30.5,13.14,1.748,14.888,18.397
7413,11,21,30.4,13.12,1.737,14.857,18.368
7414,11,22,30.1,13.245,1.73,14.975,18.543
7415,11,23,29.6,12.8,1.635,14.435,17.92
7416,11,0,29.0,13.041,1.617,14.658,18.257
7417,11,1,28.3,12.885,1.542,14.427,18.039
7418,11,2,27.5,13.014,1.497,14.511,18.22
7419,11,3,26.7,13.055,1.441,14.496,18.278
7420,11,4,26.0,13.12,1.391,14.511,18.368
7421,11,5,25.4,13.259,1.356,14.615,18.562
7422,11,6,24.9,13.25,1.317,14.567,18.55
7423,11,7,24.6,13.57,1.325,14.895,18.998
7424,11,8,24.5,13.385,1.298,14.683,18.739
7425,11,9,24.6,13.701,1.337,15.039,19.182
7426,11,10,24.9,13.678,1.36,15.038,19.149
7427,11,11,25.4,13.634,1.394,15.028,19.087
7428,11,12,26.0,13.785,1.461,15.246,19.299
7429,11,13,26.7,13.595,1.5,15.095,19.033
7430,11,14,27.5,13.715,1.577,15.292,19.201
7431,11,15,28.3,13.505,1.616,15.121,18.907
7432,11,16,29.0,13.61,1.688,15.298,19.054
7433,11,17,29.6,13.375,1.708,15.083,18.725
7434,11,18,30.1,13.319,1.739,15.058,18.646
7435,11,19,30.4,13.289,1.759,15.049,18.605
7436,11,20,30.5,13.086,1.74,14.826,18.32
7437,11,21,30.4,13.074,1.731,14.805,18.304
7438,11,22,30.1,12.865,1.68,14.545,18.011
7439,11,23,29.6,13.039,1.666,14.705,18.255
7440,11,0,29.0,13.139,1.629,14.768,18.395
7441,11,1,28.3,13.256,1.586,14.842,18.558
7442,11,2,27.5,13.026,1.498,14.523,18.236
7443,11,3,26.7,13.159,1.452,14.611,18.423
7444,11,4,26.0,12.985,1.376,14.362,18.179
7445,11,5,25.4,13.41,1.371,14.782,18.774
7446,11,6,24.9,13.441,1.336,14.777,18.818
7447,11,7,24.6,13.419,1.31,14.729,18.787
7448,11,8,24.5,13.688,1.328,15.016,19.163
7449,11,9,24.6,13.622,1.33,14.951,19.07
7450,11,10,24.9,13.665,1.358,15.023,19.131
7451,11,11,25.4,13.798,1.411,15.21,19.318
7452,11,12,26.0,13.658,1.448,15.106,19.121
7453,11,13,26.7,13.853,1.529,15.382,19.394
7454,11,14,27.5,13.605,1.565,15.17,19.047
7455,11,15,28.3,13.542,1.62,15.163,18.959
7456,11,16,29.0,13.473,1.671,15.144,18.862
7457,11,17,29.6,13.543,1.73,15.273,18.961
7458,11,18,30.1,13.302,1.737,15.039,18.623
7459,11,19,30.4,13.125,1.738,14.863,18.375
7460,11,20,30.5,13.103,1.743,14.845,18.344
7461,11,21,30.4,13.077,1.731,14.808,18.308
7462,11,22,30.1,12.898,1.684,14.583,18.058
7463,11,23,29.6,12.861,1.643,14.504,18.006
7464,11,0,29.0,13.174,1.634,14.807,18.443
7465,11,1,28.3,12.89,1.542,14.433,18.046
7466,11,2,27.5,12.984,1.493,14.477,18.178
7467,11,3,26.7,13.043,1.439,14.483,18.261
7468,11,4,26.0,13.121,1.391,14.512,18.369
7469,11,5,25.4,13.322,1.362,14.684,18.651
7470,11,6,24.9,13.458,1.338,14.796,18.842
7471,11,7,24.6,13.437,1.312,14.748,18.812
7472,11,8,24.5,13.44,1.304,14.744,18.817
7473,11,9,24.6,13.775,1.345,15.119,19.284
7474,11,10,24.9,13.701,1.362,15.063,19.182
7475,11,11,25.4,13.924,1.424,15.348,19.493
7476,11,12,26.0,13.54,1.435,14.975,18.956
7477,11,13,26.7,13.77,1.519,15.29,19.279
7478,11,14,27.5,13.903,1.599,15.502,19.464
7479,11,15,28.3,13.612,1.629,15.241,19.057
7480,11,16,29.0,13.542,1.679,15.221,18.958
7481,11,17,29.6,13.497,1.724,15.221,18.896
7482,11,18,30.1,13.308,1.738,15.046,18.631
7483,11,19,30.4,13.229,1.751,14.98,18.52
7484,11,20,30.5,13.129,1.746,14.876,18.381
7485,11,21,30.4,13.017,1.723,14.741,18.224
7486,11,22,30.1,13.139,1.716,14.855,18.395
7487,11,23,29.6,13.022,1.663,14.686,18.231
7488,11,0,29.0,12.988,1.61,14.598,18.183
7489,11,1,28.3,13.057,1.562,14.62,18.28
7490,11,2,27.5,12.99,1.494,14.484,18.186
7491,11,3,26.7,13.003,1.435,14.437,18.204
7492,11,4,26.0,13.103,1.389,14.492,18.344
7493,11,5,25.4,13.26,1.356,14.616,18.564
7494,11,6,24.9,13.258,1.318,14.576,18.561
7495,11,7,24.6,13.417,1.31,14.727,18.784
7496,11,8,24.5,13.512,1.311,14.823,18.917
7497,11,9,24.6,13.86,1.353,15.212,19.403
7498,11,10,24.9,13.433,1.335,14.769,18.807
7499,11,11,25.4,13.733,1.404,15.137,19.226
7500,11,12,26.0,13.937,1.477,15.414,19.512
7501,11,13,26.7,13.763,1.519,15.282,19.268
7502,11,14,27.5,13.786,1.585,15.372,19.301
7503,11,15,28.3,13.657,1.634,15.291,19.12
7504,11,16,29.0,13.497,1.674,15.171,18.896
7505,11,17,29.6,13.243,1.692,14.935,18.54
7506,11,18,30.1,13.384,1.748,15.132,18.738
7507,11,19,30.4,13.182,1.745,14.927,18.455
7508,11,20,30.5,13.083,1.74,14.823,18.316
7509,11,21,30.4,13.03,1.725,14.755,18.242
7510,11,22,30.1,13.191,1.723,14.914,18.467
7511,11,23,29.6,13.217,1.688,14.905,18.504
7512,11,0,29.0,12.984,1.61,14.595,18.178
7513,11,1,28.3,12.93,1.547,14.477,18.102
7514,11,2,27.5,12.899,1.483,14.382,18.058
7515,11,3,26.7,13.127,1.448,14.575,18.378
7516,11,4,26.0,13.341,1.414,14.756,18.678
7517,11,5,25.4,13.235,1.354,14.589,18.529
7518,11,6,24.9,13.126,1.305,14.431,18.376
7519,11,7,24.6,13.534,1.321,14.856,18.948
7520,11,8,24.5,13.663,1.325,14.988,19.128
7521,11,9,24.6,13.489,1.317,14.805,18.884
7522,11,10,24.9,13.728,1.365,15.093,19.22
7523,11,11,25.4,13.796,1.411,15.207,19.314
7524,11,12,26.0,13.757,1.458,15.216,19.26
7525,11,13,26.7,13.672,1.509,15.18,19.141
7526,11,14,27.5,13.812,1.588,15.401,19.337
7527,11,15,28.3,13.607,1.628,15.235,19.049
7528,11,16,29.0,13.416,1.664,15.079,18.782
7529,11,17,29.6,13.262,1.694,14.956,18.567
7530,11,18,30.1,13.49,1.762,15.251,18.886
7531,11,19,30.4,13.322,1.764,15.085,18.65
7532,11,20,30.5,13.172,1.752,14.924,18.441
7533,11,21,30.4,13.036,1.726,14.762,18.251
7534,11,22,30.1,12.964,1.693,14.656,18.149
7535,11,23,29.6,12.869,1.644,14.513,18.016
7536,11,0,29.0,12.92,1.602,14.522,18.087
7537,11,1,28.3,12.764,1.527,14.292,17.87
7538,11,2,27.5,12.943,1.488,14.431,18.12
7539,11,3,26.7,13.049,1.44,14.489,18.269
7540,11,4,26.0,13.224,1.402,14.626,18.514
7541,11,5,25.4,13.256,1.356,14.612,18.558
7542,11,6,24.9,13.443,1.336,14.78,18.82
7543,11,7,24.6,13.602,1.328,14.93,19.043
7544,11,8,24.5,13.67,1.326,14.996,19.138
7545,11,9,24.6,13.694,1.337,15.031,19.172
7546,11,10,24.9,13.712,1.363,15.075,19.197
7547,11,11,25.4,13.653,1.396,15.049,19.114
7548,11,12,26.0,13.839,1.467,15.305,19.374
7549,11,13,26.7,13.919,1.536,15.455,19.486
7550,11,14,27.5,13.745,1.581,15.326,19.243
7551,11,15,28.3,13.839,1.656,15.495,19.374
7552,11,16,29.0,13.412,1.663,15.075,18.776
7553,11,17,29.6,13.352,1.705,15.057,18.693
7554,11,18,30.1,13.449,1.756,15.205,18.829
7555,11,19,30.4,13.286,1.759,15.045,18.601
7556,11,20,30.5,13.295,1.768,15.063,18.612
7557,11,21,30.4,13.079,1.731,14.81,18.31
7558,11,22,30.1,12.93,1.688,14.618,18.101
7559,11,23,29.6,12.955,1.655,14.61,18.137
7560,11,0,29.0,12.809,1.588,14.398,17.933
7561,11,1,28.3,12.864,1.539,14.403,18.009
7562,11,2,27.5,13.114,1.508,14.622,18.359
7563,11,3,26.7,13.167,1.453,14.62,18.434
7564,11,4,26.0,13.199,1.399,14.599,18.479
7565,11,5,25.4,13.088,1.339,14.426,18.323
7566,11,6,24.9,13.328,1.325,14.653,18.659
7567,11,7,24.6,13.345,1.303,14.648,18.683
7568,11,8,24.5,13.682,1.327,15.009,19.154
7569,11,9,24.6,13.589,1.326,14.915,19.024
7570,11,10,24.9,13.602,1.352,14.954,19.043
7571,11,11,25.4,13.754,1.407,15.161,19.255
7572,11,12,26.0,13.701,1.452,15.153,19.181
7573,11,13,26.7,13.899,1.534,15.433,19.459
7574,11,14,27.5,13.637,1.568,15.206,19.092
7575,11,15,28.3,13.507,1.616,15.123,18.91
7576,11,16,29.0,13.349,1.655,15.004,18.688
7577,11,17,29.6,13.464,1.72,15.184,18.85
7578,11,18,30.1,13.307,1.738,15.045,18.63
7579,11,19,30.4,13.117,1.737,14.853,18.364
7580,11,20,30.5,13.282,1.767,15.049,18.595
7581,11,21,30.4,13.147,1.74,14.887,18.406
7582,11,22,30.1,13.014,1.699,14.713,18.219
7583,11,23,29.6,13.113,1.675,14.788,18.358
7584,11,0,29.0,13.029,1.616,14.645,18.241
7585,11,1,28.3,12.894,1.543,14.437,18.052
7586,11,2,27.5,12.913,1.485,14.397,18.078
7587,11,3,26.7,13.162,1.452,14.614,18.427
7588,11,4,26.0,13.203,1.399,14.602,18.484
7589,11,5,25.4,13.277,1.358,14.635,18.588
7590,11,6,24.9,13.279,1.32,14.599,18.591
7591,11,7,24.6,13.528,1.321,14.849,18.939
7592,11,8,24.5,13.489,1.308,14.797,18.884
7593,11,9,24.6,13.637,1.331,14.968,19.092
7594,11,10,24.9,13.856,1.377,15.233,19.398
7595,11,11,25.4,13.685,1.4,15.084,19.159
7596,11,12,26.0,13.607,1.442,15.05,19.05
7597,11,13,26.7,13.646,1.506,15.151,19.104
7598,11,14,27.5,13.81,1.588,15.398,19.334
7599,11,15,28.3,13.673,1.636,15.309,19.142
7600,11,16,29.0,13.551,1.68,15.232,18.972
7601,11,17,29.6,13.416,1.714,15.13,18.783
7602,11,18,30.1,13.412,1.751,15.164,18.777
7603,11,19,30.4,13.175,1.744,14.919,18.445
7604,11,20,30.5,13.194,1.755,14.949,18.471
7605,11,21,30.4,13.007,1.722,14.729,18.21
7606,11,22,30.1,12.927,1.688,14.615,18.097
7607,11,23,29.6,12.913,1.649,14.562,18.078
7608,11,0,29.0,12.925,1.603,14.528,18.095
7609,11,1,28.3,12.972,1.552,14.524,18.16
7610,11,2,27.5,13.04,1.5,14.54,18.256
7611,11,3,26.7,12.711,1.403,14.114,17.796
7612,11,4,26.0,13.082,1.387,14.469,18.315
7613,11,5,25.4,13.221,1.352,14.573,18.509
7614,11,6,24.9,13.514,1.343,14.858,18.92
7615,11,7,24.6,13.359,1.304,14.663,18.703
7616,11,8,24.5,13.58,1.317,14.898,19.013
7617,11,9,24.6,13.797,1.347,15.143,19.315
7618,11,10,24.9,13.58,1.35,14.929,19.011
7619,11,11,25.4,13.79,1.41,15.201,19.306
7620,11,12,26.0,13.684,1.451,15.135,19.158
7621,11,13,26.7,13.7,1.512,15.212,19.181
7622,11,14,27.5,13.631,1.568,15.198,19.083
7623,11,15,28.3,13.574,1.624,15.198,19.004
7624,11,16,29.0,13.836,1.716,15.552,19.371
7625,11,17,29.6,13.552,1.731,15.283,18.973
7626,11,18,30.1,13.474,1.76,15.233,18.863
7627,11,19,30.4,13.309,1.762,15.071,18.633
7628,11,20,30.5,13.003,1.729,14.732,18.204
7629,11,21,30.4,13.12,1.737,14.857,18.368
7630,11,22,30.1,13.124,1.714,14.838,18.373
7631,11,23,29.6,12.891,1.647,14.538,18.047
7632,11,0,29.0,13.059,1.619,14.679,18.283
7633,11,1,28.3,13.047,1.561,14.608,18.266
7634,11,2,27.5,13.202,1.518,14.72,18.482
7635,11,3,26.7,13.038,1.439,14.477,18.254
7636,11,4,26.0,13.053,1.384,14.437,18.275
7637,11,5,25.4,13.224,1.352,14.576,18.513
7638,11,6,24.9,13.507,1.343,14.85,18.91
7639,11,7,24.6,13.285,1.297,14.581,18.598
7640,11,8,24.5,13.357,1.296,14.653,18.7
7641,11,9,24.6,13.656,1.333,14.989,19.118
7642,11,10,24.9,13.667,1.359,15.025,19.133
7643,11,11,25.4,13.752,1.406,15.158,19.252
7644,11,12,26.0,13.859,1.469,15.328,19.403
7645,11,13,26.7,13.696,1.511,15.207,19.174
7646,11,14,27.5,13.524,1.555,15.079,18.933
7647,11,15,28.3,13.852,1.657,15.509,19.392
7648,11,16,29.0,13.464,1.67,15.134,18.85
7649,11,17,29.6,13.361,1.707,15.068,18.706
7650,11,18,30.1,13.474,1.76,15.234,18.864
7651,11,19,30.4,13.221,1.75,14.972,18.51
7652,11,20,30.5,13.157,1.75,14.907,18.42
7653,11,21,30.4,13.128,1.738,14.866,18.38
7654,11,22,30.1,13.125,1.714,14.839,18.375
7655,11,23,29.6,12.943,1.653,14.596,18.12
7656,11,0,29.0,13.115,1.626,14.741,18.361
7657,11,1,28.3,12.763,1.527,14.29,17.868
7658,11,2,27.5,13.092,1.506,14.598,18.329
7659,11,3,26.7,12.996,1.434,14.43,18.195
7660,11,4,26.0,13.3,1.41,14.71,18.621
7661,11,5,25.4,13.274,1.358,14.632,18.584
7662,11,6,24.9,13.296,1.322,14.618,18.615
7663,11,7,24.6,13.534,1.321,14.855,18.947
7664,11,8,24.5,13.653,1.324,14.978,19.115
7665,11,9,24.6,13.711,1.338,15.05,19.196
7666,11,10,24.9,13.608,1.353,14.961,19.051
7667,11,11,25.4,13.702,1.401,15.104,19.183
7668,11,12,26.0,13.764,1.459,15.223,19.27
7669,11,13,26.7,13.747,1.517,15.264,19.245
7670,11,14,27.5,13.786,1.585,15.371,19.3
7671,11,15,28.3,13.446,1.609,15.055,18.824
7672,11,16,29.0,13.598,1.686,15.284,19.037
7673,11,17,29.6,13.438,1.716,15.155,18.814
7674,11,18,30.1,13.28,1.734,15.014,18.592
7675,11,19,30.4,13.186,1.746,14.931,18.46
7676,11,20,30.5,13.142,1.748,14.89,18.398
7677,11,21,30.4,12.72,1.684,14.404,17.808
7678,11,22,30.1,12.946,1.691,14.637,18.125
7679,11,23,29.6,12.889,1.646,14.535,18.044
7680,11,0,29.0,13.016,1.614,14.63,18.222
7681,11,1,28.3,12.896,1.543,14.439,18.054
7682,11,2,27.5,12.995,1.494,14.489,18.193
7683,11,3,26.7,13.234,1.46,14.695,18.528
7684,11,4,26.0,13.263,1.406,14.668,18.568
7685,11,5,25.4,13.35,1.365,14.715,18.69
7686,11,6,24.9,13.314,1.324,14.637,18.639
7687,11,7,24.6,13.522,1.32,14.842,18.93
7688,11,8,24.5,13.541,1.313,14.854,18.957
7689,11,9,24.6,13.628,1.33,14.958,19.079
7690,11,10,24.9,13.752,1.367,15.119,19.253
7691,11,11,25.4,13.691,1.4,15.091,19.168
7692,11,12,26.0,13.914,1.475,15.389,19.479
7693,11,13,26.7,13.735,1.516,15.25,19.229
7694,11,14,27.5,13.773,1.584,15.357,19.282
7695,11,15,28.3,13.793,1.65,15.443,19.31
7696,11,16,29.0,13.667,1.695,15.362,19.134
7697,11,17,29.6,13.327,1.702,15.029,18.657
7698,11,18,30.1,13.408,1.751,15.159,18.771
7699,11,19,30.4,13.345,1.767,15.112,18.683
7700,11,20,30.5,13.252,1.763,15.015,18.553
7701,11,21,30.4,12.969,1.717,14.686,18.156
7702,11,22,30.1,12.951,1.691,14.642,18.131
7703,11,23,29.6,13.076,1.67,14.746,18.306
7704,11,0,29.0,12.887,1.598,14.484,18.041
7705,11,1,28.3,12.946,1.549,14.496,18.125
7706,11,2,27.5,13.174,1.515,14.689,18.444
7707,11,3,26.7,13.075,1.443,14.518,18.306
7708,11,4,26.0,13.091,1.388,14.478,18.327
7709,11,5,25.4,13.172,1.347,14.519,18.441
7710,11,6,24.9,13.397,1.332,14.729,18.756
7711,11,7,24.6,13.334,1.302,14.636,18.668
7712,11,8,24.5,13.539,1.313,14.853,18.955
7713,11,9,24.6,13.68,1.335,15.016,19.153
7714,11,10,24.9,13.841,1.376,15.217,19.377
7715,11,11,25.4,13.818,1.413,15.231,19.345
7716,11,12,26.0,13.693,1.451,15.145,19.17
7717,11,13,26.7,13.869,1.53,15.399,19.416
7718,11,14,27.5,13.681,1.573,15.254,19.153
7719,11,15,28.3,13.524,1.618,15.142,18.933
7720,11,16,29.0,13.547,1.68,15.227,18.966
7721,11,17,29.6,13.611,1.739,15.35,19.056
7722,11,18,30.1,13.38,1.747,15.127,18.732
7723,11,19,30.4,13.261,1.756,15.017,18.566
7724,11,20,30.5,13.327,1.772,15.099,18.658
7725,11,21,30.4,12.937,1.713,14.65,18.112
7726,11,22,30.1,12.888,1.683,14.571,18.043
7727,11,23,29.6,12.815,1.637,14.452,17.941
7728,11,0,29.0,13.0,1.612,14.612,18.2
7729,11,1,28.3,12.993,1.555,14.548,18.19
7730,11,2,27.5,13.171,1.515,14.685,18.439
7731,11,3,26.7,13.104,1.446,14.55,18.346
7732,11,4,26.0,13.123,1.391,14.514,18.372
7733,11,5,25.4,13.26,1.356,14.616,18.564
7734,11,6,24.9,13.375,1.33,14.705,18.726
7735,11,7,24.6,13.3,1.298,14.599,18.62
7736,11,8,24.5,13.835,1.342,15.177,19.369
7737,11,9,24.6,13.699,1.337,15.036,19.179
7738,11,10,24.9,13.732,1.365,15.097,19.225
7739,11,11,25.4,13.812,1.413,15.225,19.337
7740,11,12,26.0,13.835,1.467,15.302,19.37
7741,11,13,26.7,13.737,1.516,15.253,19.232
7742,11,14,27.5,13.648,1.569,15.217,19.107
7743,11,15,28.3,13.707,1.64,15.347,19.19
7744,11,16,29.0,13.603,1.687,15.289,19.044
7745,11,17,29.6,13.386,1.71,15.096,18.741
7746,11,18,30.1,13.506,1.764,15.269,18.908
7747,11,19,30.4,13.289,1.759,15.049,18.605
7748,11,20,30.5,13.236,1.76,14.997,18.531
7749,11,21,30.4,13.219,1.75,14.969,18.507
7750,11,22,30.1,13.019,1.7,14.719,18.226
7751,11,23,29.6,13.008,1.661,14.67,18.211
7752,11,0,29.0,13.044,1.617,14.661,18.261
7753,11,1,28.3,12.904,1.544,14.448,18.065
7754,11,2,27.5,13.022,1.498,14.519,18.231
7755,11,3,26.7,13.093,1.445,14.537,18.33
7756,11,4,26.0,13.068,1.385,14.453,18.295
7757,11,5,25.4,13.492,1.38,14.871,18.888
7758,11,6,24.9,13.223,1.315,14.537,18.512
7759,11,7,24.6,13.338,1.302,14.64,18.673
7760,11,8,24.5,13.696,1.328,15.024,19.174
7761,11,9,24.6,13.718,1.339,15.058,19.206
7762,11,10,24.9,13.608,1.353,14.961,19.052
7763,11,11,25.4,13.812,1.413,15.224,19.336
7764,11,12,26.0,13.911,1.475,15.386,19.476
7765,11,13,26.7,13.748,1.517,15.265,19.247
7766,11,14,27.5,13.971,1.607,15.577,19.559
7767,11,15,28.3,13.475,1.612,15.087,18.865
7768,11,16,29.0,13.633,1.691,15.324,19.087
7769,11,17,29.6,13.584,1.735,15.319,19.018
7770,11,18,30.1,13.453,1.757,15.21,18.834
7771,11,19,30.4,13.239,1.753,14.992,18.535
7772,11,20,30.5,13.134,1.747,14.881,18.388
7773,11,21,30.4,13.125,1.738,14.862,18.374
7774,11,22,30.1,13.098,1.71,14.808,18.337
7775,11,23,29.6,13.037,1.665,14.702,18.251
7776,11,0,29.0,13.067,1.62,14.687,18.293
7777,11,1,28.3,12.875,1.541,14.415,18.024
7778,11,2,27.5,12.994,1.494,14.488,18.191
7779,11,3,26.7,12.986,1.433,14.419,18.181
7780,11,4,26.0,13.125,1.391,14.516,18.374
7781,11,5,25.4,13.361,1.366,14.728,18.706
7782,11,6,24.9,13.374,1.33,14.704,18.724
7783,11,7,24.6,13.728,1.34,15.068,19.219
7784,11,8,24.5,13.583,1.318,14.901,19.017
7785,11,9,24.6,13.653,1.333,14.986,19.114
7786,11,10,24.9,13.721,1.364,15.086,19.21
7787,11,11,25.4,13.687,1.4,15.087,19.162
7788,11,12,26.0,13.759,1.458,15.217,19.262
7789,11,13,26.7,13.864,1.53,15.393,19.409
7790,11,14,27.5,13.722,1.578,15.3,19.211
7791,11,15,28.3,13.568,1.624,15.191,18.995
7792,11,16,29.0,13.472,1.67,15.142,18.86
7793,11,17,29.6,13.422,1.714,15.137,18.791
7794,11,18,30.1,13.371,1.746,15.117,18.719
7795,11,19,30.4,13.379,1.771,15.15,18.731
7796,11,20,30.5,13.029,1.733,14.762,18.241
7797,11,21,30.4,13.048,1.727,14.776,18.267
7798,11,22,30.1,13.031,1.702,14.733,18.243
7799,11,23,29.6,12.793,1.634,14.427,17.91
7800,11,0,29.0,12.879,1.597,14.476,18.031
7801,11,1,28.3,12.908,1.545,14.453,18.072
7802,11,2,27.5,12.937,1.488,14.425,18.112
7803,11,3,26.7,13.099,1.445,14.545,18.339
7804,11,4,26.0,13.147,1.394,14.541,18.406
7805,11,5,25.4,13.204,1.35,14.555,18.486
7806,11,6,24.9,13.406,1.333,14.739,18.769
7807,11,7,24.6,13.64,1.331,14.971,19.096
7808,11,8,24.5,13.728,1.332,15.06,19.219
7809,11,9,24.6,13.455,1.313,14.768,18.837
7810,11,10,24.9,13.769,1.369,15.137,19.276
7811,11,11,25.4,13.733,1.405,15.138,19.226
7812,11,12,26.0,13.78,1.461,15.241,19.292
7813,11,13,26.7,13.711,1.513,15.224,19.195
7814,11,14,27.5,13.723,1.578,15.301,19.212
7815,11,15,28.3,13.662,1.635,15.297,19.127
7816,11,16,29.0,13.506,1.675,15.181,18.909
7817,11,17,29.6,13.378,1.709,15.086,18.729
7818,11,18,30.1,13.319,1.739,15.058,18.646
7819,11,19,30.4,13.283,1.759,15.042,18.597
7820,11,20,30.5,13.223,1.759,14.982,18.512
7821,11,21,30.4,13.165,1.743,14.908,18.432
7822,11,22,30.1,12.967,1.693,14.66,18.154
7823,11,23,29.6,13.005,1.661,14.666,18.207
7824,11,0,29.0,13.059,1.619,14.678,18.283
7825,11,1,28.3,13.093,1.567,14.66,18.33
7826,11,2,27.5,13.011,1.496,14.507,18.215
7827,11,3,26.7,13.058,1.441,14.499,18.281
7828,11,4,26.0,13.182,1.397,14.58,18.455
7829,11,5,25.4,13.145,1.344,14.489,18.403
7830,11,6,24.9,13.344,1.327,14.671,18.682
7831,11,7,24.6,13.542,1.322,14.864,18.959
7832,11,8,24.5,13.628,1.322,14.95,19.08
7833,11,9,24.6,13.62,1.33,14.95,19.068
7834,11,10,24.9,13.733,1.365,15.098,19.226
7835,11,11,25.4,13.668,1.398,15.066,19.136
7836,11,12,26.0,13.835,1.466,15.301,19.369
7837,11,13,26.7,13.743,1.516,15.26,19.24
7838,11,14,27.5,13.683,1.574,15.257,19.157
7839,11,15,28.3,13.611,1.629,15.24,19.055
7840,11,16,29.0,13.558,1.681,15.239,18.981
7841,11,17,29.6,13.423,1.714,15.137,18.792
7842,11,18,30.1,13.429,1.754,15.183,18.801
7843,11,19,30.4,13.22,1.75,14.971,18.508
7844,11,20,30.5,13.322,1.772,15.094,18.651
7845,11,21,30.4,13.227,1.751,14.978,18.517
7846,11,22,30.1,12.927,1.688,14.615,18.098
7847,11,23,29.6,12.983,1.658,14.642,18.177
7848,11,0,29.0,12.898,1.599,14.497,18.057
7849,11,1,28.3,12.944,1.549,14.493,18.121
7850,11,2,27.5,13.217,1.52,14.737,18.503
7851,11,3,26.7,13.049,1.44,14.489,18.269
7852,11,4,26.0,13.199,1.399,14.598,18.479
7853,11,5,25.4,13.314,1.362,14.676,18.64
7854,11,6,24.9,13.264,1.319,14.582,18.569
7855,11,7,24.6,13.382,1.306,14.688,18.735
7856,11,8,24.5,13.443,1.304,14.748,18.821
7857,11,9,24.6,13.559,1.323,14.882,18.982
7858,11,10,24.9,13.426,1.335,14.761,18.796
7859,11,11,25.4,13.805,1.412,15.217,19.327
7860,11,12,26.0,13.97,1.481,15.451,19.558
7861,11,13,26.7,13.766,1.519,15.285,19.272
7862,11,14,27.5,13.569,1.56,15.13,18.997
7863,11,15,28.3,13.583,1.625,15.208,19.016
7864,11,16,29.0,13.518,1.676,15.194,18.925
7865,11,17,29.6,13.366,1.707,15.073,18.712
7866,11,18,30.1,13.45,1.756,15.206,18.83
7867,11,19,30.4,13.341,1.766,15.107,18.677
7868,11,20,30.5,13.048,1.735,14.783,18.267
7869,11,21,30.4,13.153,1.741,14.894,18.414
7870,11,22,30.1,13.169,1.72,14.889,18.437
7871,11,23,29.6,13.167,1.682,14.848,18.433
7872,11,0,29.0,13.249,1.643,14.892,18.549
7873,11,1,28.3,12.886,1.542,14.428,18.041
7874,11,2,27.5,13.299,1.529,14.828,18.618
7875,11,3,26.7,13.045,1.439,14.484,18.263
7876,11,4,26.0,13.104,1.389,14.493,18.346
7877,11,5,25.4,13.293,1.359,14.652,18.61
7878,11,6,24.9,13.305,1.323,14.628,18.628
7879,11,7,24.6,13.507,1.318,14.826,18.91
7880,11,8,24.5,13.432,1.303,14.735,18.805
7881,11,9,24.6,13.623,1.33,14.953,19.073
7882,11,10,24.9,13.839,1.376,15.215,19.375
7883,11,11,25.4,13.745,1.406,15.151,19.243
7884,11,12,26.0,13.779,1.461,15.239,19.29
7885,11,13,26.7,13.798,1.523,15.321,19.318
7886,11,14,27.5,13.828,1.59,15.418,19.359
7887,11,15,28.3,13.482,1.613,15.095,18.874
7888,11,16,29.0,13.623,1.689,15.312,19.072
7889,11,17,29.6,13.441,1.717,15.157,18.817
7890,11,18,30.1,13.38,1.747,15.128,18.732
7891,11,19,30.4,13.366,1.769,15.135,18.712
7892,11,20,30.5,13.044,1.735,14.779,18.261
7893,11,21,30.4,12.979,1.718,14.697,18.17
7894,11,22,30.1,12.823,1.675,14.497,17.952
7895,11,23,29.6,12.921,1.65,14.572,18.09
7896,11,0,29.0,13.096,1.624,14.72,18.334
7897,11,1,28.3,12.964,1.551,14.516,18.15
7898,11,2,27.5,12.882,1.481,14.364,18.035
7899,11,3,26.7,13.032,1.438,14.47,18.244
7900,11,4,26.0,13.014,1.38,14.394,18.22
7901,11,5,25.4,13.147,1.345,14.492,18.406
7902,11,6,24.9,13.403,1.332,14.735,18.764
7903,11,7,24.6,13.35,1.303,14.653,18.69
7904,11,8,24.5,13.675,1.327,15.002,19.145
7905,11,9,24.6,13.64,1.331,14.971,19.096
7906,11,10,24.9,13.719,1.364,15.083,19.207
7907,11,11,25.4,13.723,1.403,15.127,19.212
7908,11,12,26.0,13.842,1.467,15.309,19.379
7909,11,13,26.7,13.829,1.526,15.355,19.361
7910,11,14,27.5,13.744,1.581,15.325,19.242
7911,11,15,28.3,13.704,1.64,15.343,19.185
7912,11,16,29.0,13.543,1.679,15.222,18.96
7913,11,17,29.6,13.522,1.727,15.249,18.93
7914,11,18,30.1,13.33,1.741,15.071,18.662
7915,11,19,30.4,13.26,1.755,15.016,18.564
7916,11,20,30.5,13.136,1.747,14.883,18.39
7917,11,21,30.4,13.034,1.726,14.76,18.248
7918,11,22,30.1,12.948,1.691,14.638,18.127
7919,11,23,29.6,13.023,1.663,14.687,18.232
7920,12,0,29.0,13.226,1.64,14.866,18.516
7921,12,1,28.3,13.226,1.583,14.809,18.516
7922,12,2,27.5,13.024,1.498,14.521,18.233
7923,12,3,26.7,13.343,1.472,14.815,18.68
7924,12,4,26.0,13.266,1.406,14.672,18.572
7925,12,5,25.4,13.455,1.376,14.831,18.837
7926,12,6,24.9,13.409,1.333,14.742,18.773
7927,12,7,24.6,13.619,1.329,14.948,19.067
7928,12,8,24.5,13.734,1.332,15.066,19.227
7929,12,9,24.6,13.638,1.331,14.969,19.093
7930,12,10,24.9,13.912,1.383,15.295,19.476
7931,12,11,25.4,14.026,1.434,15.46,19.636
7932,12,12,26.0,13.888,1.472,15.36,19.443
7933,12,13,26.7,14.027,1.548,15.575,19.638
7934,12,14,27.5,13.832,1.591,15.422,19.364
7935,12,15,28.3,13.871,1.66,15.531,19.42
7936,12,16,29.0,13.481,1.672,15.152,18.873
7937,12,17,29.6,13.847,1.769,15.615,19.385
7938,12,18,30.1,13.65,1.782,15.432,19.109
7939,12,19,30.4,13.367,1.77,15.136,18.713
7940,12,20,30.5,13.1,1.742,14.843,18.34
7941,12,21,30.4,13.242,1.753,14.996,18.539
7942,12,22,30.1,13.005,1.698,14.703,18.207
7943,12,23,29.6,13.153,1.68,14.833,18.415
7944,12,0,29.0,13.136,1.629,14.765,18.391
7945,12,1,28.3,13.015,1.557,14.572,18.221
7946,12,2,27.5,13.261,1.525,14.786,18.566
7947,12,3,26.7,13.294,1.467,14.761,18.612
7948,12,4,26.0,13.395,1.42,14.815,18.753
7949,12,5,25.4,13.396,1.37,14.766,18.754
7950,12,6,24.9,13.358,1.328,14.686,18.702
7951,12,7,24.6,13.703,1.338,15.04,19.184
7952,12,8,24.5,13.675,1.327,15.002,19.146
7953,12,9,24.6,13.647,1.332,14.98,19.106
7954,12,10,24.9,13.986,1.39,15.376,19.58
7955,12,11,25.4,14.101,1.442,15.543,19.742
7956,12,12,26.0,13.901,1.473,15.374,19.461
7957,12,13,26.7,14.107,1.557,15.664,19.75
7958,12,14,27.5,13.86,1.594,15.454,19.404
7959,12,15,28.3,13.748,1.645,15.393,19.248
7960,12,16,29.0,13.639,1.691,15.331,19.095
7961,12,17,29.6,13.769,1.759,15.527,19.276
7962,12,18,30.1,13.422,1.753,15.175,18.791
7963,12,19,30.4,13.469,1.783,15.252,18.856
7964,12,20,30.5,13.242,1.761,15.003,18.538
7965,12,21,30.4,13.168,1.743,14.911,18.435
7966,12,22,30.1,13.252,1.731,14.983,18.553
7967,12,23,29.6,13.071,1.67,14.74,18.299
7968,12,0,29.0,13.055,1.619,14.673,18.276
7969,12,1,28.3,13.222,1.582,14.804,18.511
7970,12,2,27.5,13.309,1.531,14.84,18.633
7971,12,3,26.7,13.278,1.465,14.743,18.589
7972,12,4,26.0,13.232,1.403,14.635,18.525
7973,12,5,25.4,13.344,1.365,14.709,18.682
7974,12,6,24.9,13.508,1.343,14.851,18.911
7975,12,7,24.6,13.637,1.331,14.968,19.092
7976,12,8,24.5,13.604,1.32,14.923,19.045
7977,12,9,24.6,13.859,1.353,15.211,19.402
7978,12,10,24.9,13.859,1.378,15.237,19.403
7979,12,11,25.4,13.72,1.403,15.123,19.207
7980,12,12,26.0,13.812,1.464,15.276,19.337
7981,12,13,26.7,13.841,1.527,15.368,19.377
7982,12,14,27.5,13.843,1.592,15.435,19.381
7983,12,15,28.3,13.975,1.672,15.648,19.565
7984,12,16,29.0,13.726,1.702,15.428,19.217
7985,12,17,29.6,13.521,1.727,15.248,18.929
7986,12,18,30.1,13.522,1.766,15.288,18.931
7987,12,19,30.4,13.36,1.769,15.129,18.704
7988,12,20,30.5,13.33,1.773,15.103,18.662
7989,12,21,30.4,13.272,1.757,15.029,18.58
7990,12,22,30.1,13.27,1.733,15.003,18.578
7991,12,23,29.6,13.106,1.674,14.78,18.349
7992,12,0,29.0,13.259,1.644,14.903,18.562
7993,12,1,28.3,13.2,1.579,14.779,18.479
7994,12,2,27.5,13.079,1.504,14.583,18.31
7995,12,3,26.7,13.435,1.482,14.917,18.808
7996,12,4,26.0,13.33,1.413,14.743,18.662
7997,12,5,25.4,13.312,1.361,14.673,18.636
7998,12,6,24.9,13.665,1.358,15.024,19.131
7999,12,7,24.6,13.813,1.348,15.161,19.338
8000,12,8,24.5,13.699,1.329,15.028,19.179
8001,12,9,24.6,13.736,1.341,15.077,19.23
8002,12,10,24.9,13.834,1.375,15.209,19.367
8003,12,11,25.4,13.963,1.428,15.391,19.548
8004,12,12,26.0,14.033,1.487,15.52,19.646
8005,12,13,26.7,13.948,1.539,15.487,19.528
8006,12,14,27.5,13.861,1.594,15.455,19.405
8007,12,15,28.3,13.936,1.668,15.604,19.511
8008,12,16,29.0,13.671,1.695,15.366,19.14
8009,12,17,29.6,13.708,1.751,15.459,19.191
8010,12,18,30.1,13.471,1.759,15.23,18.86
8011,12,19,30.4,13.438,1.779,15.217,18.814
8012,12,20,30.5,13.286,1.767,15.053,18.601
8013,12,21,30.4,13.208,1.749,14.957,18.491
8014,12,22,30.1,13.112,1.712,14.824,18.356
8015,12,23,29.6,13.243,1.692,14.935,18.541
8016,12,0,29.0,13.022,1.615,14.636,18.23
8017,12,1,28.3,13.035,1.56,14.595,18.249
8018,12,2,27.5,13.361,1.537,14.898,18.706
8019,12,3,26.7,13.311,1.469,14.78,18.636
8020,12,4,26.0,13.059,1.384,14.443,18.283
8021,12,5,25.4,13.339,1.364,14.703,18.674
8022,12,6,24.9,13.319,1.324,14.643,18.646
8023,12,7,24.6,13.51,1.319,14.828,18.914
8024,12,8,24.5,13.389,1.299,14.687,18.744
8025,12,9,24.6,13.773,1.344,15.117,19.282
8026,12,10,24.9,13.737,1.366,15.102,19.231
8027,12,11,25.4,13.897,1.421,15.318,19.456
8028,12,12,26.0,13.742,1.457,15.199,19.239
8029,12,13,26.7,13.899,1.534,15.433,19.459
8030,12,14,27.5,13.809,1.588,15.397,19.333
8031,12,15,28.3,13.937,1.668,15.604,19.511
8032,12,16,29.0,13.844,1.717,15.56,19.381
8033,12,17,29.6,13.683,1.748,15.431,19.157
8034,12,18,30.1,13.467,1.759,15.226,18.854
8035,12,19,30.4,13.594,1.8,15.393,19.031
8036,12,20,30.5,13.142,1.748,14.89,18.399
8037,12,21,30.4,13.073,1.731,14.804,18.303
8038,12,22,30.1,13.141,1.716,14.857,18.397
8039,12,23,29.6,13.334,1.703,15.037,18.668
8040,12,0,29.0,13.075,1.621,14.696,18.305
8041,12,1,28.3,13.09,1.566,14.657,18.327
8042,12,2,27.5,13.005,1.496,14.501,18.207
8043,12,3,26.7,13.308,1.468,14.777,18.632
8044,12,4,26.0,13.393,1.42,14.812,18.75
8045,12,5,25.4,13.474,1.378,14.852,18.864
8046,12,6,24.9,13.437,1.336,14.773,18.812
8047,12,7,24.6,13.534,1.321,14.855,18.948
8048,12,8,24.5,13.573,1.317,14.89,19.002
8049,12,9,24.6,13.795,1.347,15.141,19.313
8050,12,10,24.9,13.743,1.366,15.109,19.24
8051,12,11,25.4,13.773,1.409,15.182,19.283
8052,12,12,26.0,13.863,1.469,15.332,19.408
8053,12,13,26.7,13.842,1.527,15.37,19.379
8054,12,14,27.5,13.797,1.587,15.384,19.316
8055,12,15,28.3,13.833,1.655,15.488,19.366
8056,12,16,29.0,13.71,1.7,15.41,19.195
8057,12,17,29.6,13.576,1.734,15.31,19.006
8058,12,18,30.1,13.518,1.765,15.284,18.926
8059,12,19,30.4,13.296,1.76,15.056,18.614
8060,12,20,30.5,13.308,1.77,15.078,18.631
8061,12,21,30.4,13.229,1.751,14.98,18.52
8062,12,22,30.1,12.999,1.698,14.696,18.199
8063,12,23,29.6,13.208,1.687,14.895,18.492
8064,12,0,29.0,13.007,1.613,14.62,18.21
8065,12,1,28.3,13.118,1.57,14.687,18.365
8066,12,2,27.5,13.266,1.526,14.791,18.572
8067,12,3,26.7,13.306,1.468,14.774,18.629
8068,12,4,26.0,13.301,1.41,14.711,18.621
8069,12,5,25.4,13.359,1.366,14.725,18.702
8070,12,6,24.9,13.595,1.351,14.946,19.033
8071,12,7,24.6,13.672,1.335,15.007,19.141
8072,12,8,24.5,13.641,1.323,14.964,19.097
8073,12,9,24.6,13.707,1.338,15.045,19.19
8074,12,10,24.9,13.644,1.356,15.0,19.101
8075,12,11,25.4,13.907,1.422,15.329,19.469
8076,12,12,26.0,13.897,1.473,15.37,19.455
8077,12,13,26.7,14.005,1.545,15.55,19.607
8078,12,14,27.5,13.887,1.597,15.484,19.441
8079,12,15,28.3,13.92,1.666,15.585,19.488
8080,12,16,29.0,13.633,1.69,15.323,19.086
8081,12,17,29.6,13.719,1.752,15.471,19.206
8082,12,18,30.1,13.447,1.756,15.203,18.826
8083,12,19,30.4,13.473,1.784,15.257,18.862
8084,12,20,30.5,13.152,1.749,14.901,18.412
8085,12,21,30.4,13.237,1.752,14.99,18.532
8086,12,22,30.1,12.951,1.691,14.642,18.131
8087,12,23,29.6,13.082,1.671,14.753,18.315
8088,12,0,29.0,13.139,1.629,14.768,18.395
8089,12,1,28.3,13.057,1.562,14.619,18.279
8090,12,2,27.5,13.044,1.5,14.544,18.262
8091,12,3,26.7,13.298,1.467,14.766,18.618
8092,12,4,26.0,13.287,1.408,14.696,18.602
8093,12,5,25.4,13.346,1.365,14.711,18.685
8094,12,6,24.9,13.504,1.342,14.847,18.906
8095,12,7,24.6,13.868,1.354,15.222,19.416
8096,12,8,24.5,13.818,1.34,15.158,19.345
8097,12,9,24.6,13.903,1.357,15.26,19.464
8098,12,10,24.9,13.894,1.381,15.276,19.452
8099,12,11,25.4,13.908,1.422,15.33,19.471
8100,12,12,26.0,13.665,1.449,15.114,19.132
8101,12,13,26.7,13.823,1.525,15.349,19.353
8102,12,14,27.5,13.803,1.587,15.39,19.324
8103,12,15,28.3,13.599,1.627,15.226,19.038
8104,12,16,29.0,13.587,1.685,15.272,19.021
8105,12,17,29.6,13.407,1.712,15.119,18.769
8106,12,18,30.1,13.496,1.762,15.259,18.895
8107,12,19,30.4,13.477,1.784,15.261,18.868
8108,12,20,30.5,13.408,1.783,15.191,18.771
8109,12,21,30.4,13.255,1.755,15.01,18.557
8110,12,22,30.1,13.053,1.705,14.757,18.274
8111,12,23,29.6,12.916,1.65,14.565,18.082
8112,12,0,29.0,12.919,1.602,14.521,18.087
8113,12,1,28.3,12.982,1.553,14.535,18.175
8114,12,2,27.5,13.06,1.502,14.562,18.285
8115,12,3,26.7,13.198,1.456,14.654,18.477
8116,12,4,26.0,13.196,1.399,14.595,18.475
8117,12,5,25.4,13.429,1.373,14.802,18.801
8118,12,6,24.9,13.477,1.34,14.817,18.867
8119,12,7,24.6,13.606,1.328,14.934,19.048
8120,12,8,24.5,13.817,1.34,15.157,19.343
8121,12,9,24.6,13.668,1.334,15.003,19.136
8122,12,10,24.9,13.893,1.381,15.274,19.45
8123,12,11,25.4,13.89,1.421,15.31,19.446
8124,12,12,26.0,13.872,1.47,15.342,19.42
8125,12,13,26.7,13.98,1.543,15.522,19.572
8126,12,14,27.5,13.939,1.603,15.542,19.514
8127,12,15,28.3,13.692,1.638,15.33,19.168
8128,12,16,29.0,13.684,1.697,15.381,19.158
8129,12,17,29.6,13.633,1.741,15.374,19.086
8130,12,18,30.1,13.473,1.759,15.232,18.862
8131,12,19,30.4,13.454,1.781,15.235,18.835
8132,12,20,30.5,13.326,1.772,15.098,18.656
8133,12,21,30.4,13.397,1.774,15.17,18.756
8134,12,22,30.1,12.996,1.697,14.693,18.195
8135,12,23,29.6,13.097,1.673,14.769,18.335
8136,12,0,29.0,13.004,1.613,14.617,18.206
8137,12,1,28.3,13.169,1.576,14.745,18.437
8138,12,2,27.5,12.988,1.494,14.481,18.183
8139,12,3,26.7,13.248,1.462,14.71,18.548
8140,12,4,26.0,13.234,1.403,14.637,18.528
8141,12,5,25.4,13.322,1.362,14.684,18.65
8142,12,6,24.9,13.355,1.328,14.683,18.697
8143,12,7,24.6,13.558,1.323,14.882,18.982
8144,12,8,24.5,13.811,1.34,15.151,19.335
8145,12,9,24.6,13.784,1.345,15.129,19.297
8146,12,10,24.9,13.914,1.383,15.297,19.479
8147,12,11,25.4,14.058,1.438,15.495,19.681
8148,12,12,26.0,13.931,1.477,15.408,19.504
8149,12,13,26.7,13.835,1.527,15.362,19.369
8150,12,14,27.5,13.897,1.598,15.496,19.456
8151,12,15,28.3,13.732,1.643,15.375,19.225
8152,12,16,29.0,13.652,1.693,15.345,19.113
8153,12,17,29.6,13.453,1.718,15.171,18.834
8154,12,18,30.1,13.593,1.775,15.368,19.03
8155,12,19,30.4,13.357,1.768,15.125,18.699
8156,12,20,30.5,13.316,1.771,15.087,18.642
8157,12,21,30.4,13.11,1.736,14.846,18.354
8158,12,22,30.1,13.193,1.723,14.916,18.47
8159,12,23,29.6,13.033,1.665,14.697,18.246
8160,12,0,29.0,13.081,1.622,14.703,18.313
8161,12,1,28.3,13.197,1.579,14.776,18.475
8162,12,2,27.5,13.228,1.521,14.75,18.52
8163,12,3,26.7,13.211,1.458,14.669,18.496
8164,12,4,26.0,13.121,1.391,14.511,18.369
8165,12,5,25.4,13.694,1.401,15.095,19.172
8166,12,6,24.9,13.675,1.359,15.034,19.144
8167,12,7,24.6,13.677,1.335,15.012,19.148
8168,12,8,24.5,13.627,1.322,14.949,19.078
8169,12,9,24.6,13.775,1.345,15.12,19.285
8170,12,10,24.9,13.796,1.372,15.168,19.315
8171,12,11,25.4,14.018,1.434,15.451,19.625
8172,12,12,26.0,13.931,1.477,15.408,19.504
8173,12,13,26.7,13.813,1.524,15.337,19.338
8174,12,14,27.5,13.804,1.587,15.391,19.325
8175,12,15,28.3,13.898,1.663,15.562,19.458
8176,12,16,29.0,13.863,1.719,15.581,19.408
8177,12,17,29.6,13.758,1.757,15.515,19.261
8178,12,18,30.1,13.576,1.773,15.349,19.006
8179,12,19,30.4,13.37,1.77,15.14,18.718
8180,12,20,30.5,12.973,1.725,14.699,18.163
8181,12,21,30.4,13.243,1.753,14.997,18.541
8182,12,22,30.1,13.149,1.717,14.866,18.409
8183,12,23,29.6,13.123,1.676,14.799,18.372
8184,12,0,29.0,13.1,1.624,14.725,18.341
8185,12,1,28.3,12.976,1.553,14.529,18.167
8186,12,2,27.5,13.205,1.519,14.724,18.487
8187,12,3,26.7,13.277,1.465,14.742,18.588
8188,12,4,26.0,13.366,1.417,14.783,18.712
8189,12,5,25.4,13.49,1.38,14.869,18.886
8190,12,6,24.9,13.56,1.348,14.908,18.985
8191,12,7,24.6,13.564,1.324,14.888,18.989
8192,12,8,24.5,13.695,1.328,15.024,19.174
8193,12,9,24.6,13.795,1.347,15.142,19.314
8194,12,10,24.9,13.862,1.378,15.24,19.406
8195,12,11,25.4,13.991,1.431,15.422,19.587
8196,12,12,26.0,13.969,1.481,15.45,19.557
8197,12,13,26.7,14.099,1.556,15.655,19.739
8198,12,14,27.5,14.071,1.618,15.69,19.7
8199,12,15,28.3,13.794,1.651,15.445,19.312
8200,12,16,29.0,13.319,1.652,14.97,18.646
8201,12,17,29.6,13.729,1.754,15.482,19.22
8202,12,18,30.1,13.446,1.756,15.202,18.824
8203,12,19,30.4,13.315,1.763,15.078,18.641
8204,12,20,30.5,13.258,1.763,15.021,18.561
8205,12,21,30.4,13.169,1.743,14.912,18.437
8206,12,22,30.1,13.21,1.725,14.936,18.495
8207,12,23,29.6,12.953,1.654,14.607,18.134
8208,12,0,29.0,12.987,1.61,14.598,18.182
8209,12,1,28.3,13.143,1.573,14.716,18.4
8210,12,2,27.5,13.212,1.519,14.731,18.496
8211,12,3,26.7,13.278,1.465,14.743,18.589
8212,12,4,26.0,13.219,1.401,14.62,18.506
8213,12,5,25.4,13.297,1.36,14.657,18.616
8214,12,6,24.9,13.449,1.337,14.786,18.829
8215,12,7,24.6,13.629,1.33,14.959,19.08
8216,12,8,24.5,13.851,1.344,15.195,19.391
8217,12,9,24.6,13.582,1.326,14.907,19.014
8218,12,10,24.9,13.829,1.375,15.203,19.36
8219,12,11,25.4,13.758,1.407,15.165,19.261
8220,12,12,26.0,13.74,1.456,15.196,19.236
8221,12,13,26.7,13.988,1.543,15.531,19.583
8222,12,14,27.5,13.905,1.599,15.504,19.467
8223,12,15,28.3,13.831,1.655,15.486,19.364
8224,12,16,29.0,13.795,1.711,15.505,19.312
8225,12,17,29.6,13.557,1.732,15.288,18.98
8226,12,18,30.1,13.457,1.757,15.214,18.839
8227,12,19,30.4,13.614,1.802,15.416,19.059
8228,12,20,30.5,13.273,1.765,15.038,18.582
8229,12,21,30.4,13.287,1.759,15.046,18.602
8230,12,22,30.1,13.15,1.717,14.867,18.41
8231,12,23,29.6,12.924,1.651,14.575,18.094
8232,12,0,29.0,12.891,1.598,14.489,18.047
8233,12,1,28.3,13.051,1.562,14.613,18.271
8234,12,2,27.5,13.255,1.524,14.779,18.557
8235,12,3,26.7,13.292,1.467,14.759,18.609
8236,12,4,26.0,13.389,1.419,14.808,18.744
8237,12,5,25.4,13.296,1.36,14.656,18.615
8238,12,6,24.9,13.662,1.358,15.02,19.126
8239,12,7,24.6,13.508,1.319,14.827,18.912
8240,12,8,24.5,13.724,1.331,15.055,19.213
8241,12,9,24.6,13.785,1.346,15.131,19.299
8242,12,10,24.9,13.833,1.375,15.209,19.367
8243,12,11,25.4,14.025,1.434,15.459,19.635
8244,12,12,26.0,13.834,1.466,15.301,19.368
8245,12,13,26.7,13.756,1.518,15.274,19.259
8246,12,14,27.5,13.853,1.593,15.446,19.394
8247,12,15,28.3,13.746,1.645,15.391,19.245
8248,12,16,29.0,14.04,1.741,15.781,19.656
8249,12,17,29.6,13.672,1.746,15.419,19.141
8250,12,18,30.1,13.459,1.758,15.217,18.843
8251,12,19,30.4,13.29,1.759,15.049,18.605
8252,12,20,30.5,13.109,1.744,14.853,18.353
8253,12,21,30.4,13.111,1.736,14.847,18.356
8254,12,22,30.1,13.161,1.719,14.879,18.425
8255,12,23,29.6,13.252,1.693,14.944,18.552
8256,12,0,29.0,13.207,1.638,14.845,18.49
8257,12,1,28.3,13.132,1.571,14.703,18.384
8258,12,2,27.5,13.117,1.508,14.625,18.364
8259,12,3,26.7,13.241,1.461,14.701,18.537
8260,12,4,26.0,13.246,1.404,14.65,18.544
8261,12,5,25.4,13.567,1.388,14.955,18.994
8262,12,6,24.9,13.481,1.34,14.821,18.874
8263,12,7,24.6,13.596,1.327,14.923,19.035
8264,12,8,24.5,13.481,1.308,14.789,18.873
8265,12,9,24.6,13.767,1.344,15.111,19.274
8266,12,10,24.9,13.934,1.385,15.32,19.508
8267,12,11,25.4,13.784,1.41,15.194,19.298
8268,12,12,26.0,13.83,1.466,15.296,19.362
8269,12,13,26.7,13.97,1.542,15.512,19.559
8270,12,14,27.5,13.703,1.576,15.279,19.184
8271,12,15,28.3,13.892,1.662,15.554,19.449
8272,12,16,29.0,13.649,1.693,15.342,19.109
8273,12,17,29.6,13.566,1.733,15.299,18.992
8274,12,18,30.1,13.388,1.748,15.136,18.743
8275,12,19,30.4,13.433,1.778,15.211,18.806
8276,12,20,30.5,13.543,1.801,15.345,18.961
8277,12,21,30.4,13.292,1.76,15.051,18.608
8278,12,22,30.1,13.063,1.706,14.769,18.288
8279,12,23,29.6,13.222,1.689,14.911,18.511
8280,12,0,29.0,13.063,1.62,14.683,18.289
8281,12,1,28.3,13.246,1.585,14.831,18.545
8282,12,2,27.5,13.23,1.521,14.751,18.522
8283,12,3,26.7,12.919,1.426,14.345,18.087
8284,12,4,26.0,13.197,1.399,14.596,18.476
8285,12,5,25.4,13.49,1.38,14.869,18.885
8286,12,6,24.9,13.515,1.344,14.859,18.921
8287,12,7,24.6,13.502,1.318,14.82,18.903
8288,12,8,24.5,13.639,1.323,14.962,19.095
8289,12,9,24.6,13.596,1.327,14.923,19.034
8290,12,10,24.9,13.842,1.376,15.218,19.379
8291,12,11,25.4,14.112,1.443,15.556,19.757
8292,12,12,26.0,13.985,1.482,15.468,19.58
8293,12,13,26.7,14.11,1.557,15.667,19.754
8294,12,14,27.5,13.939,1.603,15.542,19.515
8295,12,15,28.3,13.889,1.662,15.551,19.445
8296,12,16,29.0,13.9,1.724,15.623,19.46
8297,12,17,29.6,13.643,1.743,15.385,19.1
8298,12,18,30.1,13.481,1.76,15.242,18.874
8299,12,19,30.4,13.498,1.787,15.285,18.898
8300,12,20,30.5,13.443,1.788,15.231,18.82
8301,12,21,30.4,13.166,1.743,14.909,18.432
8302,12,22,30.1,13.077,1.708,14.785,18.308
8303,12,23,29.6,13.123,1.676,14.799,18.372
8304,12,0,29.0,13.178,1.634,14.812,18.449
8305,12,1,28.3,13.189,1.578,14.767,18.464
8306,12,2,27.5,13.007,1.496,14.503,18.21
8307,12,3,26.7,13.405,1.479,14.884,18.767
8308,12,4,26.0,13.233,1.403,14.636,18.527
8309,12,5,25.4,13.369,1.367,14.736,18.716
8310,12,6,24.9,13.41,1.333,14.743,18.774
8311,12,7,24.6,13.875,1.354,15.229,19.425
8312,12,8,24.5,13.727,1.331,15.058,19.217
8313,12,9,24.6,13.701,1.337,15.039,19.182
8314,12,10,24.9,13.937,1.386,15.323,19.512
8315,12,11,25.4,13.968,1.429,15.397,19.555
8316,12,12,26.0,13.886,1.472,15.358,19.441
8317,12,13,26.7,13.975,1.542,15.517,19.565
8318,12,14,27.5,13.768,1.583,15.352,19.275
8319,12,15,28.3,13.737,1.644,15.381,19.232
8320,12,16,29.0,13.501,1.674,15.176,18.902
8321,12,17,29.6,13.472,1.721,15.193,18.861
8322,12,18,30.1,13.681,1.787,15.467,19.153
8323,12,19,30.4,13.559,1.795,15.354,18.983
8324,12,20,30.5,13.304,1.769,15.074,18.626
8325,12,21,30.4,13.38,1.771,15.151,18.732
8326,12,22,30.1,13.133,1.715,14.848,18.387
8327,12,23,29.6,13.084,1.671,14.756,18.318
8328,12,0,29.0,13.101,1.624,14.725,18.341
8329,12,1,28.3,13.096,1.567,14.663,18.335
8330,12,2,27.5,13.128,1.51,14.637,18.379
8331,12,3,26.7,13.328,1.471,14.799,18.659
8332,12,4,26.0,13.313,1.411,14.724,18.638
8333,12,5,25.4,13.466,1.377,14.844,18.853
8334,12,6,24.9,13.603,1.352,14.955,19.044
8335,12,7,24.6,13.644,1.332,14.975,19.101
8336,12,8,24.5,13.605,1.32,14.925,19.048
8337,12,9,24.6,13.651,1.333,14.984,19.112
8338,12,10,24.9,13.866,1.378,15.244,19.412
8339,12,11,25.4,13.874,1.419,15.293,19.424
8340,12,12,26.0,13.914,1.475,15.389,19.479
8341,12,13,26.7,13.89,1.533,15.422,19.445
8342,12,14,27.5,14.109,1.623,15.732,19.753
8343,12,15,28.3,13.653,1.634,15.287,19.115
8344,12,16,29.0,13.504,1.674,15.178,18.905
8345,12,17,29.6,13.638,1.742,15.38,19.093
8346,12,18,30.1,13.462,1.758,15.22,18.847
8347,12,19,30.4,13.427,1.778,15.204,18.797
8348,12,20,30.5,13.356,1.776,15.132,18.698
8349,12,21,30.4,13.342,1.766,15.108,18.679
8350,12,22,30.1,12.999,1.697,14.696,18.198
8351,12,23,29.6,13.053,1.667,14.72,18.274
8352,12,0,29.0,13.138,1.629,14.767,18.393
8353,12,1,28.3,13.186,1.578,14.764,18.46
8354,12,2,27.5,13.369,1.537,14.906,18.716
8355,12,3,26.7,13.309,1.469,14.778,18.633
8356,12,4,26.0,13.292,1.409,14.701,18.609
8357,12,5,25.4,13.306,1.361,14.667,18.629
8358,12,6,24.9,13.444,1.336,14.78,18.821
8359,12,7,24.6,13.546,1.322,14.868,18.964
8360,12,8,24.5,13.768,1.335,15.104,19.275
8361,12,9,24.6,13.812,1.348,15.16,19.337
8362,12,10,24.9,13.718,1.364,15.082,19.206
8363,12,11,25.4,13.848,1.416,15.264,19.387
8364,12,12,26.0,13.993,1.483,15.476,19.59
8365,12,13,26.7,13.926,1.537,15.463,19.497
8366,12,14,27.5,13.908,1.599,15.507,19.471
8367,12,15,28.3,13.825,1.654,15.479,19.355
8368,12,16,29.0,13.865,1.719,15.584,19.411
8369,12,17,29.6,13.628,1.741,15.369,19.08
8370,12,18,30.1,13.461,1.758,15.219,18.846
8371,12,19,30.4,13.304,1.761,15.065,18.625
8372,12,20,30.5,13.322,1.772,15.094,18.651
8373,12,21,30.4,12.97,1.717,14.687,18.157
8374,12,22,30.1,13.131,1.715,14.846,18.383
8375,12,23,29.6,13.088,1.672,14.76,18.324
8376,12,0,29.0,12.959,1.607,14.565,18.142
8377,12,1,28.3,13.016,1.557,14.573,18.222
8378,12,2,27.5,13.23,1.521,14.752,18.522
8379,12,3,26.7,13.237,1.461,14.697,18.531
8380,12,4,26.0,13.308,1.411,14.718,18.631
8381,12,5,25.4,13.426,1.373,14.799,18.796
8382,12,6,24.9,13.509,1.343,14.852,18.913
8383,12,7,24.6,13.729,1.34,15.069,19.221
8384,12,8,24.5,13.715,1.33,15.045,19.201
8385,12,9,24.6,13.641,1.332,14.972,19.097
8386,12,10,24.9,14.014,1.393,15.407,19.619
8387,12,11,25.4,13.928,1.424,15.353,19.5
8388,12,12,26.0,13.846,1.468,15.314,19.385
8389,12,13,26.7,13.766,1.519,15.285,19.272
8390,12,14,27.5,13.89,1.597,15.488,19.446
8391,12,15,28.3,13.775,1.648,15.423,19.285
8392,12,16,29.0,13.86,1.719,15.579,19.404
8393,12,17,29.6,13.57,1.733,15.304,18.998
8394,12,18,30.1,13.416,1.752,15.168,18.783
8395,12,19,30.4,13.485,1.785,15.27,18.879
8396,12,20,30.5,13.39,1.781,15.171,18.746
8397,12,21,30.4,13.23,1.752,14.982,18.523
8398,12,22,30.1,13.217,1.726,14.943,18.504
8399,12,23,29.6,13.105,1.674,14.779,18.347
8400,12,0,29.0,13.118,1.627,14.745,18.366
8401,12,1,28.3,13.225,1.583,14.808,18.515
8402,12,2,27.5,13.212,1.519,14.731,18.497
8403,12,3,26.7,13.197,1.456,14.653,18.475
8404,12,4,26.0,13.433,1.424,14.857,18.806
8405,12,5,25.4,13.159,1.346,14.504,18.422
8406,12,6,24.9,13.705,1.362,15.068,19.187
8407,12,7,24.6,13.434,1.311,14.746,18.808
8408,12,8,24.5,13.64,1.323,14.963,19.096
8409,12,9,24.6,13.782,1.345,15.128,19.295
8410,12,10,24.9,13.836,1.375,15.212,19.371
8411,12,11,25.4,13.992,1.431,15.423,19.589
8412,12,12,26.0,13.799,1.463,15.262,19.319
8413,12,13,26.7,13.917,1.536,15.453,19.484
8414,12,14,27.5,13.793,1.586,15.379,19.31
8415,12,15,28.3,13.816,1.653,15.469,19.342
8416,12,16,29.0,13.696,1.698,15.394,19.174
8417,12,17,29.6,13.614,1.739,15.353,19.06
8418,12,18,30.1,13.445,1.756,15.201,18.823
8419,12,19,30.4,13.344,1.767,15.111,18.682
8420,12,20,30.5,13.326,1.772,15.099,18.657
8421,12,21,30.4,13.308,1.762,15.07,18.631
8422,12,22,30.1,13.089,1.709,14.799,18.325
8423,12,23,29.6,13.022,1.663,14.685,18.231
8424,12,0,29.0,13.156,1.631,14.788,18.419
8425,12,1,28.3,13.106,1.568,14.674,18.348
8426,12,2,27.5,13.232,1.522,14.754,18.525
8427,12,3,26.7,13.123,1.448,14.571,18.372
8428,12,4,26.0,13.12,1.391,14.51,18.367
8429,12,5,25.4,13.342,1.365,14.706,18.679
8430,12,6,24.9,13.423,1.334,14.758,18.793
8431,12,7,24.6,13.597,1.327,14.924,19.036
8432,12,8,24.5,13.639,1.323,14.962,19.094
8433,12,9,24.6,13.86,1.353,15.213,19.405
8434,12,10,24.9,13.822,1.374,15.196,19.351
8435,12,11,25.4,13.906,1.422,15.328,19.469
8436,12,12,26.0,13.921,1.476,15.396,19.489
8437,12,13,26.7,13.911,1.535,15.446,19.475
8438,12,14,27.5,13.848,1.593,15.441,19.388
8439,12,15,28.3,13.837,1.656,15.493,19.372
8440,12,16,29.0,13.623,1.689,15.312,19.072
8441,12,17,29.6,13.745,1.756,15.5,19.243
8442,12,18,30.1,13.476,1.76,15.236,18.867
8443,12,19,30.4,13.264,1.756,15.02,18.57
8444,12,20,30.5,13.316,1.771,15.087,18.643
8445,12,21,30.4,13.129,1.738,14.867,18.38
8446,12,22,30.1,13.216,1.726,14.942,18.502
8447,12,23,29.6,13.33,1.703,15.032,18.662
8448,12,0,29.0,13.016,1.614,14.63,18.223
8449,12,1,28.3,13.142,1.573,14.715,18.399
8450,12,2,27.5,12.974,1.492,14.466,18.163
8451,12,3,26.7,13.259,1.463,14.722,18.563
8452,12,4,26.0,13.209,1.4,14.609,18.493
8453,12,5,25.4,13.333,1.364,14.696,18.666
8454,12,6,24.9,13.39,1.331,14.721,18.746
8455,12,7,24.6,13.678,1.335,15.013,19.149
8456,12,8,24.5,13.803,1.339,15.142,19.325
8457,12,9,24.6,13.789,1.346,15.135,19.304
8458,12,10,24.9,13.764,1.368,15.133,19.27
8459,12,11,25.4,14.05,1.437,15.487,19.67
8460,12,12,26.0,13.83,1.466,15.296,19.362
8461,12,13,26.7,13.675,1.509,15.184,19.145
8462,12,14,27.5,13.897,1.598,15.495,19.455
8463,12,15,28.3,13.676,1.636,15.312,19.146
8464,12,16,29.0,13.801,1.711,15.513,19.322
8465,12,17,29.6,13.567,1.733,15.3,18.993
8466,12,18,30.1,13.56,1.771,15.331,18.985
8467,12,19,30.4,13.535,1.792,15.327,18.949
8468,12,20,30.5,13.177,1.752,14.929,18.447
8469,12,21,30.4,13.157,1.742,14.899,18.42
8470,12,22,30.1,13.142,1.716,14.858,18.398
8471,12,23,29.6,13.263,1.694,14.957,18.568
8472,12,0,29.0,13.029,1.616,14.645,18.241
8473,12,1,28.3,13.049,1.561,14.611,18.269
8474,12,2,27.5,13.197,1.518,14.715,18.476
8475,12,3,26.7,13.156,1.452,14.608,18.418
8476,12,4,26.0,13.313,1.411,14.724,18.638
8477,12,5,25.4,13.24,1.354,14.594,18.536
8478,12,6,24.9,13.721,1.364,15.086,19.21
8479,12,7,24.6,13.47,1.315,14.785,18.858
8480,12,8,24.5,13.67,1.326,14.996,19.138
8481,12,9,24.6,13.783,1.345,15.129,19.296
8482,12,10,24.9,14.042,1.396,15.438,19.659
8483,12,11,25.4,13.759,1.407,15.166,19.262
8484,12,12,26.0,14.103,1.495,15.598,19.745
8485,12,13,26.7,13.967,1.541,15.508,19.554
8486,12,14,27.5,13.892,1.598,15.49,19.449
8487,12,15,28.3,13.688,1.638,15.326,19.163
8488,12,16,29.0,13.76,1.706,15.466,19.263
8489,12,17,29.6,13.532,1.728,15.261,18.945
8490,12,18,30.1,13.627,1.779,15.406,19.077
8491,12,19,30.4,13.298,1.76,15.059,18.617
8492,12,20,30.5,13.286,1.767,15.053,18.601
8493,12,21,30.4,13.158,1.742,14.9,18.421
8494,12,22,30.1,13.051,1.704,14.755,18.271
8495,12,23,29.6,13.183,1.684,14.867,18.456
8496,12,0,29.0,13.149,1.63,14.779,18.408
8497,12,1,28.3,13.23,1.583,14.813,18.522
8498,12,2,27.5,12.971,1.492,14.463,18.16
8499,12,3,26.7,13.32,1.47,14.79,18.648
8500,12,4,26.0,13.548,1.436,14.984,18.967
8501,12,5,25.4,13.35,1.365,14.715,18.69
8502,12,6,24.9,13.69,1.361,15.05,19.165
8503,12,7,24.6,13.579,1.325,14.904,19.01
8504,12,8,24.5,13.565,1.316,14.881,18.991
8505,12,9,24.6,13.756,1.343,15.099,19.258
8506,12,10,24.9,13.956,1.387,15.343,19.538
8507,12,11,25.4,13.807,1.412,15.219,19.33
8508,12,12,26.0,13.845,1.468,15.313,19.383
8509,12,13,26.7,13.951,1.539,15.49,19.531
8510,12,14,27.5,13.851,1.593,15.444,19.391
8511,12,15,28.3,13.845,1.657,15.501,19.383
8512,12,16,29.0,13.726,1.702,15.428,19.217
8513,12,17,29.6,13.653,1.744,15.397,19.114
8514,12,18,30.1,13.457,1.757,15.214,18.839
8515,12,19,30.4,13.418,1.776,15.195,18.786
8516,12,20,30.5,13.205,1.756,14.961,18.487
8517,12,21,30.4,13.342,1.766,15.109,18.679
8518,12,22,30.1,13.086,1.709,14.795,18.32
8519,12,23,29.6,13.222,1.689,14.91,18.51
8520,12,0,29.0,13.072,1.621,14.693,18.3
8521,12,1,28.3,13.129,1.571,14.7,18.381
8522,12,2,27.5,13.1,1.506,14.606,18.34
8523,12,3,26.7,13.112,1.447,14.559,18.357
8524,12,4,26.0,13.123,1.391,14.514,18.372
8525,12,5,25.4,13.29,1.359,14.649,18.606
8526,12,6,24.9,13.468,1.339,14.806,18.855
8527,12,7,24.6,13.626,1.33,14.956,19.076
8528,12,8,24.5,13.804,1.339,15.142,19.325
8529,12,9,24.6,13.742,1.341,15.083,19.239
8530,12,10,24.9,13.763,1.368,15.131,19.268
8531,12,11,25.4,13.747,1.406,15.153,19.246
8532,12,12,26.0,13.953,1.479,15.432,19.534
8533,12,13,26.7,14.03,1.548,15.578,19.641
8534,12,14,27.5,13.977,1.607,15.585,19.568
8535,12,15,28.3,13.857,1.658,15.516,19.4
8536,12,16,29.0,13.766,1.707,15.473,19.273
8537,12,17,29.6,13.775,1.759,15.534,19.284
8538,12,18,30.1,13.533,1.767,15.3,18.946
8539,12,19,30.4,13.46,1.782,15.242,18.844
8540,12,20,30.5,13.265,1.764,15.03,18.572
8541,12,21,30.4,13.077,1.731,14.809,18.308
8542,12,22,30.1,13.081,1.708,14.789,18.313
8543,12,23,29.6,13.108,1.674,14.782,18.351
8544,12,0,29.0,13.101,1.625,14.726,18.342
8545,12,1,28.3,13.301,1.592,14.893,18.622
8546,12,2,27.5,13.157,1.513,14.67,18.42
8547,12,3,26.7,13.332,1.471,14.803,18.664
8548,12,4,26.0,13.254,1.405,14.659,18.556
8549,12,5,25.4,13.364,1.367,14.731,18.71
8550,12,6,24.9,13.367,1.329,14.696,18.714
8551,12,7,24.6,13.531,1.321,14.851,18.943
8552,12,8,24.5,13.755,1.334,15.089,19.257
8553,12,9,24.6,13.787,1.346,15.133,19.302
8554,12,10,24.9,13.945,1.386,15.331,19.523
8555,12,11,25.4,13.909,1.423,15.332,19.473
8556,12,12,26.0,13.87,1.47,15.34,19.418
8557,12,13,26.7,14.106,1.556,15.663,19.748
8558,12,14,27.5,13.841,1.592,15.433,19.378
8559,12,15,28.3,13.903,1.664,15.566,19.464
8560,12,16,29.0,13.662,1.694,15.357,19.127
8561,12,17,29.6,13.676,1.747,15.423,19.146
8562,12,18,30.1,13.593,1.775,15.368,19.03
8563,12,19,30.4,13.416,1.776,15.192,18.782
8564,12,20,30.5,13.062,1.737,14.799,18.287
8565,12,21,30.4,13.215,1.75,14.965,18.502
8566,12,22,30.1,13.272,1.733,15.006,18.581
8567,12,23,29.6,13.162,1.681,14.843,18.426
8568,12,0,29.0,13.14,1.629,14.769,18.395
8569,12,1,28.3,12.937,1.548,14.485,18.111
8570,12,2,27.5,13.077,1.504,14.581,18.308
8571,12,3,26.7,13.255,1.463,14.717,18.557
8572,12,4,26.0,13.339,1.414,14.752,18.674
8573,12,5,25.4,13.517,1.382,14.899,18.923
8574,12,6,24.9,13.486,1.341,14.826,18.88
8575,12,7,24.6,13.645,1.332,14.977,19.104
8576,12,8,24.5,13.704,1.329,15.033,19.186
8577,12,9,24.6,13.688,1.336,15.024,19.163
8578,12,10,24.9,13.625,1.354,14.98,19.075
8579,12,11,25.4,13.934,1.425,15.359,19.508
8580,12,12,26.0,13.922,1.476,15.398,19.491
8581,12,13,26.7,13.829,1.526,15.355,19.361
8582,12,14,27.5,13.689,1.574,15.263,19.164
8583,12,15,28.3,13.849,1.657,15.507,19.389
8584,12,16,29.0,13.676,1.696,15.372,19.146
8585,12,17,29.6,13.661,1.745,15.405,19.125
8586,12,18,30.1,13.686,1.787,15.474,19.161
8587,12,19,30.4,13.181,1.745,14.926,18.453
8588,12,20,30.5,13.228,1.759,14.987,18.519
8589,12,21,30.4,13.193,1.747,14.939,18.47
8590,12,22,30.1,13.295,1.736,15.031,18.613
8591,12,23,29.6,12.945,1.653,14.599,18.123
8592,12,0,29.0,13.289,1.648,14.936,18.604
8593,12,1,28.3,13.122,1.57,14.693,18.371
8594,12,2,27.5,13.14,1.511,14.651,18.396
8595,12,3,26.7,13.194,1.456,14.65,18.471
8596,12,4,26.0,13.254,1.405,14.659,18.555
8597,12,5,25.4,13.5,1.381,14.881,18.9
8598,12,6,24.9,13.393,1.331,14.725,18.75
8599,12,7,24.6,13.639,1.331,14.971,19.095
8600,12,8,24.5,13.664,1.325,14.989,19.13
8601,12,9,24.6,13.71,1.338,15.048,19.194
8602,12,10,24.9,14.109,1.403,15.512,19.753
8603,12,11,25.4,13.933,1.425,15.358,19.506
8604,12,12,26.0,13.966,1.48,15.447,19.553
8605,12,13,26.7,14.005,1.545,15.55,19.607
8606,12,14,27.5,13.709,1.576,15.285,19.192
8607,12,15,28.3,13.962,1.671,15.632,19.546
8608,12,16,29.0,13.452,1.668,15.12,18.832
8609,12,17,29.6,13.528,1.728,15.256,18.939
8610,12,18,30.1,13.454,1.757,15.211,18.836
8611,12,19,30.4,13.453,1.781,15.234,18.835
8612,12,20,30.5,13.319,1.771,15.091,18.647
8613,12,21,30.4,13.197,1.747,14.944,18.476
8614,12,22,30.1,13.148,1.717,14.865,18.407
8615,12,23,29.6,13.011,1.662,14.673,18.215
8616,12,0,29.0,12.945,1.605,14.55,18.123
8617,12,1,28.3,13.181,1.577,14.759,18.454
8618,12,2,27.5,13.219,1.52,14.739,18.506
8619,12,3,26.7,13.372,1.475,14.848,18.721
8620,12,4,26.0,13.218,1.401,14.62,18.506
8621,12,5,25.4,13.464,1.377,14.841,18.85
8622,12,6,24.9,13.472,1.339,14.811,18.86
8623,12,7,24.6,13.724,1.34,15.064,19.213
8624,12,8,24.5,13.805,1.339,15.144,19.327
8625,12,9,24.6,13.807,1.348,15.155,19.33
8626,12,10,24.9,13.817,1.374,15.19,19.344
8627,12,11,25.4,13.987,1.431,15.418,19.582
8628,12,12,26.0,13.97,1.481,15.45,19.558
8629,12,13,26.7,13.823,1.525,15.348,19.352
8630,12,14,27.5,13.718,1.578,15.296,19.205
8631,12,15,28.3,13.758,1.646,15.404,19.261
8632,12,16,29.0,13.854,1.718,15.572,19.396
8633,12,17,29.6,13.719,1.752,15.472,19.207
8634,12,18,30.1,13.389,1.748,15.137,18.744
8635,12,19,30.4,13.278,1.758,15.036,18.59
8636,12,20,30.5,13.425,1.786,15.21,18.795
8637,12,21,30.4,13.1,1.734,14.834,18.34
8638,12,22,30.1,13.2,1.724,14.924,18.48
8639,12,23,29.6,13.047,1.666,14.714,18.266
8640,1,0,29.0,11.802,1.463,13.265,16.522
8641,1,1,28.3,11.575,1.385,12.96,16.205
8642,1,2,27.5,11.803,1.357,13.16,16.524
8643,1,3,26.7,11.764,1.298,13.062,16.469
8644,1,4,26.0,11.845,1.256,13.101,16.583
8645,1,5,25.4,11.71,1.198,12.907,16.394
8646,1,6,24.9,11.78,1.171,12.951,16.492
8647,1,7,24.6,12.071,1.178,13.249,16.9
8648,1,8,24.5,12.205,1.184,13.389,17.087
8649,1,9,24.6,12.142,1.185,13.327,16.999
8650,1,10,24.9,12.203,1.213,13.416,17.084
8651,1,11,25.4,12.404,1.269,13.672,17.365
8652,1,12,26.0,12.416,1.316,13.732,17.383
8653,1,13,26.7,12.334,1.361,13.695,17.268
8654,1,14,27.5,12.39,1.425,13.815,17.346
8655,1,15,28.3,12.137,1.452,13.589,16.992
8656,1,16,29.0,12.144,1.506,13.65,17.002
8657,1,17,29.6,12.258,1.566,13.824,17.161
8658,1,18,30.1,12.007,1.568,13.575,16.81
8659,1,19,30.4,11.919,1.578,13.497,16.687
8660,1,20,30.5,12.051,1.603,13.653,16.871
8661,1,21,30.4,11.606,1.536,13.142,16.248
8662,1,22,30.1,11.768,1.537,13.305,16.475
8663,1,23,29.6,11.819,1.51,13.328,16.546
8664,1,0,29.0,11.608,1.439,13.047,16.251
8665,1,1,28.3,11.738,1.405,13.143,16.434
8666,1,2,27.5,11.59,1.333,12.923,16.226
8667,1,3,26.7,11.677,1.288,12.965,16.347
8668,1,4,26.0,11.858,1.257,13.115,16.602
8669,1,5,25.4,11.987,1.226,13.213,16.781
8670,1,6,24.9,12.112,1.204,13.316,16.957
8671,1,7,24.6,12.25,1.196,13.446,17.15
8672,1,8,24.5,12.173,1.181,13.354,17.043
8673,1,9,24.6,12.374,1.208,13.582,17.323
8674,1,10,24.9,12.278,1.221,13.498,17.189
8675,1,11,25.4,12.438,1.272,13.71,17.413
8676,1,12,26.0,12.381,1.312,13.693,17.333
8677,1,13,26.7,12.392,1.367,13.76,17.349
8678,1,14,27.5,12.354,1.421,13.775,17.296
8679,1,15,28.3,12.094,1.447,13.541,16.932
8680,1,16,29.0,12.068,1.496,13.564,16.895
8681,1,17,29.6,12.103,1.546,13.649,16.945
8682,1,18,30.1,11.831,1.545,13.376,16.564
8683,1,19,30.4,11.99,1.587,13.577,16.786
8684,1,20,30.5,11.907,1.584,13.491,16.67
8685,1,21,30.4,11.778,1.559,13.337,16.489
8686,1,22,30.1,11.576,1.512,13.088,16.207
8687,1,23,29.6,11.79,1.506,13.296,16.506
8688,1,0,29.0,11.844,1.469,13.312,16.581
8689,1,1,28.3,11.667,1.396,13.063,16.334
8690,1,2,27.5,11.739,1.35,13.089,16.435
8691,1,3,26.7,11.766,1.298,13.064,16.472
8692,1,4,26.0,11.873,1.259,13.132,16.622
8693,1,5,25.4,11.895,1.217,13.111,16.653
8694,1,6,24.9,11.997,1.193,13.189,16.795
8695,1,7,24.6,12.184,1.189,13.373,17.057
8696,1,8,24.5,12.415,1.204,13.619,17.38
8697,1,9,24.6,12.115,1.183,13.297,16.96
8698,1,10,24.9,12.301,1.223,13.524,17.222
8699,1,11,25.4,12.23,1.251,13.48,17.122
8700,1,12,26.0,12.519,1.327,13.846,17.527
8701,1,13,26.7,12.289,1.356,13.645,17.205
8702,1,14,27.5,12.167,1.399,13.567,17.034
8703,1,15,28.3,12.318,1.474,13.792,17.246
8704,1,16,29.0,12.354,1.532,13.886,17.296
8705,1,17,29.6,12.16,1.553,13.713,17.023
8706,1,18,30.1,12.02,1.57,13.59,16.829
8707,1,19,30.4,11.948,1.582,13.529,16.727
8708,1,20,30.5,11.961,1.591,13.552,16.746
8709,1,21,30.4,11.658,1.543,13.201,16.321
8710,1,22,30.1,11.677,1.525,13.202,16.348
8711,1,23,29.6,11.607,1.483,13.09,16.25
8712,1,0,29.0,11.523,1.429,12.952,16.132
8713,1,1,28.3,11.619,1.39,13.01,16.267
8714,1,2,27.5,11.799,1.357,13.156,16.519
8715,1,3,26.7,11.802,1.302,13.104,16.523
8716,1,4,26.0,11.884,1.26,13.144,16.638
8717,1,5,25.4,11.921,1.219,13.141,16.69
8718,1,6,24.9,12.052,1.198,13.25,16.873
8719,1,7,24.6,12.013,1.173,13.186,16.818
8720,1,8,24.5,12.149,1.178,13.328,17.009
8721,1,9,24.6,12.274,1.198,13.472,17.183
8722,1,10,24.9,12.34,1.227,13.566,17.275
8723,1,11,25.4,12.38,1.266,13.646,17.332
8724,1,12,26.0,12.346,1.309,13.655,17.285
8725,1,13,26.7,12.31,1.358,13.668,17.234
8726,1,14,27.5,12.628,1.452,14.08,17.679
8727,1,15,28.3,12.345,1.477,13.822,17.283
8728,1,16,29.0,12.221,1.515,13.737,17.11
8729,1,17,29.6,12.07,1.542,13.612,16.898
8730,1,18,30.1,11.955,1.561,13.516,16.737
8731,1,19,30.4,11.894,1.575,13.468,16.651
8732,1,20,30.5,11.849,1.576,13.425,16.589
8733,1,21,30.4,11.557,1.53,13.087,16.18
8734,1,22,30.1,11.531,1.506,13.037,16.144
8735,1,23,29.6,11.589,1.48,13.069,16.224
8736,1,0,29.0,11.661,1.446,13.107,16.325
8737,1,1,28.3,11.628,1.391,13.02,16.28
8738,1,2,27.5,11.836,1.361,13.197,16.57
8739,1,3,26.7,11.597,1.28,12.877,16.236
8740,1,4,26.0,11.745,1.245,12.99,16.443
8741,1,5,25.4,12.059,1.233,13.292,16.882
8742,1,6,24.9,12.013,1.194,13.207,16.818
8743,1,7,24.6,12.182,1.189,13.371,17.054
8744,1,8,24.5,12.385,1.201,13.586,17.339
8745,1,9,24.6,12.185,1.189,13.375,17.059
8746,1,10,24.9,12.302,1.223,13.525,17.223
8747,1,11,25.4,12.32,1.26,13.581,17.249
8748,1,12,26.0,12.165,1.289,13.454,17.03
8749,1,13,26.7,12.317,1.359,13.676,17.243
8750,1,14,27.5,12.4,1.426,13.826,17.36
8751,1,15,28.3,12.309,1.473,13.781,17.232
8752,1,16,29.0,12.242,1.518,13.76,17.139
8753,1,17,29.6,12.056,1.54,13.595,16.878
8754,1,18,30.1,11.934,1.558,13.493,16.708
8755,1,19,30.4,12.034,1.593,13.627,16.847
8756,1,20,30.5,11.77,1.565,13.336,16.478
8757,1,21,30.4,11.775,1.559,13.334,16.485
8758,1,22,30.1,11.705,1.528,13.233,16.386
8759,1,23,29.6,11.798,1.507,13.305,16.518
